2025-05-05 20:40:20.272  INFO 92277 --- [Test worker] c.a.l.i.SimulationServiceIntegrationTest : Starting SimulationServiceIntegrationTest using Java 23.0.2 on MacBook-Pro.local with PID 92277 (started by seongminsohn in /Users/seongminsohn/Desktop/2025Spring/416/lifetime-financial-planner)
2025-05-05 20:40:20.272  INFO 92277 --- [Test worker] c.a.l.i.SimulationServiceIntegrationTest : No active profile set, falling back to 1 default profile: "default"
2025-05-05 20:40:20.754  INFO 92277 --- [Test worker] .s.d.r.c.RepositoryConfigurationDelegate : Bootstrapping Spring Data JPA repositories in DEFAULT mode.
2025-05-05 20:40:20.799  INFO 92277 --- [Test worker] .s.d.r.c.RepositoryConfigurationDelegate : Finished Spring Data repository scanning in 40 ms. Found 11 JPA repository interfaces.
2025-05-05 20:40:20.874  WARN 92277 --- [Test worker] o.m.s.mapper.ClassPathMapperScanner      : No MyBatis mapper was found in '[com.app.lifetimefinancialplanner]' package. Please check your configuration.
2025-05-05 20:40:21.142  INFO 92277 --- [Test worker] com.zaxxer.hikari.HikariDataSource       : HikariPool-1 - Starting...
2025-05-05 20:40:21.557  INFO 92277 --- [Test worker] com.zaxxer.hikari.HikariDataSource       : HikariPool-1 - Start completed.
2025-05-05 20:40:21.615  INFO 92277 --- [Test worker] o.hibernate.jpa.internal.util.LogHelper  : HHH000204: Processing PersistenceUnitInfo [name: default]
2025-05-05 20:40:21.649  INFO 92277 --- [Test worker] org.hibernate.Version                    : HHH000412: Hibernate ORM core version 5.6.15.Final
2025-05-05 20:40:21.742  INFO 92277 --- [Test worker] o.hibernate.annotations.common.Version   : HCANN000001: Hibernate Commons Annotations {5.1.2.Final}
2025-05-05 20:40:21.809  INFO 92277 --- [Test worker] org.hibernate.dialect.Dialect            : HHH000400: Using dialect: org.hibernate.dialect.Oracle10gDialect
2025-05-05 20:40:24.452  WARN 92277 --- [Test worker] o.h.t.s.i.ExceptionHandlerLoggedImpl     : GenerationTarget encountered exception accepting command : Error executing DDL "alter table simulation_year_expense_breakdown add constraint FK3ftiapvoyj13f22xjb28pc9tf foreign key (sim_year_id) references tbl_simulation_year" via JDBC Statement

org.hibernate.tool.schema.spi.CommandAcceptanceException: Error executing DDL "alter table simulation_year_expense_breakdown add constraint FK3ftiapvoyj13f22xjb28pc9tf foreign key (sim_year_id) references tbl_simulation_year" via JDBC Statement
	at org.hibernate.tool.schema.internal.exec.GenerationTargetToDatabase.accept(GenerationTargetToDatabase.java:67) ~[hibernate-core-5.6.15.Final.jar:5.6.15.Final]
	at org.hibernate.tool.schema.internal.AbstractSchemaMigrator.applySqlString(AbstractSchemaMigrator.java:581) ~[hibernate-core-5.6.15.Final.jar:5.6.15.Final]
	at org.hibernate.tool.schema.internal.AbstractSchemaMigrator.applySqlStrings(AbstractSchemaMigrator.java:526) ~[hibernate-core-5.6.15.Final.jar:5.6.15.Final]
	at org.hibernate.tool.schema.internal.AbstractSchemaMigrator.applyForeignKeys(AbstractSchemaMigrator.java:452) ~[hibernate-core-5.6.15.Final.jar:5.6.15.Final]
	at org.hibernate.tool.schema.internal.AbstractSchemaMigrator.performMigration(AbstractSchemaMigrator.java:263) ~[hibernate-core-5.6.15.Final.jar:5.6.15.Final]
	at org.hibernate.tool.schema.internal.AbstractSchemaMigrator.doMigration(AbstractSchemaMigrator.java:123) ~[hibernate-core-5.6.15.Final.jar:5.6.15.Final]
	at org.hibernate.tool.schema.spi.SchemaManagementToolCoordinator.performDatabaseAction(SchemaManagementToolCoordinator.java:196) ~[hibernate-core-5.6.15.Final.jar:5.6.15.Final]
	at org.hibernate.tool.schema.spi.SchemaManagementToolCoordinator.process(SchemaManagementToolCoordinator.java:85) ~[hibernate-core-5.6.15.Final.jar:5.6.15.Final]
	at org.hibernate.internal.SessionFactoryImpl.<init>(SessionFactoryImpl.java:335) ~[hibernate-core-5.6.15.Final.jar:5.6.15.Final]
	at org.hibernate.boot.internal.SessionFactoryBuilderImpl.build(SessionFactoryBuilderImpl.java:471) ~[hibernate-core-5.6.15.Final.jar:5.6.15.Final]
	at org.hibernate.jpa.boot.internal.EntityManagerFactoryBuilderImpl.build(EntityManagerFactoryBuilderImpl.java:1498) ~[hibernate-core-5.6.15.Final.jar:5.6.15.Final]
	at org.springframework.orm.jpa.vendor.SpringHibernateJpaPersistenceProvider.createContainerEntityManagerFactory(SpringHibernateJpaPersistenceProvider.java:58) ~[spring-orm-5.3.30.jar:5.3.30]
	at org.springframework.orm.jpa.LocalContainerEntityManagerFactoryBean.createNativeEntityManagerFactory(LocalContainerEntityManagerFactoryBean.java:365) ~[spring-orm-5.3.30.jar:5.3.30]
	at org.springframework.orm.jpa.AbstractEntityManagerFactoryBean.buildNativeEntityManagerFactory(AbstractEntityManagerFactoryBean.java:409) ~[spring-orm-5.3.30.jar:5.3.30]
	at org.springframework.orm.jpa.AbstractEntityManagerFactoryBean.afterPropertiesSet(AbstractEntityManagerFactoryBean.java:396) ~[spring-orm-5.3.30.jar:5.3.30]
	at org.springframework.orm.jpa.LocalContainerEntityManagerFactoryBean.afterPropertiesSet(LocalContainerEntityManagerFactoryBean.java:341) ~[spring-orm-5.3.30.jar:5.3.30]
	at org.springframework.beans.factory.support.AbstractAutowireCapableBeanFactory.invokeInitMethods(AbstractAutowireCapableBeanFactory.java:1863) ~[spring-beans-5.3.30.jar:5.3.30]
	at org.springframework.beans.factory.support.AbstractAutowireCapableBeanFactory.initializeBean(AbstractAutowireCapableBeanFactory.java:1800) ~[spring-beans-5.3.30.jar:5.3.30]
	at org.springframework.beans.factory.support.AbstractAutowireCapableBeanFactory.doCreateBean(AbstractAutowireCapableBeanFactory.java:620) ~[spring-beans-5.3.30.jar:5.3.30]
	at org.springframework.beans.factory.support.AbstractAutowireCapableBeanFactory.createBean(AbstractAutowireCapableBeanFactory.java:542) ~[spring-beans-5.3.30.jar:5.3.30]
	at org.springframework.beans.factory.support.AbstractBeanFactory.lambda$doGetBean$0(AbstractBeanFactory.java:335) ~[spring-beans-5.3.30.jar:5.3.30]
	at org.springframework.beans.factory.support.DefaultSingletonBeanRegistry.getSingleton(DefaultSingletonBeanRegistry.java:234) ~[spring-beans-5.3.30.jar:5.3.30]
	at org.springframework.beans.factory.support.AbstractBeanFactory.doGetBean(AbstractBeanFactory.java:333) ~[spring-beans-5.3.30.jar:5.3.30]
	at org.springframework.beans.factory.support.AbstractBeanFactory.getBean(AbstractBeanFactory.java:208) ~[spring-beans-5.3.30.jar:5.3.30]
	at org.springframework.context.support.AbstractApplicationContext.getBean(AbstractApplicationContext.java:1160) ~[spring-context-5.3.30.jar:5.3.30]
	at org.springframework.context.support.AbstractApplicationContext.finishBeanFactoryInitialization(AbstractApplicationContext.java:911) ~[spring-context-5.3.30.jar:5.3.30]
	at org.springframework.context.support.AbstractApplicationContext.refresh(AbstractApplicationContext.java:583) ~[spring-context-5.3.30.jar:5.3.30]
	at org.springframework.boot.SpringApplication.refresh(SpringApplication.java:731) ~[spring-boot-2.7.16.jar:2.7.16]
	at org.springframework.boot.SpringApplication.refreshContext(SpringApplication.java:408) ~[spring-boot-2.7.16.jar:2.7.16]
	at org.springframework.boot.SpringApplication.run(SpringApplication.java:307) ~[spring-boot-2.7.16.jar:2.7.16]
	at org.springframework.boot.test.context.SpringBootContextLoader.loadContext(SpringBootContextLoader.java:136) ~[spring-boot-test-2.7.16.jar:2.7.16]
	at org.springframework.test.context.cache.DefaultCacheAwareContextLoaderDelegate.loadContextInternal(DefaultCacheAwareContextLoaderDelegate.java:141) ~[spring-test-5.3.30.jar:5.3.30]
	at org.springframework.test.context.cache.DefaultCacheAwareContextLoaderDelegate.loadContext(DefaultCacheAwareContextLoaderDelegate.java:90) ~[spring-test-5.3.30.jar:5.3.30]
	at org.springframework.test.context.support.DefaultTestContext.getApplicationContext(DefaultTestContext.java:124) ~[spring-test-5.3.30.jar:5.3.30]
	at org.springframework.test.context.web.ServletTestExecutionListener.setUpRequestContextIfNecessary(ServletTestExecutionListener.java:190) ~[spring-test-5.3.30.jar:5.3.30]
	at org.springframework.test.context.web.ServletTestExecutionListener.prepareTestInstance(ServletTestExecutionListener.java:132) ~[spring-test-5.3.30.jar:5.3.30]
	at org.springframework.test.context.TestContextManager.prepareTestInstance(TestContextManager.java:248) ~[spring-test-5.3.30.jar:5.3.30]
	at org.springframework.test.context.junit.jupiter.SpringExtension.postProcessTestInstance(SpringExtension.java:138) ~[spring-test-5.3.30.jar:5.3.30]
	at org.junit.jupiter.engine.descriptor.ClassBasedTestDescriptor.lambda$invokeTestInstancePostProcessors$8(ClassBasedTestDescriptor.java:363) ~[junit-jupiter-engine-5.8.2.jar:5.8.2]
	at org.junit.jupiter.engine.descriptor.ClassBasedTestDescriptor.executeAndMaskThrowable(ClassBasedTestDescriptor.java:368) ~[junit-jupiter-engine-5.8.2.jar:5.8.2]
	at org.junit.jupiter.engine.descriptor.ClassBasedTestDescriptor.lambda$invokeTestInstancePostProcessors$9(ClassBasedTestDescriptor.java:363) ~[junit-jupiter-engine-5.8.2.jar:5.8.2]
	at java.base/java.util.stream.ReferencePipeline$3$1.accept(ReferencePipeline.java:215) ~[na:na]
	at java.base/java.util.stream.ReferencePipeline$2$1.accept(ReferencePipeline.java:197) ~[na:na]
	at java.base/java.util.ArrayList$ArrayListSpliterator.forEachRemaining(ArrayList.java:1709) ~[na:na]
	at java.base/java.util.stream.AbstractPipeline.copyInto(AbstractPipeline.java:570) ~[na:na]
	at java.base/java.util.stream.AbstractPipeline.wrapAndCopyInto(AbstractPipeline.java:560) ~[na:na]
	at java.base/java.util.stream.StreamSpliterators$WrappingSpliterator.forEachRemaining(StreamSpliterators.java:315) ~[na:na]
	at java.base/java.util.stream.Streams$ConcatSpliterator.forEachRemaining(Streams.java:735) ~[na:na]
	at java.base/java.util.stream.Streams$ConcatSpliterator.forEachRemaining(Streams.java:734) ~[na:na]
	at java.base/java.util.stream.ReferencePipeline$Head.forEach(ReferencePipeline.java:807) ~[na:na]
	at org.junit.jupiter.engine.descriptor.ClassBasedTestDescriptor.invokeTestInstancePostProcessors(ClassBasedTestDescriptor.java:362) ~[junit-jupiter-engine-5.8.2.jar:5.8.2]
	at org.junit.jupiter.engine.descriptor.ClassBasedTestDescriptor.lambda$instantiateAndPostProcessTestInstance$6(ClassBasedTestDescriptor.java:283) ~[junit-jupiter-engine-5.8.2.jar:5.8.2]
	at org.junit.platform.engine.support.hierarchical.ThrowableCollector.execute(ThrowableCollector.java:73) ~[junit-platform-engine-1.8.2.jar:1.8.2]
	at org.junit.jupiter.engine.descriptor.ClassBasedTestDescriptor.instantiateAndPostProcessTestInstance(ClassBasedTestDescriptor.java:282) ~[junit-jupiter-engine-5.8.2.jar:5.8.2]
	at org.junit.jupiter.engine.descriptor.ClassBasedTestDescriptor.lambda$testInstancesProvider$4(ClassBasedTestDescriptor.java:272) ~[junit-jupiter-engine-5.8.2.jar:5.8.2]
	at java.base/java.util.Optional.orElseGet(Optional.java:364) ~[na:na]
	at org.junit.jupiter.engine.descriptor.ClassBasedTestDescriptor.lambda$testInstancesProvider$5(ClassBasedTestDescriptor.java:271) ~[junit-jupiter-engine-5.8.2.jar:5.8.2]
	at org.junit.jupiter.engine.execution.TestInstancesProvider.getTestInstances(TestInstancesProvider.java:31) ~[junit-jupiter-engine-5.8.2.jar:5.8.2]
	at org.junit.jupiter.engine.descriptor.TestMethodTestDescriptor.lambda$prepare$0(TestMethodTestDescriptor.java:102) ~[junit-jupiter-engine-5.8.2.jar:5.8.2]
	at org.junit.platform.engine.support.hierarchical.ThrowableCollector.execute(ThrowableCollector.java:73) ~[junit-platform-engine-1.8.2.jar:1.8.2]
	at org.junit.jupiter.engine.descriptor.TestMethodTestDescriptor.prepare(TestMethodTestDescriptor.java:101) ~[junit-jupiter-engine-5.8.2.jar:5.8.2]
	at org.junit.jupiter.engine.descriptor.TestMethodTestDescriptor.prepare(TestMethodTestDescriptor.java:66) ~[junit-jupiter-engine-5.8.2.jar:5.8.2]
	at org.junit.platform.engine.support.hierarchical.NodeTestTask.lambda$prepare$2(NodeTestTask.java:123) ~[junit-platform-engine-1.8.2.jar:1.8.2]
	at org.junit.platform.engine.support.hierarchical.ThrowableCollector.execute(ThrowableCollector.java:73) ~[junit-platform-engine-1.8.2.jar:1.8.2]
	at org.junit.platform.engine.support.hierarchical.NodeTestTask.prepare(NodeTestTask.java:123) ~[junit-platform-engine-1.8.2.jar:1.8.2]
	at org.junit.platform.engine.support.hierarchical.NodeTestTask.execute(NodeTestTask.java:90) ~[junit-platform-engine-1.8.2.jar:1.8.2]
	at java.base/java.util.ArrayList.forEach(ArrayList.java:1597) ~[na:na]
	at org.junit.platform.engine.support.hierarchical.SameThreadHierarchicalTestExecutorService.invokeAll(SameThreadHierarchicalTestExecutorService.java:41) ~[junit-platform-engine-1.8.2.jar:1.8.2]
	at org.junit.platform.engine.support.hierarchical.NodeTestTask.lambda$executeRecursively$6(NodeTestTask.java:155) ~[junit-platform-engine-1.8.2.jar:1.8.2]
	at org.junit.platform.engine.support.hierarchical.ThrowableCollector.execute(ThrowableCollector.java:73) ~[junit-platform-engine-1.8.2.jar:1.8.2]
	at org.junit.platform.engine.support.hierarchical.NodeTestTask.lambda$executeRecursively$8(NodeTestTask.java:141) ~[junit-platform-engine-1.8.2.jar:1.8.2]
	at org.junit.platform.engine.support.hierarchical.Node.around(Node.java:137) ~[junit-platform-engine-1.8.2.jar:1.8.2]
	at org.junit.platform.engine.support.hierarchical.NodeTestTask.lambda$executeRecursively$9(NodeTestTask.java:139) ~[junit-platform-engine-1.8.2.jar:1.8.2]
	at org.junit.platform.engine.support.hierarchical.ThrowableCollector.execute(ThrowableCollector.java:73) ~[junit-platform-engine-1.8.2.jar:1.8.2]
	at org.junit.platform.engine.support.hierarchical.NodeTestTask.executeRecursively(NodeTestTask.java:138) ~[junit-platform-engine-1.8.2.jar:1.8.2]
	at org.junit.platform.engine.support.hierarchical.NodeTestTask.execute(NodeTestTask.java:95) ~[junit-platform-engine-1.8.2.jar:1.8.2]
	at java.base/java.util.ArrayList.forEach(ArrayList.java:1597) ~[na:na]
	at org.junit.platform.engine.support.hierarchical.SameThreadHierarchicalTestExecutorService.invokeAll(SameThreadHierarchicalTestExecutorService.java:41) ~[junit-platform-engine-1.8.2.jar:1.8.2]
	at org.junit.platform.engine.support.hierarchical.NodeTestTask.lambda$executeRecursively$6(NodeTestTask.java:155) ~[junit-platform-engine-1.8.2.jar:1.8.2]
	at org.junit.platform.engine.support.hierarchical.ThrowableCollector.execute(ThrowableCollector.java:73) ~[junit-platform-engine-1.8.2.jar:1.8.2]
	at org.junit.platform.engine.support.hierarchical.NodeTestTask.lambda$executeRecursively$8(NodeTestTask.java:141) ~[junit-platform-engine-1.8.2.jar:1.8.2]
	at org.junit.platform.engine.support.hierarchical.Node.around(Node.java:137) ~[junit-platform-engine-1.8.2.jar:1.8.2]
	at org.junit.platform.engine.support.hierarchical.NodeTestTask.lambda$executeRecursively$9(NodeTestTask.java:139) ~[junit-platform-engine-1.8.2.jar:1.8.2]
	at org.junit.platform.engine.support.hierarchical.ThrowableCollector.execute(ThrowableCollector.java:73) ~[junit-platform-engine-1.8.2.jar:1.8.2]
	at org.junit.platform.engine.support.hierarchical.NodeTestTask.executeRecursively(NodeTestTask.java:138) ~[junit-platform-engine-1.8.2.jar:1.8.2]
	at org.junit.platform.engine.support.hierarchical.NodeTestTask.execute(NodeTestTask.java:95) ~[junit-platform-engine-1.8.2.jar:1.8.2]
	at org.junit.platform.engine.support.hierarchical.SameThreadHierarchicalTestExecutorService.submit(SameThreadHierarchicalTestExecutorService.java:35) ~[junit-platform-engine-1.8.2.jar:1.8.2]
	at org.junit.platform.engine.support.hierarchical.HierarchicalTestExecutor.execute(HierarchicalTestExecutor.java:57) ~[junit-platform-engine-1.8.2.jar:1.8.2]
	at org.junit.platform.engine.support.hierarchical.HierarchicalTestEngine.execute(HierarchicalTestEngine.java:54) ~[junit-platform-engine-1.8.2.jar:1.8.2]
	at org.junit.platform.launcher.core.EngineExecutionOrchestrator.execute(EngineExecutionOrchestrator.java:107) ~[junit-platform-launcher-1.8.2.jar:1.8.2]
	at org.junit.platform.launcher.core.EngineExecutionOrchestrator.execute(EngineExecutionOrchestrator.java:88) ~[junit-platform-launcher-1.8.2.jar:1.8.2]
	at org.junit.platform.launcher.core.EngineExecutionOrchestrator.lambda$execute$0(EngineExecutionOrchestrator.java:54) ~[junit-platform-launcher-1.8.2.jar:1.8.2]
	at org.junit.platform.launcher.core.EngineExecutionOrchestrator.withInterceptedStreams(EngineExecutionOrchestrator.java:67) ~[junit-platform-launcher-1.8.2.jar:1.8.2]
	at org.junit.platform.launcher.core.EngineExecutionOrchestrator.execute(EngineExecutionOrchestrator.java:52) ~[junit-platform-launcher-1.8.2.jar:1.8.2]
	at org.junit.platform.launcher.core.DefaultLauncher.execute(DefaultLauncher.java:114) ~[junit-platform-launcher-1.8.2.jar:1.8.2]
	at org.junit.platform.launcher.core.DefaultLauncher.execute(DefaultLauncher.java:86) ~[junit-platform-launcher-1.8.2.jar:1.8.2]
	at org.junit.platform.launcher.core.DefaultLauncherSession$DelegatingLauncher.execute(DefaultLauncherSession.java:86) ~[junit-platform-launcher-1.8.2.jar:1.8.2]
	at org.gradle.api.internal.tasks.testing.junitplatform.JUnitPlatformTestClassProcessor$CollectAllTestClassesExecutor.processAllTestClasses(JUnitPlatformTestClassProcessor.java:124) ~[na:na]
	at org.gradle.api.internal.tasks.testing.junitplatform.JUnitPlatformTestClassProcessor$CollectAllTestClassesExecutor.access$000(JUnitPlatformTestClassProcessor.java:99) ~[na:na]
	at org.gradle.api.internal.tasks.testing.junitplatform.JUnitPlatformTestClassProcessor.stop(JUnitPlatformTestClassProcessor.java:94) ~[na:na]
	at org.gradle.api.internal.tasks.testing.SuiteTestClassProcessor.stop(SuiteTestClassProcessor.java:63) ~[na:na]
	at java.base/jdk.internal.reflect.DirectMethodHandleAccessor.invoke(DirectMethodHandleAccessor.java:103) ~[na:na]
	at java.base/java.lang.reflect.Method.invoke(Method.java:580) ~[na:na]
	at org.gradle.internal.dispatch.ReflectionDispatch.dispatch(ReflectionDispatch.java:36) ~[na:na]
	at org.gradle.internal.dispatch.ReflectionDispatch.dispatch(ReflectionDispatch.java:24) ~[na:na]
	at org.gradle.internal.dispatch.ContextClassLoaderDispatch.dispatch(ContextClassLoaderDispatch.java:33) ~[na:na]
	at org.gradle.internal.dispatch.ProxyDispatchAdapter$DispatchingInvocationHandler.invoke(ProxyDispatchAdapter.java:92) ~[na:na]
	at jdk.proxy2/jdk.proxy2.$Proxy6.stop(Unknown Source) ~[na:na]
	at org.gradle.api.internal.tasks.testing.worker.TestWorker$3.run(TestWorker.java:200) ~[na:na]
	at org.gradle.api.internal.tasks.testing.worker.TestWorker.executeAndMaintainThreadName(TestWorker.java:132) ~[na:na]
	at org.gradle.api.internal.tasks.testing.worker.TestWorker.execute(TestWorker.java:103) ~[na:na]
	at org.gradle.api.internal.tasks.testing.worker.TestWorker.execute(TestWorker.java:63) ~[na:na]
	at org.gradle.process.internal.worker.child.ActionExecutionWorker.execute(ActionExecutionWorker.java:56) ~[na:na]
	at org.gradle.process.internal.worker.child.SystemApplicationClassLoaderWorker.call(SystemApplicationClassLoaderWorker.java:121) ~[na:na]
	at org.gradle.process.internal.worker.child.SystemApplicationClassLoaderWorker.call(SystemApplicationClassLoaderWorker.java:71) ~[na:na]
	at worker.org.gradle.process.internal.worker.GradleWorkerMain.run(GradleWorkerMain.java:69) ~[gradle-worker.jar:na]
	at worker.org.gradle.process.internal.worker.GradleWorkerMain.main(GradleWorkerMain.java:74) ~[gradle-worker.jar:na]
Caused by: java.sql.SQLIntegrityConstraintViolationException: ORA-02298: cannot validate (LFP.FK3FTIAPVOYJ13F22XJB28PC9TF) - parent keys not found

	at oracle.jdbc.driver.T4CTTIoer11.processError(T4CTTIoer11.java:630) ~[ojdbc8-21.5.0.0.jar:21.5.0.0.0]
	at oracle.jdbc.driver.T4CTTIoer11.processError(T4CTTIoer11.java:564) ~[ojdbc8-21.5.0.0.jar:21.5.0.0.0]
	at oracle.jdbc.driver.T4C8Oall.processError(T4C8Oall.java:1151) ~[ojdbc8-21.5.0.0.jar:21.5.0.0.0]
	at oracle.jdbc.driver.T4CTTIfun.receive(T4CTTIfun.java:771) ~[ojdbc8-21.5.0.0.jar:21.5.0.0.0]
	at oracle.jdbc.driver.T4CTTIfun.doRPC(T4CTTIfun.java:299) ~[ojdbc8-21.5.0.0.jar:21.5.0.0.0]
	at oracle.jdbc.driver.T4C8Oall.doOALL(T4C8Oall.java:498) ~[ojdbc8-21.5.0.0.jar:21.5.0.0.0]
	at oracle.jdbc.driver.T4CStatement.doOall8(T4CStatement.java:112) ~[ojdbc8-21.5.0.0.jar:21.5.0.0.0]
	at oracle.jdbc.driver.T4CStatement.executeForRows(T4CStatement.java:1011) ~[ojdbc8-21.5.0.0.jar:21.5.0.0.0]
	at oracle.jdbc.driver.OracleStatement.executeSQLStatement(OracleStatement.java:1531) ~[ojdbc8-21.5.0.0.jar:21.5.0.0.0]
	at oracle.jdbc.driver.OracleStatement.doExecuteWithTimeout(OracleStatement.java:1311) ~[ojdbc8-21.5.0.0.jar:21.5.0.0.0]
	at oracle.jdbc.driver.OracleStatement.executeInternal(OracleStatement.java:2163) ~[ojdbc8-21.5.0.0.jar:21.5.0.0.0]
	at oracle.jdbc.driver.OracleStatement.execute(OracleStatement.java:2118) ~[ojdbc8-21.5.0.0.jar:21.5.0.0.0]
	at oracle.jdbc.driver.OracleStatementWrapper.execute(OracleStatementWrapper.java:328) ~[ojdbc8-21.5.0.0.jar:21.5.0.0.0]
	at com.zaxxer.hikari.pool.ProxyStatement.execute(ProxyStatement.java:94) ~[HikariCP-4.0.3.jar:na]
	at com.zaxxer.hikari.pool.HikariProxyStatement.execute(HikariProxyStatement.java) ~[HikariCP-4.0.3.jar:na]
	at org.hibernate.tool.schema.internal.exec.GenerationTargetToDatabase.accept(GenerationTargetToDatabase.java:54) ~[hibernate-core-5.6.15.Final.jar:5.6.15.Final]
	... 116 common frames omitted
Caused by: oracle.jdbc.OracleDatabaseException: ORA-02298: cannot validate (LFP.FK3FTIAPVOYJ13F22XJB28PC9TF) - parent keys not found

	at oracle.jdbc.driver.T4CTTIoer11.processError(T4CTTIoer11.java:637) ~[ojdbc8-21.5.0.0.jar:21.5.0.0.0]
	... 131 common frames omitted

2025-05-05 20:40:24.841  INFO 92277 --- [Test worker] o.h.e.t.j.p.i.JtaPlatformInitiator       : HHH000490: Using JtaPlatform implementation: [org.hibernate.engine.transaction.jta.platform.internal.NoJtaPlatform]
2025-05-05 20:40:24.856  INFO 92277 --- [Test worker] j.LocalContainerEntityManagerFactoryBean : Initialized JPA EntityManagerFactory for persistence unit 'default'
2025-05-05 20:40:25.340  WARN 92277 --- [Test worker] o.mybatis.spring.SqlSessionFactoryBean   : Property 'mapperLocations' was specified but matching resources are not found.
2025-05-05 20:40:25.491  WARN 92277 --- [Test worker] JpaBaseConfiguration$JpaWebConfiguration : spring.jpa.open-in-view is enabled by default. Therefore, database queries may be performed during view rendering. Explicitly configure spring.jpa.open-in-view to disable this warning
2025-05-05 20:40:25.814  INFO 92277 --- [Test worker] c.a.l.i.SimulationServiceIntegrationTest : Started SimulationServiceIntegrationTest in 5.737 seconds (JVM running for 6.454)
2025-05-05 20:40:26.185  INFO 92277 --- [Test worker] c.a.l.service.InvestEventServiceImpl     : Withdrew 100.0 for expenses from Investment ID: 1
2025-05-05 20:40:26.186  INFO 92277 --- [Test worker] c.a.l.service.InvestEventServiceImpl     : Withdrew 2000.0 for expenses from Investment ID: 3
2025-05-05 20:40:26.186  INFO 92277 --- [Test worker] c.a.l.service.InvestEventServiceImpl     : Withdrew 475.003364006892131319255 for expenses from Investment ID: 4
2025-05-05 20:40:26.186  INFO 92277 --- [Test worker] c.a.l.service.InvestEventServiceImpl     : Total expenses withdrawn this year: 2575.003364006892131319255
2025-05-05 20:40:26.243  INFO 92277 --- [Test worker] c.a.l.service.InvestEventServiceImpl     : Withdrew 0.02709077862712793 for expenses from Investment ID: 3
2025-05-05 20:40:26.243  INFO 92277 --- [Test worker] c.a.l.service.InvestEventServiceImpl     : Withdrew 9515.54720793833 for expenses from Investment ID: 4
2025-05-05 20:40:26.243  INFO 92277 --- [Test worker] c.a.l.service.InvestEventServiceImpl     : Withdrew 1998.0461040385364 for expenses from Investment ID: 5
2025-05-05 20:40:26.243  INFO 92277 --- [Test worker] c.a.l.service.InvestEventServiceImpl     : Withdrew 3008.676818414509527498400 for expenses from Investment ID: 2
2025-05-05 20:40:26.244  INFO 92277 --- [Test worker] c.a.l.service.InvestEventServiceImpl     : Total expenses withdrawn this year: 14522.297221170003055428400
2025-05-05 20:40:26.265  INFO 92277 --- [Test worker] c.a.l.service.InvestEventServiceImpl     : Withdrew 0.037659968843072024 for expenses from Investment ID: 3
2025-05-05 20:40:26.265  INFO 92277 --- [Test worker] c.a.l.service.InvestEventServiceImpl     : Withdrew 0.08820002188192748 for expenses from Investment ID: 4
2025-05-05 20:40:26.265  INFO 92277 --- [Test worker] c.a.l.service.InvestEventServiceImpl     : Withdrew 0.06120279461250496 for expenses from Investment ID: 5
2025-05-05 20:40:26.265  INFO 92277 --- [Test worker] c.a.l.service.InvestEventServiceImpl     : Withdrew 6974.505008291499 for expenses from Investment ID: 2
2025-05-05 20:40:26.265  INFO 92277 --- [Test worker] c.a.l.service.InvestEventServiceImpl     : Total expenses withdrawn this year: 6974.692071076836504464
2025-05-05 20:40:26.289  INFO 92277 --- [Test worker] c.a.l.service.InvestEventServiceImpl     : Withdrew 0.03095225280757216 for expenses from Investment ID: 3
2025-05-05 20:40:26.289  INFO 92277 --- [Test worker] c.a.l.service.InvestEventServiceImpl     : Withdrew 0.08029083834939327 for expenses from Investment ID: 4
2025-05-05 20:40:26.289  INFO 92277 --- [Test worker] c.a.l.service.InvestEventServiceImpl     : Withdrew 0.05481875956928625 for expenses from Investment ID: 5
2025-05-05 20:40:26.289  INFO 92277 --- [Test worker] c.a.l.service.InvestEventServiceImpl     : Withdrew 0.07032759159619441 for expenses from Investment ID: 2
2025-05-05 20:40:26.289  INFO 92277 --- [Test worker] c.a.l.service.InvestEventServiceImpl     : Total expenses withdrawn this year: 0.23638944232244609
2025-05-05 20:40:26.311  INFO 92277 --- [Test worker] c.a.l.service.InvestEventServiceImpl     : Withdrew 0.01464188302146872 for expenses from Investment ID: 3
2025-05-05 20:40:26.312  INFO 92277 --- [Test worker] c.a.l.service.InvestEventServiceImpl     : Withdrew 0.09061121935410289 for expenses from Investment ID: 4
2025-05-05 20:40:26.312  INFO 92277 --- [Test worker] c.a.l.service.InvestEventServiceImpl     : Withdrew 0.06233168275776532 for expenses from Investment ID: 5
2025-05-05 20:40:26.312  INFO 92277 --- [Test worker] c.a.l.service.InvestEventServiceImpl     : Withdrew 0.02154043061326681 for expenses from Investment ID: 2
2025-05-05 20:40:26.312  INFO 92277 --- [Test worker] c.a.l.service.InvestEventServiceImpl     : Total expenses withdrawn this year: 0.18912521574660374
2025-05-05 20:40:26.332  INFO 92277 --- [Test worker] c.a.l.service.InvestEventServiceImpl     : Withdrew 0.021879704705213852 for expenses from Investment ID: 3
2025-05-05 20:40:26.332  INFO 92277 --- [Test worker] c.a.l.service.InvestEventServiceImpl     : Withdrew 0.047690538827974874 for expenses from Investment ID: 4
2025-05-05 20:40:26.332  INFO 92277 --- [Test worker] c.a.l.service.InvestEventServiceImpl     : Withdrew 0.07426110797697548 for expenses from Investment ID: 5
2025-05-05 20:40:26.332  INFO 92277 --- [Test worker] c.a.l.service.InvestEventServiceImpl     : Withdrew 0.0766999909736287 for expenses from Investment ID: 2
2025-05-05 20:40:26.332  INFO 92277 --- [Test worker] c.a.l.service.InvestEventServiceImpl     : Total expenses withdrawn this year: 0.220531342483792906
2025-05-05 20:40:26.350  INFO 92277 --- [Test worker] c.a.l.service.InvestEventServiceImpl     : Withdrew 0.046577117142996186 for expenses from Investment ID: 3
2025-05-05 20:40:26.350  INFO 92277 --- [Test worker] c.a.l.service.InvestEventServiceImpl     : Withdrew 0.08962095043531682 for expenses from Investment ID: 4
2025-05-05 20:40:26.350  INFO 92277 --- [Test worker] c.a.l.service.InvestEventServiceImpl     : Withdrew 0.0793060483480112 for expenses from Investment ID: 5
2025-05-05 20:40:26.351  INFO 92277 --- [Test worker] c.a.l.service.InvestEventServiceImpl     : Withdrew 0.057225865715099876 for expenses from Investment ID: 2
2025-05-05 20:40:26.351  INFO 92277 --- [Test worker] c.a.l.service.InvestEventServiceImpl     : Total expenses withdrawn this year: 0.272729981641424082
2025-05-05 20:40:26.368  INFO 92277 --- [Test worker] c.a.l.service.InvestEventServiceImpl     : Withdrew 0.01809063115819309 for expenses from Investment ID: 3
2025-05-05 20:40:26.369  INFO 92277 --- [Test worker] c.a.l.service.InvestEventServiceImpl     : Withdrew 0.07997797830268256 for expenses from Investment ID: 4
2025-05-05 20:40:26.369  INFO 92277 --- [Test worker] c.a.l.service.InvestEventServiceImpl     : Withdrew 0.023158151939116217 for expenses from Investment ID: 5
2025-05-05 20:40:26.369  INFO 92277 --- [Test worker] c.a.l.service.InvestEventServiceImpl     : Withdrew 0.09417422275811965 for expenses from Investment ID: 2
2025-05-05 20:40:26.369  INFO 92277 --- [Test worker] c.a.l.service.InvestEventServiceImpl     : Total expenses withdrawn this year: 0.215400984158111517
2025-05-05 20:40:26.392  INFO 92277 --- [Test worker] c.a.l.service.InvestEventServiceImpl     : Withdrew 0.04478963192399093 for expenses from Investment ID: 3
2025-05-05 20:40:26.393  INFO 92277 --- [Test worker] c.a.l.service.InvestEventServiceImpl     : Withdrew 0.0740493142594443 for expenses from Investment ID: 4
2025-05-05 20:40:26.393  INFO 92277 --- [Test worker] c.a.l.service.InvestEventServiceImpl     : Withdrew 0.08830803869643741 for expenses from Investment ID: 5
2025-05-05 20:40:26.393  INFO 92277 --- [Test worker] c.a.l.service.InvestEventServiceImpl     : Withdrew 0.046381077176800393 for expenses from Investment ID: 2
2025-05-05 20:40:26.393  INFO 92277 --- [Test worker] c.a.l.service.InvestEventServiceImpl     : Total expenses withdrawn this year: 0.253528062056673033
2025-05-05 20:40:26.412  INFO 92277 --- [Test worker] c.a.l.service.InvestEventServiceImpl     : Withdrew 0.019980286308827873 for expenses from Investment ID: 3
2025-05-05 20:40:26.412  INFO 92277 --- [Test worker] c.a.l.service.InvestEventServiceImpl     : Withdrew 0.05264535085789843 for expenses from Investment ID: 4
2025-05-05 20:40:26.412  INFO 92277 --- [Test worker] c.a.l.service.InvestEventServiceImpl     : Withdrew 0.08120152159192748 for expenses from Investment ID: 5
2025-05-05 20:40:26.412  INFO 92277 --- [Test worker] c.a.l.service.InvestEventServiceImpl     : Withdrew 0.07349137655116514 for expenses from Investment ID: 2
2025-05-05 20:40:26.413  INFO 92277 --- [Test worker] c.a.l.service.InvestEventServiceImpl     : Total expenses withdrawn this year: 0.227318535309818923
2025-05-05 20:40:26.431  INFO 92277 --- [Test worker] c.a.l.service.InvestEventServiceImpl     : Withdrew 0.03997539904971172 for expenses from Investment ID: 3
2025-05-05 20:40:26.431  INFO 92277 --- [Test worker] c.a.l.service.InvestEventServiceImpl     : Withdrew 0.08377940426553197 for expenses from Investment ID: 4
2025-05-05 20:40:26.431  INFO 92277 --- [Test worker] c.a.l.service.InvestEventServiceImpl     : Withdrew 0.044986438933672816 for expenses from Investment ID: 5
2025-05-05 20:40:26.431  INFO 92277 --- [Test worker] c.a.l.service.InvestEventServiceImpl     : Withdrew 0.03765113403351137 for expenses from Investment ID: 2
2025-05-05 20:40:26.431  INFO 92277 --- [Test worker] c.a.l.service.InvestEventServiceImpl     : Total expenses withdrawn this year: 0.206392376282427876
2025-05-05 20:40:26.449  INFO 92277 --- [Test worker] c.a.l.service.InvestEventServiceImpl     : Withdrew 0.030359099234629382 for expenses from Investment ID: 3
2025-05-05 20:40:26.449  INFO 92277 --- [Test worker] c.a.l.service.InvestEventServiceImpl     : Withdrew 0.10389916557772211 for expenses from Investment ID: 4
2025-05-05 20:40:26.449  INFO 92277 --- [Test worker] c.a.l.service.InvestEventServiceImpl     : Withdrew 0.028196587552220813 for expenses from Investment ID: 5
2025-05-05 20:40:26.449  INFO 92277 --- [Test worker] c.a.l.service.InvestEventServiceImpl     : Withdrew 0.06308465122976205 for expenses from Investment ID: 2
2025-05-05 20:40:26.449  INFO 92277 --- [Test worker] c.a.l.service.InvestEventServiceImpl     : Total expenses withdrawn this year: 0.225539503594334355
2025-05-05 20:40:26.467  INFO 92277 --- [Test worker] c.a.l.service.InvestEventServiceImpl     : Withdrew 0.029752645341694636 for expenses from Investment ID: 3
2025-05-05 20:40:26.467  INFO 92277 --- [Test worker] c.a.l.service.InvestEventServiceImpl     : Withdrew 0.07216323772478846 for expenses from Investment ID: 4
2025-05-05 20:40:26.467  INFO 92277 --- [Test worker] c.a.l.service.InvestEventServiceImpl     : Withdrew 0.07020632330517695 for expenses from Investment ID: 5
2025-05-05 20:40:26.467  INFO 92277 --- [Test worker] c.a.l.service.InvestEventServiceImpl     : Withdrew 0.10130805252054642 for expenses from Investment ID: 2
2025-05-05 20:40:26.467  INFO 92277 --- [Test worker] c.a.l.service.InvestEventServiceImpl     : Total expenses withdrawn this year: 0.273430258892206466
2025-05-05 20:40:26.485  INFO 92277 --- [Test worker] c.a.l.service.InvestEventServiceImpl     : Withdrew 0.01936793823608472 for expenses from Investment ID: 3
2025-05-05 20:40:26.485  INFO 92277 --- [Test worker] c.a.l.service.InvestEventServiceImpl     : Withdrew 0.10154770926283437 for expenses from Investment ID: 4
2025-05-05 20:40:26.485  INFO 92277 --- [Test worker] c.a.l.service.InvestEventServiceImpl     : Withdrew 0.04274440002559871 for expenses from Investment ID: 5
2025-05-05 20:40:26.485  INFO 92277 --- [Test worker] c.a.l.service.InvestEventServiceImpl     : Withdrew 0.09113427414262383 for expenses from Investment ID: 2
2025-05-05 20:40:26.485  INFO 92277 --- [Test worker] c.a.l.service.InvestEventServiceImpl     : Total expenses withdrawn this year: 0.25479432166714163
2025-05-05 20:40:26.504  INFO 92277 --- [Test worker] c.a.l.service.InvestEventServiceImpl     : Withdrew 0.0364099650298554 for expenses from Investment ID: 3
2025-05-05 20:40:26.505  INFO 92277 --- [Test worker] c.a.l.service.InvestEventServiceImpl     : Withdrew 0.08224223173268762 for expenses from Investment ID: 4
2025-05-05 20:40:26.505  INFO 92277 --- [Test worker] c.a.l.service.InvestEventServiceImpl     : Withdrew 0.07982237945336647 for expenses from Investment ID: 5
2025-05-05 20:40:26.505  INFO 92277 --- [Test worker] c.a.l.service.InvestEventServiceImpl     : Withdrew 0.05094797079262556 for expenses from Investment ID: 2
2025-05-05 20:40:26.505  INFO 92277 --- [Test worker] c.a.l.service.InvestEventServiceImpl     : Total expenses withdrawn this year: 0.24942254700853505
2025-05-05 20:40:26.526  INFO 92277 --- [Test worker] c.a.l.service.InvestEventServiceImpl     : Withdrew 0.02662445102432788 for expenses from Investment ID: 3
2025-05-05 20:40:26.526  INFO 92277 --- [Test worker] c.a.l.service.InvestEventServiceImpl     : Withdrew 0.054312946553200785 for expenses from Investment ID: 4
2025-05-05 20:40:26.526  INFO 92277 --- [Test worker] c.a.l.service.InvestEventServiceImpl     : Withdrew 0.06719532769109407 for expenses from Investment ID: 5
2025-05-05 20:40:26.526  INFO 92277 --- [Test worker] c.a.l.service.InvestEventServiceImpl     : Withdrew 0.05763037423383683 for expenses from Investment ID: 2
2025-05-05 20:40:26.526  INFO 92277 --- [Test worker] c.a.l.service.InvestEventServiceImpl     : Total expenses withdrawn this year: 0.205763099502459565
2025-05-05 20:40:26.545  INFO 92277 --- [Test worker] c.a.l.service.InvestEventServiceImpl     : Withdrew 0.024371796587976308 for expenses from Investment ID: 3
2025-05-05 20:40:26.545  INFO 92277 --- [Test worker] c.a.l.service.InvestEventServiceImpl     : Withdrew 0.06259972729827705 for expenses from Investment ID: 4
2025-05-05 20:40:26.545  INFO 92277 --- [Test worker] c.a.l.service.InvestEventServiceImpl     : Withdrew 0.06704318413661045 for expenses from Investment ID: 5
2025-05-05 20:40:26.545  INFO 92277 --- [Test worker] c.a.l.service.InvestEventServiceImpl     : Withdrew 0.08219489655008132 for expenses from Investment ID: 2
2025-05-05 20:40:26.545  INFO 92277 --- [Test worker] c.a.l.service.InvestEventServiceImpl     : Total expenses withdrawn this year: 0.236209604572945128
2025-05-05 20:40:26.563  INFO 92277 --- [Test worker] c.a.l.service.InvestEventServiceImpl     : Withdrew 0.03525164636710119 for expenses from Investment ID: 3
2025-05-05 20:40:26.564  INFO 92277 --- [Test worker] c.a.l.service.InvestEventServiceImpl     : Withdrew 0.09547291234292955 for expenses from Investment ID: 4
2025-05-05 20:40:26.564  INFO 92277 --- [Test worker] c.a.l.service.InvestEventServiceImpl     : Withdrew 0.03356234640112283 for expenses from Investment ID: 5
2025-05-05 20:40:26.564  INFO 92277 --- [Test worker] c.a.l.service.InvestEventServiceImpl     : Withdrew 0.06034410774233576 for expenses from Investment ID: 2
2025-05-05 20:40:26.564  INFO 92277 --- [Test worker] c.a.l.service.InvestEventServiceImpl     : Total expenses withdrawn this year: 0.22463101285348933
2025-05-05 20:40:26.584  INFO 92277 --- [Test worker] c.a.l.service.InvestEventServiceImpl     : Withdrew 0.0220470211557527 for expenses from Investment ID: 3
2025-05-05 20:40:26.584  INFO 92277 --- [Test worker] c.a.l.service.InvestEventServiceImpl     : Withdrew 0.10708519740525971 for expenses from Investment ID: 4
2025-05-05 20:40:26.584  INFO 92277 --- [Test worker] c.a.l.service.InvestEventServiceImpl     : Withdrew 0.06433699909982556 for expenses from Investment ID: 5
2025-05-05 20:40:26.584  INFO 92277 --- [Test worker] c.a.l.service.InvestEventServiceImpl     : Withdrew 0.06545823262620605 for expenses from Investment ID: 2
2025-05-05 20:40:26.584  INFO 92277 --- [Test worker] c.a.l.service.InvestEventServiceImpl     : Total expenses withdrawn this year: 0.25892745028704402
2025-05-05 20:40:26.606  INFO 92277 --- [Test worker] c.a.l.service.InvestEventServiceImpl     : Withdrew 0.04435358765246522 for expenses from Investment ID: 3
2025-05-05 20:40:26.606  INFO 92277 --- [Test worker] c.a.l.service.InvestEventServiceImpl     : Withdrew 0.07263509546231932 for expenses from Investment ID: 4
2025-05-05 20:40:26.606  INFO 92277 --- [Test worker] c.a.l.service.InvestEventServiceImpl     : Withdrew 0.03285409974149644 for expenses from Investment ID: 5
2025-05-05 20:40:26.606  INFO 92277 --- [Test worker] c.a.l.service.InvestEventServiceImpl     : Withdrew 0.06895794648056512 for expenses from Investment ID: 2
2025-05-05 20:40:26.607  INFO 92277 --- [Test worker] c.a.l.service.InvestEventServiceImpl     : Total expenses withdrawn this year: 0.21880072933684610
2025-05-05 20:40:26.626  INFO 92277 --- [Test worker] c.a.l.service.InvestEventServiceImpl     : Withdrew 0.03298939825318883 for expenses from Investment ID: 3
2025-05-05 20:40:26.626  INFO 92277 --- [Test worker] c.a.l.service.InvestEventServiceImpl     : Withdrew 0.047392492015646354 for expenses from Investment ID: 4
2025-05-05 20:40:26.627  INFO 92277 --- [Test worker] c.a.l.service.InvestEventServiceImpl     : Withdrew 0.04187536800021221 for expenses from Investment ID: 5
2025-05-05 20:40:26.627  INFO 92277 --- [Test worker] c.a.l.service.InvestEventServiceImpl     : Withdrew 0.10643939118729391 for expenses from Investment ID: 2
2025-05-05 20:40:26.627  INFO 92277 --- [Test worker] c.a.l.service.InvestEventServiceImpl     : Total expenses withdrawn this year: 0.228696649456341304
2025-05-05 20:40:26.649  INFO 92277 --- [Test worker] c.a.l.service.InvestEventServiceImpl     : Withdrew 0.022681605400781627 for expenses from Investment ID: 3
2025-05-05 20:40:26.649  INFO 92277 --- [Test worker] c.a.l.service.InvestEventServiceImpl     : Withdrew 0.0684365805045463 for expenses from Investment ID: 4
2025-05-05 20:40:26.649  INFO 92277 --- [Test worker] c.a.l.service.InvestEventServiceImpl     : Withdrew 0.09688918659380658 for expenses from Investment ID: 5
2025-05-05 20:40:26.649  INFO 92277 --- [Test worker] c.a.l.service.InvestEventServiceImpl     : Withdrew 0.07697361883659781 for expenses from Investment ID: 2
2025-05-05 20:40:26.650  INFO 92277 --- [Test worker] c.a.l.service.InvestEventServiceImpl     : Total expenses withdrawn this year: 0.264980991335732317
2025-05-05 20:40:26.671  INFO 92277 --- [Test worker] c.a.l.service.InvestEventServiceImpl     : Withdrew 0.02365518133584403 for expenses from Investment ID: 3
2025-05-05 20:40:26.671  INFO 92277 --- [Test worker] c.a.l.service.InvestEventServiceImpl     : Withdrew 0.07284664172818464 for expenses from Investment ID: 4
2025-05-05 20:40:26.672  INFO 92277 --- [Test worker] c.a.l.service.InvestEventServiceImpl     : Withdrew 0.0550770678545755 for expenses from Investment ID: 5
2025-05-05 20:40:26.672  INFO 92277 --- [Test worker] c.a.l.service.InvestEventServiceImpl     : Withdrew 0.052030983116542105 for expenses from Investment ID: 2
2025-05-05 20:40:26.672  INFO 92277 --- [Test worker] c.a.l.service.InvestEventServiceImpl     : Total expenses withdrawn this year: 0.203609874035146275
2025-05-05 20:40:26.700  INFO 92277 --- [Test worker] c.a.l.service.InvestEventServiceImpl     : Withdrew 0.04031436863557618 for expenses from Investment ID: 3
2025-05-05 20:40:26.701  INFO 92277 --- [Test worker] c.a.l.service.InvestEventServiceImpl     : Withdrew 0.07353151182620775 for expenses from Investment ID: 4
2025-05-05 20:40:26.701  INFO 92277 --- [Test worker] c.a.l.service.InvestEventServiceImpl     : Withdrew 0.08828341189548676 for expenses from Investment ID: 5
2025-05-05 20:40:26.701  INFO 92277 --- [Test worker] c.a.l.service.InvestEventServiceImpl     : Withdrew 0.059464577690689455 for expenses from Investment ID: 2
2025-05-05 20:40:26.701  INFO 92277 --- [Test worker] c.a.l.service.InvestEventServiceImpl     : Total expenses withdrawn this year: 0.261593870047960145
2025-05-05 20:40:26.725  INFO 92277 --- [Test worker] c.a.l.service.InvestEventServiceImpl     : Withdrew 0.035367223252547104 for expenses from Investment ID: 3
2025-05-05 20:40:26.725  INFO 92277 --- [Test worker] c.a.l.service.InvestEventServiceImpl     : Withdrew 0.02924633705895461 for expenses from Investment ID: 4
2025-05-05 20:40:26.726  INFO 92277 --- [Test worker] c.a.l.service.InvestEventServiceImpl     : Withdrew 0.07352865549338852 for expenses from Investment ID: 5
2025-05-05 20:40:26.726  INFO 92277 --- [Test worker] c.a.l.service.InvestEventServiceImpl     : Withdrew 0.09083477354460472 for expenses from Investment ID: 2
2025-05-05 20:40:26.726  INFO 92277 --- [Test worker] c.a.l.service.InvestEventServiceImpl     : Total expenses withdrawn this year: 0.228976989349494954
2025-05-05 20:40:26.750  INFO 92277 --- [Test worker] c.a.l.service.InvestEventServiceImpl     : Withdrew 0.02765663587476093 for expenses from Investment ID: 3
2025-05-05 20:40:26.750  INFO 92277 --- [Test worker] c.a.l.service.InvestEventServiceImpl     : Withdrew 0.05463082604481706 for expenses from Investment ID: 4
2025-05-05 20:40:26.750  INFO 92277 --- [Test worker] c.a.l.service.InvestEventServiceImpl     : Withdrew 0.09470731507809073 for expenses from Investment ID: 5
2025-05-05 20:40:26.750  INFO 92277 --- [Test worker] c.a.l.service.InvestEventServiceImpl     : Withdrew 0.09299933717974913 for expenses from Investment ID: 2
2025-05-05 20:40:26.750  INFO 92277 --- [Test worker] c.a.l.service.InvestEventServiceImpl     : Total expenses withdrawn this year: 0.26999411417741785
2025-05-05 20:40:26.772  INFO 92277 --- [Test worker] c.a.l.service.InvestEventServiceImpl     : Withdrew 0.04813828579423903 for expenses from Investment ID: 3
2025-05-05 20:40:26.772  INFO 92277 --- [Test worker] c.a.l.service.InvestEventServiceImpl     : Withdrew 0.05310656806314796 for expenses from Investment ID: 4
2025-05-05 20:40:26.772  INFO 92277 --- [Test worker] c.a.l.service.InvestEventServiceImpl     : Withdrew 0.05907796096839851 for expenses from Investment ID: 5
2025-05-05 20:40:26.772  INFO 92277 --- [Test worker] c.a.l.service.InvestEventServiceImpl     : Withdrew 0.09500955970634982 for expenses from Investment ID: 2
2025-05-05 20:40:26.772  INFO 92277 --- [Test worker] c.a.l.service.InvestEventServiceImpl     : Total expenses withdrawn this year: 0.25533237453213532
2025-05-05 20:40:26.794  INFO 92277 --- [Test worker] c.a.l.service.InvestEventServiceImpl     : Withdrew 0.04763960552428825 for expenses from Investment ID: 3
2025-05-05 20:40:26.795  INFO 92277 --- [Test worker] c.a.l.service.InvestEventServiceImpl     : Withdrew 0.0543851594368742 for expenses from Investment ID: 4
2025-05-05 20:40:26.795  INFO 92277 --- [Test worker] c.a.l.service.InvestEventServiceImpl     : Withdrew 0.0977065473503357 for expenses from Investment ID: 5
2025-05-05 20:40:26.795  INFO 92277 --- [Test worker] c.a.l.service.InvestEventServiceImpl     : Withdrew 0.07083675556177503 for expenses from Investment ID: 2
2025-05-05 20:40:26.795  INFO 92277 --- [Test worker] c.a.l.service.InvestEventServiceImpl     : Total expenses withdrawn this year: 0.27056806787327318
2025-05-05 20:40:26.818  INFO 92277 --- [Test worker] c.a.l.service.InvestEventServiceImpl     : Withdrew 0.013499927868778511 for expenses from Investment ID: 3
2025-05-05 20:40:26.818  INFO 92277 --- [Test worker] c.a.l.service.InvestEventServiceImpl     : Withdrew 0.04140991490607135 for expenses from Investment ID: 4
2025-05-05 20:40:26.818  INFO 92277 --- [Test worker] c.a.l.service.InvestEventServiceImpl     : Withdrew 0.077757226663034 for expenses from Investment ID: 5
2025-05-05 20:40:26.818  INFO 92277 --- [Test worker] c.a.l.service.InvestEventServiceImpl     : Withdrew 0.11869009293060767 for expenses from Investment ID: 2
2025-05-05 20:40:26.818  INFO 92277 --- [Test worker] c.a.l.service.InvestEventServiceImpl     : Total expenses withdrawn this year: 0.251357162368491531
2025-05-05 20:40:26.841  INFO 92277 --- [Test worker] c.a.l.service.InvestEventServiceImpl     : Withdrew 0.036010951645992856 for expenses from Investment ID: 3
2025-05-05 20:40:26.841  INFO 92277 --- [Test worker] c.a.l.service.InvestEventServiceImpl     : Withdrew 0.044279012064917404 for expenses from Investment ID: 4
2025-05-05 20:40:26.841  INFO 92277 --- [Test worker] c.a.l.service.InvestEventServiceImpl     : Withdrew 0.062034840498893525 for expenses from Investment ID: 5
2025-05-05 20:40:26.841  INFO 92277 --- [Test worker] c.a.l.service.InvestEventServiceImpl     : Withdrew 0.0918134565559239 for expenses from Investment ID: 2
2025-05-05 20:40:26.841  INFO 92277 --- [Test worker] c.a.l.service.InvestEventServiceImpl     : Total expenses withdrawn this year: 0.234138260765727685
2025-05-05 20:40:26.862  INFO 92277 --- [Test worker] c.a.l.service.InvestEventServiceImpl     : Withdrew 0.030900110433808418 for expenses from Investment ID: 3
2025-05-05 20:40:26.862  INFO 92277 --- [Test worker] c.a.l.service.InvestEventServiceImpl     : Withdrew 0.051724908438503345 for expenses from Investment ID: 4
2025-05-05 20:40:26.862  INFO 92277 --- [Test worker] c.a.l.service.InvestEventServiceImpl     : Withdrew 0.04631585122505922 for expenses from Investment ID: 5
2025-05-05 20:40:26.862  INFO 92277 --- [Test worker] c.a.l.service.InvestEventServiceImpl     : Withdrew 0.08062008996765006 for expenses from Investment ID: 2
2025-05-05 20:40:26.862  INFO 92277 --- [Test worker] c.a.l.service.InvestEventServiceImpl     : Total expenses withdrawn this year: 0.209560960065021043
2025-05-05 20:40:26.882  INFO 92277 --- [Test worker] c.a.l.service.InvestEventServiceImpl     : Withdrew 0.035939971909868446 for expenses from Investment ID: 3
2025-05-05 20:40:26.883  INFO 92277 --- [Test worker] c.a.l.service.InvestEventServiceImpl     : Withdrew 0.08552704907058208 for expenses from Investment ID: 4
2025-05-05 20:40:26.883  INFO 92277 --- [Test worker] c.a.l.service.InvestEventServiceImpl     : Withdrew 0.08773902565043636 for expenses from Investment ID: 5
2025-05-05 20:40:26.883  INFO 92277 --- [Test worker] c.a.l.service.InvestEventServiceImpl     : Withdrew 0.04787393193107546 for expenses from Investment ID: 2
2025-05-05 20:40:26.883  INFO 92277 --- [Test worker] c.a.l.service.InvestEventServiceImpl     : Total expenses withdrawn this year: 0.257079978561962346
2025-05-05 20:40:26.901  INFO 92277 --- [Test worker] c.a.l.service.InvestEventServiceImpl     : Withdrew 0.045595449915803894 for expenses from Investment ID: 3
2025-05-05 20:40:26.901  INFO 92277 --- [Test worker] c.a.l.service.InvestEventServiceImpl     : Withdrew 0.09183011033921462 for expenses from Investment ID: 4
2025-05-05 20:40:26.901  INFO 92277 --- [Test worker] c.a.l.service.InvestEventServiceImpl     : Withdrew 0.05815207127725758 for expenses from Investment ID: 5
2025-05-05 20:40:26.901  INFO 92277 --- [Test worker] c.a.l.service.InvestEventServiceImpl     : Withdrew 0.057996888060603935 for expenses from Investment ID: 2
2025-05-05 20:40:26.901  INFO 92277 --- [Test worker] c.a.l.service.InvestEventServiceImpl     : Total expenses withdrawn this year: 0.253574519592880029
2025-05-05 20:40:26.918  INFO 92277 --- [Test worker] c.a.l.service.InvestEventServiceImpl     : Withdrew 0.038469388264008794 for expenses from Investment ID: 3
2025-05-05 20:40:26.918  INFO 92277 --- [Test worker] c.a.l.service.InvestEventServiceImpl     : Withdrew 0.05777467226435934 for expenses from Investment ID: 4
2025-05-05 20:40:26.918  INFO 92277 --- [Test worker] c.a.l.service.InvestEventServiceImpl     : Withdrew 0.03470256217074388 for expenses from Investment ID: 5
2025-05-05 20:40:26.918  INFO 92277 --- [Test worker] c.a.l.service.InvestEventServiceImpl     : Withdrew 0.0753695860964962 for expenses from Investment ID: 2
2025-05-05 20:40:26.918  INFO 92277 --- [Test worker] c.a.l.service.InvestEventServiceImpl     : Total expenses withdrawn this year: 0.206316208795608214
2025-05-05 20:40:26.936  INFO 92277 --- [Test worker] c.a.l.service.InvestEventServiceImpl     : Withdrew 0.04052067665849671 for expenses from Investment ID: 3
2025-05-05 20:40:26.936  INFO 92277 --- [Test worker] c.a.l.service.InvestEventServiceImpl     : Withdrew 0.051868808588395834 for expenses from Investment ID: 4
2025-05-05 20:40:26.936  INFO 92277 --- [Test worker] c.a.l.service.InvestEventServiceImpl     : Withdrew 0.09935924758393505 for expenses from Investment ID: 5
2025-05-05 20:40:26.936  INFO 92277 --- [Test worker] c.a.l.service.InvestEventServiceImpl     : Withdrew 0.08367415549144909 for expenses from Investment ID: 2
2025-05-05 20:40:26.936  INFO 92277 --- [Test worker] c.a.l.service.InvestEventServiceImpl     : Total expenses withdrawn this year: 0.275422888322276684
2025-05-05 20:40:26.954  INFO 92277 --- [Test worker] c.a.l.service.InvestEventServiceImpl     : Withdrew 0.02199343821449994 for expenses from Investment ID: 3
2025-05-05 20:40:26.954  INFO 92277 --- [Test worker] c.a.l.service.InvestEventServiceImpl     : Withdrew 0.0915479974887059 for expenses from Investment ID: 4
2025-05-05 20:40:26.954  INFO 92277 --- [Test worker] c.a.l.service.InvestEventServiceImpl     : Withdrew 0.06670341972154026 for expenses from Investment ID: 5
2025-05-05 20:40:26.954  INFO 92277 --- [Test worker] c.a.l.service.InvestEventServiceImpl     : Withdrew 0.07128811323940804 for expenses from Investment ID: 2
2025-05-05 20:40:26.954  INFO 92277 --- [Test worker] c.a.l.service.InvestEventServiceImpl     : Total expenses withdrawn this year: 0.25153296866415414
2025-05-05 20:40:26.972  INFO 92277 --- [Test worker] c.a.l.service.InvestEventServiceImpl     : Withdrew 0.01929541612369879 for expenses from Investment ID: 3
2025-05-05 20:40:26.972  INFO 92277 --- [Test worker] c.a.l.service.InvestEventServiceImpl     : Withdrew 0.052940403325523584 for expenses from Investment ID: 4
2025-05-05 20:40:26.972  INFO 92277 --- [Test worker] c.a.l.service.InvestEventServiceImpl     : Withdrew 0.02312527250328047 for expenses from Investment ID: 5
2025-05-05 20:40:26.972  INFO 92277 --- [Test worker] c.a.l.service.InvestEventServiceImpl     : Withdrew 0.062302138361317094 for expenses from Investment ID: 2
2025-05-05 20:40:26.972  INFO 92277 --- [Test worker] c.a.l.service.InvestEventServiceImpl     : Total expenses withdrawn this year: 0.157663230313819938
2025-05-05 20:40:26.990  INFO 92277 --- [Test worker] c.a.l.service.InvestEventServiceImpl     : Withdrew 0.04981673037423647 for expenses from Investment ID: 3
2025-05-05 20:40:26.990  INFO 92277 --- [Test worker] c.a.l.service.InvestEventServiceImpl     : Withdrew 0.08708806851146196 for expenses from Investment ID: 4
2025-05-05 20:40:26.990  INFO 92277 --- [Test worker] c.a.l.service.InvestEventServiceImpl     : Withdrew 0.07845950693211334 for expenses from Investment ID: 5
2025-05-05 20:40:26.990  INFO 92277 --- [Test worker] c.a.l.service.InvestEventServiceImpl     : Withdrew 0.06163315061624322 for expenses from Investment ID: 2
2025-05-05 20:40:26.990  INFO 92277 --- [Test worker] c.a.l.service.InvestEventServiceImpl     : Total expenses withdrawn this year: 0.27699745643405499
2025-05-05 20:40:27.009  INFO 92277 --- [Test worker] c.a.l.service.InvestEventServiceImpl     : Withdrew 0.04604518899137158 for expenses from Investment ID: 3
2025-05-05 20:40:27.010  INFO 92277 --- [Test worker] c.a.l.service.InvestEventServiceImpl     : Withdrew 0.04592022881618233 for expenses from Investment ID: 4
2025-05-05 20:40:27.010  INFO 92277 --- [Test worker] c.a.l.service.InvestEventServiceImpl     : Withdrew 0.11876664761680603 for expenses from Investment ID: 5
2025-05-05 20:40:27.010  INFO 92277 --- [Test worker] c.a.l.service.InvestEventServiceImpl     : Withdrew 0.03141188609047779 for expenses from Investment ID: 2
2025-05-05 20:40:27.010  INFO 92277 --- [Test worker] c.a.l.service.InvestEventServiceImpl     : Total expenses withdrawn this year: 0.24214395151483773
2025-05-05 20:40:27.028  INFO 92277 --- [Test worker] c.a.l.service.InvestEventServiceImpl     : Withdrew 0.032328368325534484 for expenses from Investment ID: 3
2025-05-05 20:40:27.029  INFO 92277 --- [Test worker] c.a.l.service.InvestEventServiceImpl     : Withdrew 0.05078079484429144 for expenses from Investment ID: 4
2025-05-05 20:40:27.029  INFO 92277 --- [Test worker] c.a.l.service.InvestEventServiceImpl     : Withdrew 0.05971827492097017 for expenses from Investment ID: 5
2025-05-05 20:40:27.029  INFO 92277 --- [Test worker] c.a.l.service.InvestEventServiceImpl     : Withdrew 0.08881244681045575 for expenses from Investment ID: 2
2025-05-05 20:40:27.029  INFO 92277 --- [Test worker] c.a.l.service.InvestEventServiceImpl     : Total expenses withdrawn this year: 0.231639884901251844
2025-05-05 20:40:27.071  INFO 92277 --- [Test worker] c.a.l.service.InvestEventServiceImpl     : Withdrew 100.0 for expenses from Investment ID: 1
2025-05-05 20:40:27.071  INFO 92277 --- [Test worker] c.a.l.service.InvestEventServiceImpl     : Withdrew 2000.0 for expenses from Investment ID: 3
2025-05-05 20:40:27.071  INFO 92277 --- [Test worker] c.a.l.service.InvestEventServiceImpl     : Withdrew 10000.0 for expenses from Investment ID: 4
2025-05-05 20:40:27.071  INFO 92277 --- [Test worker] c.a.l.service.InvestEventServiceImpl     : Withdrew 2000.0 for expenses from Investment ID: 5
2025-05-05 20:40:27.072  INFO 92277 --- [Test worker] c.a.l.service.InvestEventServiceImpl     : Withdrew 10000.0 for expenses from Investment ID: 2
2025-05-05 20:40:27.072  INFO 92277 --- [Test worker] c.a.l.service.InvestEventServiceImpl     : Total expenses withdrawn this year: 24100.0
2025-05-05 20:40:27.097  INFO 92277 --- [Test worker] c.a.l.service.InvestEventServiceImpl     : Withdrew 0.025599747236774602 for expenses from Investment ID: 3
2025-05-05 20:40:27.097  INFO 92277 --- [Test worker] c.a.l.service.InvestEventServiceImpl     : Withdrew 0.04380080314404296 for expenses from Investment ID: 4
2025-05-05 20:40:27.097  INFO 92277 --- [Test worker] c.a.l.service.InvestEventServiceImpl     : Withdrew 0.08417128553602478 for expenses from Investment ID: 5
2025-05-05 20:40:27.097  INFO 92277 --- [Test worker] c.a.l.service.InvestEventServiceImpl     : Withdrew 0.08445991470871916 for expenses from Investment ID: 2
2025-05-05 20:40:27.097  INFO 92277 --- [Test worker] c.a.l.service.InvestEventServiceImpl     : Total expenses withdrawn this year: 0.238031750625561502
2025-05-05 20:40:27.115  INFO 92277 --- [Test worker] c.a.l.service.InvestEventServiceImpl     : Withdrew 0.02453958951395223 for expenses from Investment ID: 3
2025-05-05 20:40:27.115  INFO 92277 --- [Test worker] c.a.l.service.InvestEventServiceImpl     : Withdrew 0.08057884594855427 for expenses from Investment ID: 4
2025-05-05 20:40:27.115  INFO 92277 --- [Test worker] c.a.l.service.InvestEventServiceImpl     : Withdrew 0.08009978189270657 for expenses from Investment ID: 5
2025-05-05 20:40:27.115  INFO 92277 --- [Test worker] c.a.l.service.InvestEventServiceImpl     : Withdrew 0.08381872213434369 for expenses from Investment ID: 2
2025-05-05 20:40:27.115  INFO 92277 --- [Test worker] c.a.l.service.InvestEventServiceImpl     : Total expenses withdrawn this year: 0.26903693948955676
2025-05-05 20:40:27.134  INFO 92277 --- [Test worker] c.a.l.service.InvestEventServiceImpl     : Withdrew 0.0157189794787483 for expenses from Investment ID: 3
2025-05-05 20:40:27.134  INFO 92277 --- [Test worker] c.a.l.service.InvestEventServiceImpl     : Withdrew 0.06076833855513399 for expenses from Investment ID: 4
2025-05-05 20:40:27.134  INFO 92277 --- [Test worker] c.a.l.service.InvestEventServiceImpl     : Withdrew 0.043514434260925314 for expenses from Investment ID: 5
2025-05-05 20:40:27.134  INFO 92277 --- [Test worker] c.a.l.service.InvestEventServiceImpl     : Withdrew 0.10063146669309125 for expenses from Investment ID: 2
2025-05-05 20:40:27.134  INFO 92277 --- [Test worker] c.a.l.service.InvestEventServiceImpl     : Total expenses withdrawn this year: 0.220633218987898854
2025-05-05 20:40:27.154  INFO 92277 --- [Test worker] c.a.l.service.InvestEventServiceImpl     : Withdrew 0.017474782222551236 for expenses from Investment ID: 3
2025-05-05 20:40:27.154  INFO 92277 --- [Test worker] c.a.l.service.InvestEventServiceImpl     : Withdrew 0.06475848850383384 for expenses from Investment ID: 4
2025-05-05 20:40:27.154  INFO 92277 --- [Test worker] c.a.l.service.InvestEventServiceImpl     : Withdrew 0.08223696439649901 for expenses from Investment ID: 5
2025-05-05 20:40:27.154  INFO 92277 --- [Test worker] c.a.l.service.InvestEventServiceImpl     : Withdrew 0.07280755670050235 for expenses from Investment ID: 2
2025-05-05 20:40:27.154  INFO 92277 --- [Test worker] c.a.l.service.InvestEventServiceImpl     : Total expenses withdrawn this year: 0.237277791823386436
2025-05-05 20:40:27.171  INFO 92277 --- [Test worker] c.a.l.service.InvestEventServiceImpl     : Withdrew 0.03815853017281988 for expenses from Investment ID: 3
2025-05-05 20:40:27.171  INFO 92277 --- [Test worker] c.a.l.service.InvestEventServiceImpl     : Withdrew 0.06907429081160762 for expenses from Investment ID: 4
2025-05-05 20:40:27.172  INFO 92277 --- [Test worker] c.a.l.service.InvestEventServiceImpl     : Withdrew 0.061003822731575987 for expenses from Investment ID: 5
2025-05-05 20:40:27.172  INFO 92277 --- [Test worker] c.a.l.service.InvestEventServiceImpl     : Withdrew 0.04194618979473008 for expenses from Investment ID: 2
2025-05-05 20:40:27.172  INFO 92277 --- [Test worker] c.a.l.service.InvestEventServiceImpl     : Total expenses withdrawn this year: 0.210182833510733567
2025-05-05 20:40:27.189  INFO 92277 --- [Test worker] c.a.l.service.InvestEventServiceImpl     : Withdrew 0.018691814643710444 for expenses from Investment ID: 3
2025-05-05 20:40:27.189  INFO 92277 --- [Test worker] c.a.l.service.InvestEventServiceImpl     : Withdrew 0.06102057912427935 for expenses from Investment ID: 4
2025-05-05 20:40:27.189  INFO 92277 --- [Test worker] c.a.l.service.InvestEventServiceImpl     : Withdrew 0.04110347665523534 for expenses from Investment ID: 5
2025-05-05 20:40:27.189  INFO 92277 --- [Test worker] c.a.l.service.InvestEventServiceImpl     : Withdrew 0.039391426584752504 for expenses from Investment ID: 2
2025-05-05 20:40:27.189  INFO 92277 --- [Test worker] c.a.l.service.InvestEventServiceImpl     : Total expenses withdrawn this year: 0.160207297007977638
2025-05-05 20:40:27.209  INFO 92277 --- [Test worker] c.a.l.service.InvestEventServiceImpl     : Withdrew 0.026185994812981936 for expenses from Investment ID: 3
2025-05-05 20:40:27.210  INFO 92277 --- [Test worker] c.a.l.service.InvestEventServiceImpl     : Withdrew 0.048369799199296196 for expenses from Investment ID: 4
2025-05-05 20:40:27.210  INFO 92277 --- [Test worker] c.a.l.service.InvestEventServiceImpl     : Withdrew 0.0567563576289451 for expenses from Investment ID: 5
2025-05-05 20:40:27.210  INFO 92277 --- [Test worker] c.a.l.service.InvestEventServiceImpl     : Withdrew 0.06212567311739871 for expenses from Investment ID: 2
2025-05-05 20:40:27.210  INFO 92277 --- [Test worker] c.a.l.service.InvestEventServiceImpl     : Total expenses withdrawn this year: 0.193437824758621942
2025-05-05 20:40:27.226  INFO 92277 --- [Test worker] c.a.l.service.InvestEventServiceImpl     : Withdrew 0.0262975893978074 for expenses from Investment ID: 3
2025-05-05 20:40:27.226  INFO 92277 --- [Test worker] c.a.l.service.InvestEventServiceImpl     : Withdrew 0.05145056319765922 for expenses from Investment ID: 4
2025-05-05 20:40:27.226  INFO 92277 --- [Test worker] c.a.l.service.InvestEventServiceImpl     : Withdrew 0.08181678854270426 for expenses from Investment ID: 5
2025-05-05 20:40:27.226  INFO 92277 --- [Test worker] c.a.l.service.InvestEventServiceImpl     : Withdrew 0.07734573654396884 for expenses from Investment ID: 2
2025-05-05 20:40:27.226  INFO 92277 --- [Test worker] c.a.l.service.InvestEventServiceImpl     : Total expenses withdrawn this year: 0.23691067768213972
2025-05-05 20:40:27.243  INFO 92277 --- [Test worker] c.a.l.service.InvestEventServiceImpl     : Withdrew 0.029507211504488824 for expenses from Investment ID: 3
2025-05-05 20:40:27.243  INFO 92277 --- [Test worker] c.a.l.service.InvestEventServiceImpl     : Withdrew 0.06859962340716377 for expenses from Investment ID: 4
2025-05-05 20:40:27.243  INFO 92277 --- [Test worker] c.a.l.service.InvestEventServiceImpl     : Withdrew 0.0699480960825275 for expenses from Investment ID: 5
2025-05-05 20:40:27.243  INFO 92277 --- [Test worker] c.a.l.service.InvestEventServiceImpl     : Withdrew 0.08830799441649918 for expenses from Investment ID: 2
2025-05-05 20:40:27.243  INFO 92277 --- [Test worker] c.a.l.service.InvestEventServiceImpl     : Total expenses withdrawn this year: 0.256362925410679274
2025-05-05 20:40:27.261  INFO 92277 --- [Test worker] c.a.l.service.InvestEventServiceImpl     : Withdrew 0.02174065808814084 for expenses from Investment ID: 3
2025-05-05 20:40:27.262  INFO 92277 --- [Test worker] c.a.l.service.InvestEventServiceImpl     : Withdrew 0.05080794083971688 for expenses from Investment ID: 4
2025-05-05 20:40:27.262  INFO 92277 --- [Test worker] c.a.l.service.InvestEventServiceImpl     : Withdrew 0.09818812373285848 for expenses from Investment ID: 5
2025-05-05 20:40:27.262  INFO 92277 --- [Test worker] c.a.l.service.InvestEventServiceImpl     : Withdrew 0.08093898268901983 for expenses from Investment ID: 2
2025-05-05 20:40:27.262  INFO 92277 --- [Test worker] c.a.l.service.InvestEventServiceImpl     : Total expenses withdrawn this year: 0.25167570534973603
2025-05-05 20:40:27.278  INFO 92277 --- [Test worker] c.a.l.service.InvestEventServiceImpl     : Withdrew 0.03393423649290941 for expenses from Investment ID: 3
2025-05-05 20:40:27.278  INFO 92277 --- [Test worker] c.a.l.service.InvestEventServiceImpl     : Withdrew 0.08560544056590819 for expenses from Investment ID: 4
2025-05-05 20:40:27.278  INFO 92277 --- [Test worker] c.a.l.service.InvestEventServiceImpl     : Withdrew 0.09049212579207944 for expenses from Investment ID: 5
2025-05-05 20:40:27.278  INFO 92277 --- [Test worker] c.a.l.service.InvestEventServiceImpl     : Withdrew 0.07495312227073701 for expenses from Investment ID: 2
2025-05-05 20:40:27.279  INFO 92277 --- [Test worker] c.a.l.service.InvestEventServiceImpl     : Total expenses withdrawn this year: 0.28498492512163405
2025-05-05 20:40:27.294  INFO 92277 --- [Test worker] c.a.l.service.InvestEventServiceImpl     : Withdrew 0.03939265784359151 for expenses from Investment ID: 3
2025-05-05 20:40:27.294  INFO 92277 --- [Test worker] c.a.l.service.InvestEventServiceImpl     : Withdrew 0.057415716266776155 for expenses from Investment ID: 4
2025-05-05 20:40:27.294  INFO 92277 --- [Test worker] c.a.l.service.InvestEventServiceImpl     : Withdrew 0.08116420405315165 for expenses from Investment ID: 5
2025-05-05 20:40:27.294  INFO 92277 --- [Test worker] c.a.l.service.InvestEventServiceImpl     : Withdrew 0.06778643256813313 for expenses from Investment ID: 2
2025-05-05 20:40:27.294  INFO 92277 --- [Test worker] c.a.l.service.InvestEventServiceImpl     : Total expenses withdrawn this year: 0.245759010731652445
2025-05-05 20:40:27.309  INFO 92277 --- [Test worker] c.a.l.service.InvestEventServiceImpl     : Withdrew 0.017261477047980783 for expenses from Investment ID: 3
2025-05-05 20:40:27.309  INFO 92277 --- [Test worker] c.a.l.service.InvestEventServiceImpl     : Withdrew 0.08242533700878463 for expenses from Investment ID: 4
2025-05-05 20:40:27.310  INFO 92277 --- [Test worker] c.a.l.service.InvestEventServiceImpl     : Withdrew 0.059875486892622724 for expenses from Investment ID: 5
2025-05-05 20:40:27.310  INFO 92277 --- [Test worker] c.a.l.service.InvestEventServiceImpl     : Withdrew 0.06950432187557258 for expenses from Investment ID: 2
2025-05-05 20:40:27.310  INFO 92277 --- [Test worker] c.a.l.service.InvestEventServiceImpl     : Total expenses withdrawn this year: 0.229066622824960717
2025-05-05 20:40:27.326  INFO 92277 --- [Test worker] c.a.l.service.InvestEventServiceImpl     : Withdrew 0.027614403403568282 for expenses from Investment ID: 3
2025-05-05 20:40:27.326  INFO 92277 --- [Test worker] c.a.l.service.InvestEventServiceImpl     : Withdrew 0.10710204665003202 for expenses from Investment ID: 4
2025-05-05 20:40:27.326  INFO 92277 --- [Test worker] c.a.l.service.InvestEventServiceImpl     : Withdrew 0.07075664989839611 for expenses from Investment ID: 5
2025-05-05 20:40:27.326  INFO 92277 --- [Test worker] c.a.l.service.InvestEventServiceImpl     : Withdrew 0.05764145513220611 for expenses from Investment ID: 2
2025-05-05 20:40:27.326  INFO 92277 --- [Test worker] c.a.l.service.InvestEventServiceImpl     : Total expenses withdrawn this year: 0.263114555084202522
2025-05-05 20:40:27.343  INFO 92277 --- [Test worker] c.a.l.service.InvestEventServiceImpl     : Withdrew 0.018681810012526535 for expenses from Investment ID: 3
2025-05-05 20:40:27.344  INFO 92277 --- [Test worker] c.a.l.service.InvestEventServiceImpl     : Withdrew 0.0665097181640323 for expenses from Investment ID: 4
2025-05-05 20:40:27.344  INFO 92277 --- [Test worker] c.a.l.service.InvestEventServiceImpl     : Withdrew 0.0727995134491035 for expenses from Investment ID: 5
2025-05-05 20:40:27.344  INFO 92277 --- [Test worker] c.a.l.service.InvestEventServiceImpl     : Withdrew 0.06948733158660617 for expenses from Investment ID: 2
2025-05-05 20:40:27.344  INFO 92277 --- [Test worker] c.a.l.service.InvestEventServiceImpl     : Total expenses withdrawn this year: 0.227478373212268505
2025-05-05 20:40:27.360  INFO 92277 --- [Test worker] c.a.l.service.InvestEventServiceImpl     : Withdrew 0.021368512023984435 for expenses from Investment ID: 3
2025-05-05 20:40:27.360  INFO 92277 --- [Test worker] c.a.l.service.InvestEventServiceImpl     : Withdrew 0.0416860488212377 for expenses from Investment ID: 4
2025-05-05 20:40:27.360  INFO 92277 --- [Test worker] c.a.l.service.InvestEventServiceImpl     : Withdrew 0.05655389480443244 for expenses from Investment ID: 5
2025-05-05 20:40:27.360  INFO 92277 --- [Test worker] c.a.l.service.InvestEventServiceImpl     : Withdrew 0.07094941480179866 for expenses from Investment ID: 2
2025-05-05 20:40:27.360  INFO 92277 --- [Test worker] c.a.l.service.InvestEventServiceImpl     : Total expenses withdrawn this year: 0.190557870451453235
2025-05-05 20:40:27.378  INFO 92277 --- [Test worker] c.a.l.service.InvestEventServiceImpl     : Withdrew 0.03965020505665385 for expenses from Investment ID: 3
2025-05-05 20:40:27.378  INFO 92277 --- [Test worker] c.a.l.service.InvestEventServiceImpl     : Withdrew 0.059019795427020266 for expenses from Investment ID: 4
2025-05-05 20:40:27.378  INFO 92277 --- [Test worker] c.a.l.service.InvestEventServiceImpl     : Withdrew 0.07286238271609884 for expenses from Investment ID: 5
2025-05-05 20:40:27.378  INFO 92277 --- [Test worker] c.a.l.service.InvestEventServiceImpl     : Withdrew 0.08307081007529177 for expenses from Investment ID: 2
2025-05-05 20:40:27.378  INFO 92277 --- [Test worker] c.a.l.service.InvestEventServiceImpl     : Total expenses withdrawn this year: 0.254603193275064726
2025-05-05 20:40:27.395  INFO 92277 --- [Test worker] c.a.l.service.InvestEventServiceImpl     : Withdrew 0.0402354969820775 for expenses from Investment ID: 3
2025-05-05 20:40:27.396  INFO 92277 --- [Test worker] c.a.l.service.InvestEventServiceImpl     : Withdrew 0.08805203562897895 for expenses from Investment ID: 4
2025-05-05 20:40:27.396  INFO 92277 --- [Test worker] c.a.l.service.InvestEventServiceImpl     : Withdrew 0.04603305321022724 for expenses from Investment ID: 5
2025-05-05 20:40:27.396  INFO 92277 --- [Test worker] c.a.l.service.InvestEventServiceImpl     : Withdrew 0.02297366206489001 for expenses from Investment ID: 2
2025-05-05 20:40:27.396  INFO 92277 --- [Test worker] c.a.l.service.InvestEventServiceImpl     : Total expenses withdrawn this year: 0.19729424788617370
2025-05-05 20:40:27.417  INFO 92277 --- [Test worker] c.a.l.service.InvestEventServiceImpl     : Withdrew 0.02241558861110155 for expenses from Investment ID: 3
2025-05-05 20:40:27.418  INFO 92277 --- [Test worker] c.a.l.service.InvestEventServiceImpl     : Withdrew 0.08891074602183192 for expenses from Investment ID: 4
2025-05-05 20:40:27.418  INFO 92277 --- [Test worker] c.a.l.service.InvestEventServiceImpl     : Withdrew 0.09137873492876561 for expenses from Investment ID: 5
2025-05-05 20:40:27.418  INFO 92277 --- [Test worker] c.a.l.service.InvestEventServiceImpl     : Withdrew 0.11697856638812981 for expenses from Investment ID: 2
2025-05-05 20:40:27.418  INFO 92277 --- [Test worker] c.a.l.service.InvestEventServiceImpl     : Total expenses withdrawn this year: 0.31968363594982889
2025-05-05 20:40:27.436  INFO 92277 --- [Test worker] c.a.l.service.InvestEventServiceImpl     : Withdrew 0.05088919239000414 for expenses from Investment ID: 3
2025-05-05 20:40:27.436  INFO 92277 --- [Test worker] c.a.l.service.InvestEventServiceImpl     : Withdrew 0.0755002418711801 for expenses from Investment ID: 4
2025-05-05 20:40:27.436  INFO 92277 --- [Test worker] c.a.l.service.InvestEventServiceImpl     : Withdrew 0.09145044289505715 for expenses from Investment ID: 5
2025-05-05 20:40:27.436  INFO 92277 --- [Test worker] c.a.l.service.InvestEventServiceImpl     : Withdrew 0.051440385539534464 for expenses from Investment ID: 2
2025-05-05 20:40:27.436  INFO 92277 --- [Test worker] c.a.l.service.InvestEventServiceImpl     : Total expenses withdrawn this year: 0.269280262695775854
2025-05-05 20:40:27.457  INFO 92277 --- [Test worker] c.a.l.service.InvestEventServiceImpl     : Withdrew 0.0315431826524472 for expenses from Investment ID: 3
2025-05-05 20:40:27.458  INFO 92277 --- [Test worker] c.a.l.service.InvestEventServiceImpl     : Withdrew 0.07533102808565925 for expenses from Investment ID: 4
2025-05-05 20:40:27.458  INFO 92277 --- [Test worker] c.a.l.service.InvestEventServiceImpl     : Withdrew 0.044641493205795434 for expenses from Investment ID: 5
2025-05-05 20:40:27.458  INFO 92277 --- [Test worker] c.a.l.service.InvestEventServiceImpl     : Withdrew 0.07461376162693172 for expenses from Investment ID: 2
2025-05-05 20:40:27.458  INFO 92277 --- [Test worker] c.a.l.service.InvestEventServiceImpl     : Total expenses withdrawn this year: 0.226129465570833604
2025-05-05 20:40:27.477  INFO 92277 --- [Test worker] c.a.l.service.InvestEventServiceImpl     : Withdrew 0.03850672458635282 for expenses from Investment ID: 3
2025-05-05 20:40:27.477  INFO 92277 --- [Test worker] c.a.l.service.InvestEventServiceImpl     : Withdrew 0.05395894293369911 for expenses from Investment ID: 4
2025-05-05 20:40:27.477  INFO 92277 --- [Test worker] c.a.l.service.InvestEventServiceImpl     : Withdrew 0.076351417933356 for expenses from Investment ID: 5
2025-05-05 20:40:27.477  INFO 92277 --- [Test worker] c.a.l.service.InvestEventServiceImpl     : Withdrew 0.09678154571433738 for expenses from Investment ID: 2
2025-05-05 20:40:27.477  INFO 92277 --- [Test worker] c.a.l.service.InvestEventServiceImpl     : Total expenses withdrawn this year: 0.26559863116774531
2025-05-05 20:40:27.495  INFO 92277 --- [Test worker] c.a.l.service.InvestEventServiceImpl     : Withdrew 0.023745599348874186 for expenses from Investment ID: 3
2025-05-05 20:40:27.496  INFO 92277 --- [Test worker] c.a.l.service.InvestEventServiceImpl     : Withdrew 0.10516452591829871 for expenses from Investment ID: 4
2025-05-05 20:40:27.496  INFO 92277 --- [Test worker] c.a.l.service.InvestEventServiceImpl     : Withdrew 0.0708068356235695 for expenses from Investment ID: 5
2025-05-05 20:40:27.496  INFO 92277 --- [Test worker] c.a.l.service.InvestEventServiceImpl     : Withdrew 0.060531865568160245 for expenses from Investment ID: 2
2025-05-05 20:40:27.496  INFO 92277 --- [Test worker] c.a.l.service.InvestEventServiceImpl     : Total expenses withdrawn this year: 0.260248826458902641
2025-05-05 20:40:27.515  INFO 92277 --- [Test worker] c.a.l.service.InvestEventServiceImpl     : Withdrew 0.03072136730290196 for expenses from Investment ID: 3
2025-05-05 20:40:27.515  INFO 92277 --- [Test worker] c.a.l.service.InvestEventServiceImpl     : Withdrew 0.04976066878133627 for expenses from Investment ID: 4
2025-05-05 20:40:27.515  INFO 92277 --- [Test worker] c.a.l.service.InvestEventServiceImpl     : Withdrew 0.07896456171405214 for expenses from Investment ID: 5
2025-05-05 20:40:27.515  INFO 92277 --- [Test worker] c.a.l.service.InvestEventServiceImpl     : Withdrew 0.06706949568830288 for expenses from Investment ID: 2
2025-05-05 20:40:27.515  INFO 92277 --- [Test worker] c.a.l.service.InvestEventServiceImpl     : Total expenses withdrawn this year: 0.22651609348659325
2025-05-05 20:40:27.535  INFO 92277 --- [Test worker] c.a.l.service.InvestEventServiceImpl     : Withdrew 0.035862752471131444 for expenses from Investment ID: 3
2025-05-05 20:40:27.535  INFO 92277 --- [Test worker] c.a.l.service.InvestEventServiceImpl     : Withdrew 0.1082971758580756 for expenses from Investment ID: 4
2025-05-05 20:40:27.535  INFO 92277 --- [Test worker] c.a.l.service.InvestEventServiceImpl     : Withdrew 0.1045522652028727 for expenses from Investment ID: 5
2025-05-05 20:40:27.535  INFO 92277 --- [Test worker] c.a.l.service.InvestEventServiceImpl     : Withdrew 0.08826834218519235 for expenses from Investment ID: 2
2025-05-05 20:40:27.535  INFO 92277 --- [Test worker] c.a.l.service.InvestEventServiceImpl     : Total expenses withdrawn this year: 0.336980535717272094
2025-05-05 20:40:27.555  INFO 92277 --- [Test worker] c.a.l.service.InvestEventServiceImpl     : Withdrew 0.026272929541930876 for expenses from Investment ID: 3
2025-05-05 20:40:27.555  INFO 92277 --- [Test worker] c.a.l.service.InvestEventServiceImpl     : Withdrew 0.10278628948503539 for expenses from Investment ID: 4
2025-05-05 20:40:27.555  INFO 92277 --- [Test worker] c.a.l.service.InvestEventServiceImpl     : Withdrew 0.08032640435522265 for expenses from Investment ID: 5
2025-05-05 20:40:27.555  INFO 92277 --- [Test worker] c.a.l.service.InvestEventServiceImpl     : Withdrew 0.08077253089602887 for expenses from Investment ID: 2
2025-05-05 20:40:27.555  INFO 92277 --- [Test worker] c.a.l.service.InvestEventServiceImpl     : Total expenses withdrawn this year: 0.290158154278217786
2025-05-05 20:40:27.574  INFO 92277 --- [Test worker] c.a.l.service.InvestEventServiceImpl     : Withdrew 0.026235772543695454 for expenses from Investment ID: 3
2025-05-05 20:40:27.574  INFO 92277 --- [Test worker] c.a.l.service.InvestEventServiceImpl     : Withdrew 0.06859372386672534 for expenses from Investment ID: 4
2025-05-05 20:40:27.574  INFO 92277 --- [Test worker] c.a.l.service.InvestEventServiceImpl     : Withdrew 0.07131295825062887 for expenses from Investment ID: 5
2025-05-05 20:40:27.574  INFO 92277 --- [Test worker] c.a.l.service.InvestEventServiceImpl     : Withdrew 0.0857775673502797 for expenses from Investment ID: 2
2025-05-05 20:40:27.574  INFO 92277 --- [Test worker] c.a.l.service.InvestEventServiceImpl     : Total expenses withdrawn this year: 0.251920022011329364
2025-05-05 20:40:27.595  INFO 92277 --- [Test worker] c.a.l.service.InvestEventServiceImpl     : Withdrew 0.045376330983376977 for expenses from Investment ID: 3
2025-05-05 20:40:27.595  INFO 92277 --- [Test worker] c.a.l.service.InvestEventServiceImpl     : Withdrew 0.060110107675658046 for expenses from Investment ID: 4
2025-05-05 20:40:27.595  INFO 92277 --- [Test worker] c.a.l.service.InvestEventServiceImpl     : Withdrew 0.07068405723619972 for expenses from Investment ID: 5
2025-05-05 20:40:27.595  INFO 92277 --- [Test worker] c.a.l.service.InvestEventServiceImpl     : Withdrew 0.08073319939374138 for expenses from Investment ID: 2
2025-05-05 20:40:27.595  INFO 92277 --- [Test worker] c.a.l.service.InvestEventServiceImpl     : Total expenses withdrawn this year: 0.256903695288976123
2025-05-05 20:40:27.613  INFO 92277 --- [Test worker] c.a.l.service.InvestEventServiceImpl     : Withdrew 0.026508245662335006 for expenses from Investment ID: 3
2025-05-05 20:40:27.613  INFO 92277 --- [Test worker] c.a.l.service.InvestEventServiceImpl     : Withdrew 0.028431818913205256 for expenses from Investment ID: 4
2025-05-05 20:40:27.613  INFO 92277 --- [Test worker] c.a.l.service.InvestEventServiceImpl     : Withdrew 0.09842134113446568 for expenses from Investment ID: 5
2025-05-05 20:40:27.613  INFO 92277 --- [Test worker] c.a.l.service.InvestEventServiceImpl     : Withdrew 0.0885432379694447 for expenses from Investment ID: 2
2025-05-05 20:40:27.613  INFO 92277 --- [Test worker] c.a.l.service.InvestEventServiceImpl     : Total expenses withdrawn this year: 0.241904643679450642
2025-05-05 20:40:27.633  INFO 92277 --- [Test worker] c.a.l.service.InvestEventServiceImpl     : Withdrew 0.03319896790794911 for expenses from Investment ID: 3
2025-05-05 20:40:27.633  INFO 92277 --- [Test worker] c.a.l.service.InvestEventServiceImpl     : Withdrew 0.10200294009568917 for expenses from Investment ID: 4
2025-05-05 20:40:27.633  INFO 92277 --- [Test worker] c.a.l.service.InvestEventServiceImpl     : Withdrew 0.036463133926205656 for expenses from Investment ID: 5
2025-05-05 20:40:27.633  INFO 92277 --- [Test worker] c.a.l.service.InvestEventServiceImpl     : Withdrew 0.0676000785962741 for expenses from Investment ID: 2
2025-05-05 20:40:27.633  INFO 92277 --- [Test worker] c.a.l.service.InvestEventServiceImpl     : Total expenses withdrawn this year: 0.239265120526118036
2025-05-05 20:40:27.651  INFO 92277 --- [Test worker] c.a.l.service.InvestEventServiceImpl     : Withdrew 0.03306886911849605 for expenses from Investment ID: 3
2025-05-05 20:40:27.651  INFO 92277 --- [Test worker] c.a.l.service.InvestEventServiceImpl     : Withdrew 0.09577634869918933 for expenses from Investment ID: 4
2025-05-05 20:40:27.651  INFO 92277 --- [Test worker] c.a.l.service.InvestEventServiceImpl     : Withdrew 0.09716386181420203 for expenses from Investment ID: 5
2025-05-05 20:40:27.652  INFO 92277 --- [Test worker] c.a.l.service.InvestEventServiceImpl     : Withdrew 0.10254398108675052 for expenses from Investment ID: 2
2025-05-05 20:40:27.652  INFO 92277 --- [Test worker] c.a.l.service.InvestEventServiceImpl     : Total expenses withdrawn this year: 0.32855306071863793
2025-05-05 20:40:27.669  INFO 92277 --- [Test worker] c.a.l.service.InvestEventServiceImpl     : Withdrew 0.015027917631759605 for expenses from Investment ID: 3
2025-05-05 20:40:27.669  INFO 92277 --- [Test worker] c.a.l.service.InvestEventServiceImpl     : Withdrew 0.021573927063564126 for expenses from Investment ID: 4
2025-05-05 20:40:27.669  INFO 92277 --- [Test worker] c.a.l.service.InvestEventServiceImpl     : Withdrew 0.07961843080439346 for expenses from Investment ID: 5
2025-05-05 20:40:27.669  INFO 92277 --- [Test worker] c.a.l.service.InvestEventServiceImpl     : Withdrew 0.07853304440128683 for expenses from Investment ID: 2
2025-05-05 20:40:27.669  INFO 92277 --- [Test worker] c.a.l.service.InvestEventServiceImpl     : Total expenses withdrawn this year: 0.194753319901004021
2025-05-05 20:40:27.688  INFO 92277 --- [Test worker] c.a.l.service.InvestEventServiceImpl     : Withdrew 0.020534643872111555 for expenses from Investment ID: 3
2025-05-05 20:40:27.688  INFO 92277 --- [Test worker] c.a.l.service.InvestEventServiceImpl     : Withdrew 0.039392554661922506 for expenses from Investment ID: 4
2025-05-05 20:40:27.689  INFO 92277 --- [Test worker] c.a.l.service.InvestEventServiceImpl     : Withdrew 0.0487721321883526 for expenses from Investment ID: 5
2025-05-05 20:40:27.689  INFO 92277 --- [Test worker] c.a.l.service.InvestEventServiceImpl     : Withdrew 0.09316645632416083 for expenses from Investment ID: 2
2025-05-05 20:40:27.689  INFO 92277 --- [Test worker] c.a.l.service.InvestEventServiceImpl     : Total expenses withdrawn this year: 0.201865787046547491
2025-05-05 20:40:27.708  INFO 92277 --- [Test worker] c.a.l.service.InvestEventServiceImpl     : Withdrew 0.020504623931006973 for expenses from Investment ID: 3
2025-05-05 20:40:27.709  INFO 92277 --- [Test worker] c.a.l.service.InvestEventServiceImpl     : Withdrew 0.0748119240906296 for expenses from Investment ID: 4
2025-05-05 20:40:27.709  INFO 92277 --- [Test worker] c.a.l.service.InvestEventServiceImpl     : Withdrew 0.04597791429824335 for expenses from Investment ID: 5
2025-05-05 20:40:27.709  INFO 92277 --- [Test worker] c.a.l.service.InvestEventServiceImpl     : Withdrew 0.0697069104780801 for expenses from Investment ID: 2
2025-05-05 20:40:27.709  INFO 92277 --- [Test worker] c.a.l.service.InvestEventServiceImpl     : Total expenses withdrawn this year: 0.211001372797960023
2025-05-05 20:40:27.729  INFO 92277 --- [Test worker] c.a.l.service.InvestEventServiceImpl     : Withdrew 0.03852131753618645 for expenses from Investment ID: 3
2025-05-05 20:40:27.729  INFO 92277 --- [Test worker] c.a.l.service.InvestEventServiceImpl     : Withdrew 0.09261884879843552 for expenses from Investment ID: 4
2025-05-05 20:40:27.729  INFO 92277 --- [Test worker] c.a.l.service.InvestEventServiceImpl     : Withdrew 0.08781372025329627 for expenses from Investment ID: 5
2025-05-05 20:40:27.729  INFO 92277 --- [Test worker] c.a.l.service.InvestEventServiceImpl     : Withdrew 0.09094461423520735 for expenses from Investment ID: 2
2025-05-05 20:40:27.729  INFO 92277 --- [Test worker] c.a.l.service.InvestEventServiceImpl     : Total expenses withdrawn this year: 0.30989850082312559
2025-05-05 20:40:27.749  INFO 92277 --- [Test worker] c.a.l.service.InvestEventServiceImpl     : Withdrew 0.022002432263892948 for expenses from Investment ID: 3
2025-05-05 20:40:27.749  INFO 92277 --- [Test worker] c.a.l.service.InvestEventServiceImpl     : Withdrew 0.06801829412874946 for expenses from Investment ID: 4
2025-05-05 20:40:27.749  INFO 92277 --- [Test worker] c.a.l.service.InvestEventServiceImpl     : Withdrew 0.014457973291923809 for expenses from Investment ID: 5
2025-05-05 20:40:27.749  INFO 92277 --- [Test worker] c.a.l.service.InvestEventServiceImpl     : Withdrew 0.07648624251860561 for expenses from Investment ID: 2
2025-05-05 20:40:27.749  INFO 92277 --- [Test worker] c.a.l.service.InvestEventServiceImpl     : Total expenses withdrawn this year: 0.180964942203171827
2025-05-05 20:40:27.770  INFO 92277 --- [Test worker] c.a.l.service.InvestEventServiceImpl     : Withdrew 0.02371393704182064 for expenses from Investment ID: 3
2025-05-05 20:40:27.770  INFO 92277 --- [Test worker] c.a.l.service.InvestEventServiceImpl     : Withdrew 0.07270856425831512 for expenses from Investment ID: 4
2025-05-05 20:40:27.770  INFO 92277 --- [Test worker] c.a.l.service.InvestEventServiceImpl     : Withdrew 0.08875641503989773 for expenses from Investment ID: 5
2025-05-05 20:40:27.770  INFO 92277 --- [Test worker] c.a.l.service.InvestEventServiceImpl     : Withdrew 0.06477049904077006 for expenses from Investment ID: 2
2025-05-05 20:40:27.770  INFO 92277 --- [Test worker] c.a.l.service.InvestEventServiceImpl     : Total expenses withdrawn this year: 0.24994941538080355
2025-05-05 20:40:27.796  INFO 92277 --- [Test worker] c.a.l.service.InvestEventServiceImpl     : Withdrew 0.03768715266355555 for expenses from Investment ID: 3
2025-05-05 20:40:27.796  INFO 92277 --- [Test worker] c.a.l.service.InvestEventServiceImpl     : Withdrew 0.042291358845585755 for expenses from Investment ID: 4
2025-05-05 20:40:27.796  INFO 92277 --- [Test worker] c.a.l.service.InvestEventServiceImpl     : Withdrew 0.0851784343444467 for expenses from Investment ID: 5
2025-05-05 20:40:27.796  INFO 92277 --- [Test worker] c.a.l.service.InvestEventServiceImpl     : Withdrew 0.04142578981039051 for expenses from Investment ID: 2
2025-05-05 20:40:27.796  INFO 92277 --- [Test worker] c.a.l.service.InvestEventServiceImpl     : Total expenses withdrawn this year: 0.206582735663978515
2025-05-05 20:40:27.822  INFO 92277 --- [Test worker] c.a.l.service.InvestEventServiceImpl     : Withdrew 0.018754285313539787 for expenses from Investment ID: 3
2025-05-05 20:40:27.822  INFO 92277 --- [Test worker] c.a.l.service.InvestEventServiceImpl     : Withdrew 0.05117015451050976 for expenses from Investment ID: 4
2025-05-05 20:40:27.823  INFO 92277 --- [Test worker] c.a.l.service.InvestEventServiceImpl     : Withdrew 0.11764586794249353 for expenses from Investment ID: 5
2025-05-05 20:40:27.823  INFO 92277 --- [Test worker] c.a.l.service.InvestEventServiceImpl     : Withdrew 0.07796623119622169 for expenses from Investment ID: 2
2025-05-05 20:40:27.823  INFO 92277 --- [Test worker] c.a.l.service.InvestEventServiceImpl     : Total expenses withdrawn this year: 0.265536538962764767
2025-05-05 20:40:27.864  INFO 92277 --- [Test worker] c.a.l.service.InvestEventServiceImpl     : Withdrew 100.0 for expenses from Investment ID: 1
2025-05-05 20:40:27.864  INFO 92277 --- [Test worker] c.a.l.service.InvestEventServiceImpl     : Withdrew 2000.0 for expenses from Investment ID: 3
2025-05-05 20:40:27.864  INFO 92277 --- [Test worker] c.a.l.service.InvestEventServiceImpl     : Withdrew 10000.0 for expenses from Investment ID: 4
2025-05-05 20:40:27.864  INFO 92277 --- [Test worker] c.a.l.service.InvestEventServiceImpl     : Withdrew 2000.0 for expenses from Investment ID: 5
2025-05-05 20:40:27.864  INFO 92277 --- [Test worker] c.a.l.service.InvestEventServiceImpl     : Withdrew 10000.0 for expenses from Investment ID: 2
2025-05-05 20:40:27.864  INFO 92277 --- [Test worker] c.a.l.service.InvestEventServiceImpl     : Total expenses withdrawn this year: 24100.0
2025-05-05 20:40:27.885  INFO 92277 --- [Test worker] c.a.l.service.InvestEventServiceImpl     : Withdrew 0.020516566803165645 for expenses from Investment ID: 3
2025-05-05 20:40:27.886  INFO 92277 --- [Test worker] c.a.l.service.InvestEventServiceImpl     : Withdrew 0.05823156382753194 for expenses from Investment ID: 4
2025-05-05 20:40:27.886  INFO 92277 --- [Test worker] c.a.l.service.InvestEventServiceImpl     : Withdrew 0.035695829968111145 for expenses from Investment ID: 5
2025-05-05 20:40:27.886  INFO 92277 --- [Test worker] c.a.l.service.InvestEventServiceImpl     : Withdrew 0.06232006130231863 for expenses from Investment ID: 2
2025-05-05 20:40:27.886  INFO 92277 --- [Test worker] c.a.l.service.InvestEventServiceImpl     : Total expenses withdrawn this year: 0.176764021901127360
2025-05-05 20:40:27.901  INFO 92277 --- [Test worker] c.a.l.service.InvestEventServiceImpl     : Withdrew 0.022484026933416446 for expenses from Investment ID: 3
2025-05-05 20:40:27.901  INFO 92277 --- [Test worker] c.a.l.service.InvestEventServiceImpl     : Withdrew 0.06337729670996303 for expenses from Investment ID: 4
2025-05-05 20:40:27.901  INFO 92277 --- [Test worker] c.a.l.service.InvestEventServiceImpl     : Withdrew 0.03939856518290569 for expenses from Investment ID: 5
2025-05-05 20:40:27.901  INFO 92277 --- [Test worker] c.a.l.service.InvestEventServiceImpl     : Withdrew 0.10735571175791665 for expenses from Investment ID: 2
2025-05-05 20:40:27.901  INFO 92277 --- [Test worker] c.a.l.service.InvestEventServiceImpl     : Total expenses withdrawn this year: 0.232615600584201816
2025-05-05 20:40:27.918  INFO 92277 --- [Test worker] c.a.l.service.InvestEventServiceImpl     : Withdrew 0.05024931098759164 for expenses from Investment ID: 3
2025-05-05 20:40:27.918  INFO 92277 --- [Test worker] c.a.l.service.InvestEventServiceImpl     : Withdrew 0.06171794183923786 for expenses from Investment ID: 4
2025-05-05 20:40:27.918  INFO 92277 --- [Test worker] c.a.l.service.InvestEventServiceImpl     : Withdrew 0.07762368516416579 for expenses from Investment ID: 5
2025-05-05 20:40:27.918  INFO 92277 --- [Test worker] c.a.l.service.InvestEventServiceImpl     : Withdrew 0.07885048687723453 for expenses from Investment ID: 2
2025-05-05 20:40:27.918  INFO 92277 --- [Test worker] c.a.l.service.InvestEventServiceImpl     : Total expenses withdrawn this year: 0.26844142486822982
2025-05-05 20:40:27.938  INFO 92277 --- [Test worker] c.a.l.service.InvestEventServiceImpl     : Withdrew 0.026020430998276153 for expenses from Investment ID: 3
2025-05-05 20:40:27.938  INFO 92277 --- [Test worker] c.a.l.service.InvestEventServiceImpl     : Withdrew 0.07053190722914346 for expenses from Investment ID: 4
2025-05-05 20:40:27.938  INFO 92277 --- [Test worker] c.a.l.service.InvestEventServiceImpl     : Withdrew 0.09189712394549691 for expenses from Investment ID: 5
2025-05-05 20:40:27.938  INFO 92277 --- [Test worker] c.a.l.service.InvestEventServiceImpl     : Withdrew 0.05698318269758926 for expenses from Investment ID: 2
2025-05-05 20:40:27.938  INFO 92277 --- [Test worker] c.a.l.service.InvestEventServiceImpl     : Total expenses withdrawn this year: 0.245432644870505783
2025-05-05 20:40:27.958  INFO 92277 --- [Test worker] c.a.l.service.InvestEventServiceImpl     : Withdrew 0.02329743148641716 for expenses from Investment ID: 3
2025-05-05 20:40:27.958  INFO 92277 --- [Test worker] c.a.l.service.InvestEventServiceImpl     : Withdrew 0.06796741470990827 for expenses from Investment ID: 4
2025-05-05 20:40:27.958  INFO 92277 --- [Test worker] c.a.l.service.InvestEventServiceImpl     : Withdrew 0.09699394330541919 for expenses from Investment ID: 5
2025-05-05 20:40:27.958  INFO 92277 --- [Test worker] c.a.l.service.InvestEventServiceImpl     : Withdrew 0.051548203355866025 for expenses from Investment ID: 2
2025-05-05 20:40:27.958  INFO 92277 --- [Test worker] c.a.l.service.InvestEventServiceImpl     : Total expenses withdrawn this year: 0.239806992857610645
2025-05-05 20:40:27.979  INFO 92277 --- [Test worker] c.a.l.service.InvestEventServiceImpl     : Withdrew 0.04000829562632817 for expenses from Investment ID: 3
2025-05-05 20:40:27.979  INFO 92277 --- [Test worker] c.a.l.service.InvestEventServiceImpl     : Withdrew 0.061834662635562324 for expenses from Investment ID: 4
2025-05-05 20:40:27.979  INFO 92277 --- [Test worker] c.a.l.service.InvestEventServiceImpl     : Withdrew 0.10600484256771948 for expenses from Investment ID: 5
2025-05-05 20:40:27.979  INFO 92277 --- [Test worker] c.a.l.service.InvestEventServiceImpl     : Withdrew 0.06414597796955211 for expenses from Investment ID: 2
2025-05-05 20:40:27.979  INFO 92277 --- [Test worker] c.a.l.service.InvestEventServiceImpl     : Total expenses withdrawn this year: 0.271993778799162084
2025-05-05 20:40:28.001  INFO 92277 --- [Test worker] c.a.l.service.InvestEventServiceImpl     : Withdrew 0.04158044706984273 for expenses from Investment ID: 3
2025-05-05 20:40:28.001  INFO 92277 --- [Test worker] c.a.l.service.InvestEventServiceImpl     : Withdrew 0.07079320453060432 for expenses from Investment ID: 4
2025-05-05 20:40:28.001  INFO 92277 --- [Test worker] c.a.l.service.InvestEventServiceImpl     : Withdrew 0.07634809058792576 for expenses from Investment ID: 5
2025-05-05 20:40:28.001  INFO 92277 --- [Test worker] c.a.l.service.InvestEventServiceImpl     : Withdrew 0.07767134892902539 for expenses from Investment ID: 2
2025-05-05 20:40:28.001  INFO 92277 --- [Test worker] c.a.l.service.InvestEventServiceImpl     : Total expenses withdrawn this year: 0.26639309111739820
2025-05-05 20:40:28.034  INFO 92277 --- [Test worker] c.a.l.service.InvestEventServiceImpl     : Withdrew 0.040072504223465935 for expenses from Investment ID: 3
2025-05-05 20:40:28.035  INFO 92277 --- [Test worker] c.a.l.service.InvestEventServiceImpl     : Withdrew 0.07167095533061672 for expenses from Investment ID: 4
2025-05-05 20:40:28.035  INFO 92277 --- [Test worker] c.a.l.service.InvestEventServiceImpl     : Withdrew 0.06670113408182518 for expenses from Investment ID: 5
2025-05-05 20:40:28.035  INFO 92277 --- [Test worker] c.a.l.service.InvestEventServiceImpl     : Withdrew 0.08350590193986634 for expenses from Investment ID: 2
2025-05-05 20:40:28.035  INFO 92277 --- [Test worker] c.a.l.service.InvestEventServiceImpl     : Total expenses withdrawn this year: 0.261950495575774175
2025-05-05 20:40:28.053  INFO 92277 --- [Test worker] c.a.l.service.InvestEventServiceImpl     : Withdrew 0.032579142338950845 for expenses from Investment ID: 3
2025-05-05 20:40:28.053  INFO 92277 --- [Test worker] c.a.l.service.InvestEventServiceImpl     : Withdrew 0.05160618628621587 for expenses from Investment ID: 4
2025-05-05 20:40:28.053  INFO 92277 --- [Test worker] c.a.l.service.InvestEventServiceImpl     : Withdrew 0.07971147542646374 for expenses from Investment ID: 5
2025-05-05 20:40:28.053  INFO 92277 --- [Test worker] c.a.l.service.InvestEventServiceImpl     : Withdrew 0.08195607445123958 for expenses from Investment ID: 2
2025-05-05 20:40:28.053  INFO 92277 --- [Test worker] c.a.l.service.InvestEventServiceImpl     : Total expenses withdrawn this year: 0.245852878502870035
2025-05-05 20:40:28.072  INFO 92277 --- [Test worker] c.a.l.service.InvestEventServiceImpl     : Withdrew 0.024135544301913538 for expenses from Investment ID: 3
2025-05-05 20:40:28.073  INFO 92277 --- [Test worker] c.a.l.service.InvestEventServiceImpl     : Withdrew 0.1174922368024001 for expenses from Investment ID: 4
2025-05-05 20:40:28.073  INFO 92277 --- [Test worker] c.a.l.service.InvestEventServiceImpl     : Withdrew 0.039620698369861054 for expenses from Investment ID: 5
2025-05-05 20:40:28.073  INFO 92277 --- [Test worker] c.a.l.service.InvestEventServiceImpl     : Withdrew 0.05678244579559181 for expenses from Investment ID: 2
2025-05-05 20:40:28.073  INFO 92277 --- [Test worker] c.a.l.service.InvestEventServiceImpl     : Total expenses withdrawn this year: 0.238030925269766502
2025-05-05 20:40:28.090  INFO 92277 --- [Test worker] c.a.l.service.InvestEventServiceImpl     : Withdrew 0.0402615000003897 for expenses from Investment ID: 3
2025-05-05 20:40:28.090  INFO 92277 --- [Test worker] c.a.l.service.InvestEventServiceImpl     : Withdrew 0.05440028769404415 for expenses from Investment ID: 4
2025-05-05 20:40:28.090  INFO 92277 --- [Test worker] c.a.l.service.InvestEventServiceImpl     : Withdrew 0.07387057857250934 for expenses from Investment ID: 5
2025-05-05 20:40:28.090  INFO 92277 --- [Test worker] c.a.l.service.InvestEventServiceImpl     : Withdrew 0.07948919681346864 for expenses from Investment ID: 2
2025-05-05 20:40:28.090  INFO 92277 --- [Test worker] c.a.l.service.InvestEventServiceImpl     : Total expenses withdrawn this year: 0.24802156308041183
2025-05-05 20:40:28.106  INFO 92277 --- [Test worker] c.a.l.service.InvestEventServiceImpl     : Withdrew 0.03750925197238295 for expenses from Investment ID: 3
2025-05-05 20:40:28.107  INFO 92277 --- [Test worker] c.a.l.service.InvestEventServiceImpl     : Withdrew 0.05449323909795211 for expenses from Investment ID: 4
2025-05-05 20:40:28.107  INFO 92277 --- [Test worker] c.a.l.service.InvestEventServiceImpl     : Withdrew 0.08919951758887752 for expenses from Investment ID: 5
2025-05-05 20:40:28.107  INFO 92277 --- [Test worker] c.a.l.service.InvestEventServiceImpl     : Withdrew 0.04240542632051128 for expenses from Investment ID: 2
2025-05-05 20:40:28.107  INFO 92277 --- [Test worker] c.a.l.service.InvestEventServiceImpl     : Total expenses withdrawn this year: 0.22360743497972386
2025-05-05 20:40:28.125  INFO 92277 --- [Test worker] c.a.l.service.InvestEventServiceImpl     : Withdrew 0.02366373176324246 for expenses from Investment ID: 3
2025-05-05 20:40:28.125  INFO 92277 --- [Test worker] c.a.l.service.InvestEventServiceImpl     : Withdrew 0.0810269214222552 for expenses from Investment ID: 4
2025-05-05 20:40:28.125  INFO 92277 --- [Test worker] c.a.l.service.InvestEventServiceImpl     : Withdrew 0.08634336476387998 for expenses from Investment ID: 5
2025-05-05 20:40:28.125  INFO 92277 --- [Test worker] c.a.l.service.InvestEventServiceImpl     : Withdrew 0.07815025074523144 for expenses from Investment ID: 2
2025-05-05 20:40:28.125  INFO 92277 --- [Test worker] c.a.l.service.InvestEventServiceImpl     : Total expenses withdrawn this year: 0.26918426869460908
2025-05-05 20:40:28.141  INFO 92277 --- [Test worker] c.a.l.service.InvestEventServiceImpl     : Withdrew 0.03060633253258311 for expenses from Investment ID: 3
2025-05-05 20:40:28.142  INFO 92277 --- [Test worker] c.a.l.service.InvestEventServiceImpl     : Withdrew 0.06747511242055482 for expenses from Investment ID: 4
2025-05-05 20:40:28.142  INFO 92277 --- [Test worker] c.a.l.service.InvestEventServiceImpl     : Withdrew 0.055710321458902964 for expenses from Investment ID: 5
2025-05-05 20:40:28.142  INFO 92277 --- [Test worker] c.a.l.service.InvestEventServiceImpl     : Withdrew 0.06302449635824303 for expenses from Investment ID: 2
2025-05-05 20:40:28.142  INFO 92277 --- [Test worker] c.a.l.service.InvestEventServiceImpl     : Total expenses withdrawn this year: 0.216816262770283924
2025-05-05 20:40:28.158  INFO 92277 --- [Test worker] c.a.l.service.InvestEventServiceImpl     : Withdrew 0.03543573266710678 for expenses from Investment ID: 3
2025-05-05 20:40:28.158  INFO 92277 --- [Test worker] c.a.l.service.InvestEventServiceImpl     : Withdrew 0.029567760655377976 for expenses from Investment ID: 4
2025-05-05 20:40:28.158  INFO 92277 --- [Test worker] c.a.l.service.InvestEventServiceImpl     : Withdrew 0.10618904531904043 for expenses from Investment ID: 5
2025-05-05 20:40:28.158  INFO 92277 --- [Test worker] c.a.l.service.InvestEventServiceImpl     : Withdrew 0.051907546232542054 for expenses from Investment ID: 2
2025-05-05 20:40:28.158  INFO 92277 --- [Test worker] c.a.l.service.InvestEventServiceImpl     : Total expenses withdrawn this year: 0.223100084874067240
2025-05-05 20:40:28.174  INFO 92277 --- [Test worker] c.a.l.service.InvestEventServiceImpl     : Withdrew 0.037599968602386506 for expenses from Investment ID: 3
2025-05-05 20:40:28.174  INFO 92277 --- [Test worker] c.a.l.service.InvestEventServiceImpl     : Withdrew 0.07306685385133985 for expenses from Investment ID: 4
2025-05-05 20:40:28.174  INFO 92277 --- [Test worker] c.a.l.service.InvestEventServiceImpl     : Withdrew 0.07145548271762378 for expenses from Investment ID: 5
2025-05-05 20:40:28.174  INFO 92277 --- [Test worker] c.a.l.service.InvestEventServiceImpl     : Withdrew 0.0830677018464173 for expenses from Investment ID: 2
2025-05-05 20:40:28.174  INFO 92277 --- [Test worker] c.a.l.service.InvestEventServiceImpl     : Total expenses withdrawn this year: 0.265190007017767436
2025-05-05 20:40:28.190  INFO 92277 --- [Test worker] c.a.l.service.InvestEventServiceImpl     : Withdrew 0.021854732702462697 for expenses from Investment ID: 3
2025-05-05 20:40:28.190  INFO 92277 --- [Test worker] c.a.l.service.InvestEventServiceImpl     : Withdrew 0.08446761254184366 for expenses from Investment ID: 4
2025-05-05 20:40:28.190  INFO 92277 --- [Test worker] c.a.l.service.InvestEventServiceImpl     : Withdrew 0.07085041554912615 for expenses from Investment ID: 5
2025-05-05 20:40:28.190  INFO 92277 --- [Test worker] c.a.l.service.InvestEventServiceImpl     : Withdrew 0.032958411438692874 for expenses from Investment ID: 2
2025-05-05 20:40:28.190  INFO 92277 --- [Test worker] c.a.l.service.InvestEventServiceImpl     : Total expenses withdrawn this year: 0.210131172232125381
2025-05-05 20:40:28.206  INFO 92277 --- [Test worker] c.a.l.service.InvestEventServiceImpl     : Withdrew 0.04795442277300905 for expenses from Investment ID: 3
2025-05-05 20:40:28.206  INFO 92277 --- [Test worker] c.a.l.service.InvestEventServiceImpl     : Withdrew 0.07273002048869368 for expenses from Investment ID: 4
2025-05-05 20:40:28.206  INFO 92277 --- [Test worker] c.a.l.service.InvestEventServiceImpl     : Withdrew 0.06860443902513062 for expenses from Investment ID: 5
2025-05-05 20:40:28.206  INFO 92277 --- [Test worker] c.a.l.service.InvestEventServiceImpl     : Withdrew 0.08904225861934427 for expenses from Investment ID: 2
2025-05-05 20:40:28.206  INFO 92277 --- [Test worker] c.a.l.service.InvestEventServiceImpl     : Total expenses withdrawn this year: 0.27833114090617762
2025-05-05 20:40:28.221  INFO 92277 --- [Test worker] c.a.l.service.InvestEventServiceImpl     : Withdrew 0.015583707727324255 for expenses from Investment ID: 3
2025-05-05 20:40:28.221  INFO 92277 --- [Test worker] c.a.l.service.InvestEventServiceImpl     : Withdrew 0.07186145372481717 for expenses from Investment ID: 4
2025-05-05 20:40:28.221  INFO 92277 --- [Test worker] c.a.l.service.InvestEventServiceImpl     : Withdrew 0.052077661664337464 for expenses from Investment ID: 5
2025-05-05 20:40:28.221  INFO 92277 --- [Test worker] c.a.l.service.InvestEventServiceImpl     : Withdrew 0.06714408559719173 for expenses from Investment ID: 2
2025-05-05 20:40:28.221  INFO 92277 --- [Test worker] c.a.l.service.InvestEventServiceImpl     : Total expenses withdrawn this year: 0.206666908713670619
2025-05-05 20:40:28.238  INFO 92277 --- [Test worker] c.a.l.service.InvestEventServiceImpl     : Withdrew 0.032859235465394876 for expenses from Investment ID: 3
2025-05-05 20:40:28.238  INFO 92277 --- [Test worker] c.a.l.service.InvestEventServiceImpl     : Withdrew 0.08926519045907196 for expenses from Investment ID: 4
2025-05-05 20:40:28.238  INFO 92277 --- [Test worker] c.a.l.service.InvestEventServiceImpl     : Withdrew 0.07229184777527242 for expenses from Investment ID: 5
2025-05-05 20:40:28.238  INFO 92277 --- [Test worker] c.a.l.service.InvestEventServiceImpl     : Withdrew 0.061137121270631443 for expenses from Investment ID: 2
2025-05-05 20:40:28.238  INFO 92277 --- [Test worker] c.a.l.service.InvestEventServiceImpl     : Total expenses withdrawn this year: 0.255553394970370699
2025-05-05 20:40:28.256  INFO 92277 --- [Test worker] c.a.l.service.InvestEventServiceImpl     : Withdrew 0.023582896980345415 for expenses from Investment ID: 3
2025-05-05 20:40:28.257  INFO 92277 --- [Test worker] c.a.l.service.InvestEventServiceImpl     : Withdrew 0.0994630615599869 for expenses from Investment ID: 4
2025-05-05 20:40:28.257  INFO 92277 --- [Test worker] c.a.l.service.InvestEventServiceImpl     : Withdrew 0.07037069110445969 for expenses from Investment ID: 5
2025-05-05 20:40:28.257  INFO 92277 --- [Test worker] c.a.l.service.InvestEventServiceImpl     : Withdrew 0.09274194899055077 for expenses from Investment ID: 2
2025-05-05 20:40:28.257  INFO 92277 --- [Test worker] c.a.l.service.InvestEventServiceImpl     : Total expenses withdrawn this year: 0.286158598635342775
2025-05-05 20:40:28.273  INFO 92277 --- [Test worker] c.a.l.service.InvestEventServiceImpl     : Withdrew 0.03387178834932961 for expenses from Investment ID: 3
2025-05-05 20:40:28.273  INFO 92277 --- [Test worker] c.a.l.service.InvestEventServiceImpl     : Withdrew 0.057832758921743214 for expenses from Investment ID: 4
2025-05-05 20:40:28.273  INFO 92277 --- [Test worker] c.a.l.service.InvestEventServiceImpl     : Withdrew 0.053003322015177524 for expenses from Investment ID: 5
2025-05-05 20:40:28.273  INFO 92277 --- [Test worker] c.a.l.service.InvestEventServiceImpl     : Withdrew 0.06220583380499044 for expenses from Investment ID: 2
2025-05-05 20:40:28.273  INFO 92277 --- [Test worker] c.a.l.service.InvestEventServiceImpl     : Total expenses withdrawn this year: 0.206913703091240788
2025-05-05 20:40:28.295  INFO 92277 --- [Test worker] c.a.l.service.InvestEventServiceImpl     : Withdrew 0.03162786196000552 for expenses from Investment ID: 3
2025-05-05 20:40:28.295  INFO 92277 --- [Test worker] c.a.l.service.InvestEventServiceImpl     : Withdrew 0.06218047045395448 for expenses from Investment ID: 4
2025-05-05 20:40:28.295  INFO 92277 --- [Test worker] c.a.l.service.InvestEventServiceImpl     : Withdrew 0.11931790317462068 for expenses from Investment ID: 5
2025-05-05 20:40:28.295  INFO 92277 --- [Test worker] c.a.l.service.InvestEventServiceImpl     : Withdrew 0.0894420342274373 for expenses from Investment ID: 2
2025-05-05 20:40:28.295  INFO 92277 --- [Test worker] c.a.l.service.InvestEventServiceImpl     : Total expenses withdrawn this year: 0.30256826981601798
2025-05-05 20:40:28.313  INFO 92277 --- [Test worker] c.a.l.service.InvestEventServiceImpl     : Withdrew 0.030178628375372673 for expenses from Investment ID: 3
2025-05-05 20:40:28.313  INFO 92277 --- [Test worker] c.a.l.service.InvestEventServiceImpl     : Withdrew 0.05044116903050583 for expenses from Investment ID: 4
2025-05-05 20:40:28.313  INFO 92277 --- [Test worker] c.a.l.service.InvestEventServiceImpl     : Withdrew 0.07238511605544604 for expenses from Investment ID: 5
2025-05-05 20:40:28.313  INFO 92277 --- [Test worker] c.a.l.service.InvestEventServiceImpl     : Withdrew 0.09506005070915141 for expenses from Investment ID: 2
2025-05-05 20:40:28.313  INFO 92277 --- [Test worker] c.a.l.service.InvestEventServiceImpl     : Total expenses withdrawn this year: 0.248064964170475953
2025-05-05 20:40:28.330  INFO 92277 --- [Test worker] c.a.l.service.InvestEventServiceImpl     : Withdrew 0.07924192885938525 for expenses from Investment ID: 4
2025-05-05 20:40:28.330  INFO 92277 --- [Test worker] c.a.l.service.InvestEventServiceImpl     : Withdrew 0.07770653035125426 for expenses from Investment ID: 5
2025-05-05 20:40:28.330  INFO 92277 --- [Test worker] c.a.l.service.InvestEventServiceImpl     : Withdrew 0.10363626118238412 for expenses from Investment ID: 2
2025-05-05 20:40:28.330  INFO 92277 --- [Test worker] c.a.l.service.InvestEventServiceImpl     : Total expenses withdrawn this year: 0.26058472039302363
2025-05-05 20:40:28.347  INFO 92277 --- [Test worker] c.a.l.service.InvestEventServiceImpl     : Withdrew 0.025892380329936206 for expenses from Investment ID: 3
2025-05-05 20:40:28.347  INFO 92277 --- [Test worker] c.a.l.service.InvestEventServiceImpl     : Withdrew 0.08968471910682489 for expenses from Investment ID: 4
2025-05-05 20:40:28.347  INFO 92277 --- [Test worker] c.a.l.service.InvestEventServiceImpl     : Withdrew 0.08081419224623387 for expenses from Investment ID: 5
2025-05-05 20:40:28.347  INFO 92277 --- [Test worker] c.a.l.service.InvestEventServiceImpl     : Withdrew 0.07433650754183634 for expenses from Investment ID: 2
2025-05-05 20:40:28.347  INFO 92277 --- [Test worker] c.a.l.service.InvestEventServiceImpl     : Total expenses withdrawn this year: 0.270727799224831306
2025-05-05 20:40:28.363  INFO 92277 --- [Test worker] c.a.l.service.InvestEventServiceImpl     : Withdrew 0.040223338027481785 for expenses from Investment ID: 3
2025-05-05 20:40:28.363  INFO 92277 --- [Test worker] c.a.l.service.InvestEventServiceImpl     : Withdrew 0.10508371769186756 for expenses from Investment ID: 4
2025-05-05 20:40:28.363  INFO 92277 --- [Test worker] c.a.l.service.InvestEventServiceImpl     : Withdrew 0.05950937285533505 for expenses from Investment ID: 5
2025-05-05 20:40:28.363  INFO 92277 --- [Test worker] c.a.l.service.InvestEventServiceImpl     : Withdrew 0.06766858769426008 for expenses from Investment ID: 2
2025-05-05 20:40:28.363  INFO 92277 --- [Test worker] c.a.l.service.InvestEventServiceImpl     : Total expenses withdrawn this year: 0.272485016268944475
2025-05-05 20:40:28.381  INFO 92277 --- [Test worker] c.a.l.service.InvestEventServiceImpl     : Withdrew 0.032224329429976946 for expenses from Investment ID: 3
2025-05-05 20:40:28.381  INFO 92277 --- [Test worker] c.a.l.service.InvestEventServiceImpl     : Withdrew 0.06565797819429874 for expenses from Investment ID: 4
2025-05-05 20:40:28.381  INFO 92277 --- [Test worker] c.a.l.service.InvestEventServiceImpl     : Withdrew 0.09738453867059468 for expenses from Investment ID: 5
2025-05-05 20:40:28.381  INFO 92277 --- [Test worker] c.a.l.service.InvestEventServiceImpl     : Withdrew 0.10555818105547399 for expenses from Investment ID: 2
2025-05-05 20:40:28.381  INFO 92277 --- [Test worker] c.a.l.service.InvestEventServiceImpl     : Total expenses withdrawn this year: 0.300825027350344356
2025-05-05 20:40:28.397  INFO 92277 --- [Test worker] c.a.l.service.InvestEventServiceImpl     : Withdrew 0.03897246615197167 for expenses from Investment ID: 3
2025-05-05 20:40:28.398  INFO 92277 --- [Test worker] c.a.l.service.InvestEventServiceImpl     : Withdrew 0.11405934415610051 for expenses from Investment ID: 4
2025-05-05 20:40:28.398  INFO 92277 --- [Test worker] c.a.l.service.InvestEventServiceImpl     : Withdrew 0.050437637671305595 for expenses from Investment ID: 5
2025-05-05 20:40:28.398  INFO 92277 --- [Test worker] c.a.l.service.InvestEventServiceImpl     : Withdrew 0.09114689781202279 for expenses from Investment ID: 2
2025-05-05 20:40:28.398  INFO 92277 --- [Test worker] c.a.l.service.InvestEventServiceImpl     : Total expenses withdrawn this year: 0.294616345791400565
2025-05-05 20:40:28.413  INFO 92277 --- [Test worker] c.a.l.service.InvestEventServiceImpl     : Withdrew 0.041678716924676215 for expenses from Investment ID: 3
2025-05-05 20:40:28.413  INFO 92277 --- [Test worker] c.a.l.service.InvestEventServiceImpl     : Withdrew 0.05823323786646207 for expenses from Investment ID: 4
2025-05-05 20:40:28.413  INFO 92277 --- [Test worker] c.a.l.service.InvestEventServiceImpl     : Withdrew 0.08765726305061732 for expenses from Investment ID: 5
2025-05-05 20:40:28.413  INFO 92277 --- [Test worker] c.a.l.service.InvestEventServiceImpl     : Withdrew 0.10761848921982171 for expenses from Investment ID: 2
2025-05-05 20:40:28.413  INFO 92277 --- [Test worker] c.a.l.service.InvestEventServiceImpl     : Total expenses withdrawn this year: 0.295187707061577315
2025-05-05 20:40:28.429  INFO 92277 --- [Test worker] c.a.l.service.InvestEventServiceImpl     : Withdrew 0.03201472546752788 for expenses from Investment ID: 3
2025-05-05 20:40:28.429  INFO 92277 --- [Test worker] c.a.l.service.InvestEventServiceImpl     : Withdrew 0.06209558166279691 for expenses from Investment ID: 4
2025-05-05 20:40:28.429  INFO 92277 --- [Test worker] c.a.l.service.InvestEventServiceImpl     : Withdrew 0.04826075773410717 for expenses from Investment ID: 5
2025-05-05 20:40:28.429  INFO 92277 --- [Test worker] c.a.l.service.InvestEventServiceImpl     : Withdrew 0.11044050343900014 for expenses from Investment ID: 2
2025-05-05 20:40:28.429  INFO 92277 --- [Test worker] c.a.l.service.InvestEventServiceImpl     : Total expenses withdrawn this year: 0.25281156830343210
2025-05-05 20:40:28.448  INFO 92277 --- [Test worker] c.a.l.service.InvestEventServiceImpl     : Withdrew 0.031225798516160252 for expenses from Investment ID: 3
2025-05-05 20:40:28.449  INFO 92277 --- [Test worker] c.a.l.service.InvestEventServiceImpl     : Withdrew 0.03222085957731875 for expenses from Investment ID: 4
2025-05-05 20:40:28.449  INFO 92277 --- [Test worker] c.a.l.service.InvestEventServiceImpl     : Withdrew 0.08246558135046093 for expenses from Investment ID: 5
2025-05-05 20:40:28.449  INFO 92277 --- [Test worker] c.a.l.service.InvestEventServiceImpl     : Withdrew 0.09422770956581301 for expenses from Investment ID: 2
2025-05-05 20:40:28.449  INFO 92277 --- [Test worker] c.a.l.service.InvestEventServiceImpl     : Total expenses withdrawn this year: 0.240139949009752942
2025-05-05 20:40:28.468  INFO 92277 --- [Test worker] c.a.l.service.InvestEventServiceImpl     : Withdrew 0.04292201658203751 for expenses from Investment ID: 3
2025-05-05 20:40:28.468  INFO 92277 --- [Test worker] c.a.l.service.InvestEventServiceImpl     : Withdrew 0.06495238788880589 for expenses from Investment ID: 4
2025-05-05 20:40:28.468  INFO 92277 --- [Test worker] c.a.l.service.InvestEventServiceImpl     : Withdrew 0.08141281313935997 for expenses from Investment ID: 5
2025-05-05 20:40:28.468  INFO 92277 --- [Test worker] c.a.l.service.InvestEventServiceImpl     : Withdrew 0.06215229915007542 for expenses from Investment ID: 2
2025-05-05 20:40:28.469  INFO 92277 --- [Test worker] c.a.l.service.InvestEventServiceImpl     : Total expenses withdrawn this year: 0.25143951676027879
2025-05-05 20:40:28.487  INFO 92277 --- [Test worker] c.a.l.service.InvestEventServiceImpl     : Withdrew 0.0393847232330029 for expenses from Investment ID: 3
2025-05-05 20:40:28.488  INFO 92277 --- [Test worker] c.a.l.service.InvestEventServiceImpl     : Withdrew 0.0564383598923366 for expenses from Investment ID: 4
2025-05-05 20:40:28.488  INFO 92277 --- [Test worker] c.a.l.service.InvestEventServiceImpl     : Withdrew 0.07336870664152469 for expenses from Investment ID: 5
2025-05-05 20:40:28.488  INFO 92277 --- [Test worker] c.a.l.service.InvestEventServiceImpl     : Withdrew 0.07056884009052515 for expenses from Investment ID: 2
2025-05-05 20:40:28.488  INFO 92277 --- [Test worker] c.a.l.service.InvestEventServiceImpl     : Total expenses withdrawn this year: 0.23976062985738934
2025-05-05 20:40:28.512  INFO 92277 --- [Test worker] c.a.l.service.InvestEventServiceImpl     : Withdrew 0.04022002198495793 for expenses from Investment ID: 3
2025-05-05 20:40:28.513  INFO 92277 --- [Test worker] c.a.l.service.InvestEventServiceImpl     : Withdrew 0.10627118531606444 for expenses from Investment ID: 4
2025-05-05 20:40:28.513  INFO 92277 --- [Test worker] c.a.l.service.InvestEventServiceImpl     : Withdrew 0.07993983888785529 for expenses from Investment ID: 5
2025-05-05 20:40:28.513  INFO 92277 --- [Test worker] c.a.l.service.InvestEventServiceImpl     : Withdrew 0.0566550241942072 for expenses from Investment ID: 2
2025-05-05 20:40:28.513  INFO 92277 --- [Test worker] c.a.l.service.InvestEventServiceImpl     : Total expenses withdrawn this year: 0.28308607038308486
2025-05-05 20:40:28.532  INFO 92277 --- [Test worker] c.a.l.service.InvestEventServiceImpl     : Withdrew 0.026688370710340942 for expenses from Investment ID: 3
2025-05-05 20:40:28.533  INFO 92277 --- [Test worker] c.a.l.service.InvestEventServiceImpl     : Withdrew 0.07471674805760212 for expenses from Investment ID: 4
2025-05-05 20:40:28.533  INFO 92277 --- [Test worker] c.a.l.service.InvestEventServiceImpl     : Withdrew 0.09428333969712009 for expenses from Investment ID: 5
2025-05-05 20:40:28.533  INFO 92277 --- [Test worker] c.a.l.service.InvestEventServiceImpl     : Withdrew 0.09903150779159546 for expenses from Investment ID: 2
2025-05-05 20:40:28.533  INFO 92277 --- [Test worker] c.a.l.service.InvestEventServiceImpl     : Total expenses withdrawn this year: 0.294719966256658612
2025-05-05 20:40:28.551  INFO 92277 --- [Test worker] c.a.l.service.InvestEventServiceImpl     : Withdrew 0.03936281966628239 for expenses from Investment ID: 3
2025-05-05 20:40:28.551  INFO 92277 --- [Test worker] c.a.l.service.InvestEventServiceImpl     : Withdrew 0.05837101862193544 for expenses from Investment ID: 4
2025-05-05 20:40:28.551  INFO 92277 --- [Test worker] c.a.l.service.InvestEventServiceImpl     : Withdrew 0.09821758897487501 for expenses from Investment ID: 5
2025-05-05 20:40:28.551  INFO 92277 --- [Test worker] c.a.l.service.InvestEventServiceImpl     : Withdrew 0.08246206951199277 for expenses from Investment ID: 2
2025-05-05 20:40:28.551  INFO 92277 --- [Test worker] c.a.l.service.InvestEventServiceImpl     : Total expenses withdrawn this year: 0.27841349677508561
2025-05-05 20:40:28.571  INFO 92277 --- [Test worker] c.a.l.service.InvestEventServiceImpl     : Withdrew 0.019588104330634834 for expenses from Investment ID: 3
2025-05-05 20:40:28.572  INFO 92277 --- [Test worker] c.a.l.service.InvestEventServiceImpl     : Withdrew 0.09379780820787922 for expenses from Investment ID: 4
2025-05-05 20:40:28.572  INFO 92277 --- [Test worker] c.a.l.service.InvestEventServiceImpl     : Withdrew 0.08061025992830992 for expenses from Investment ID: 5
2025-05-05 20:40:28.572  INFO 92277 --- [Test worker] c.a.l.service.InvestEventServiceImpl     : Withdrew 0.11579367692402376 for expenses from Investment ID: 2
2025-05-05 20:40:28.572  INFO 92277 --- [Test worker] c.a.l.service.InvestEventServiceImpl     : Total expenses withdrawn this year: 0.309789849390847734
2025-05-05 20:40:28.593  INFO 92277 --- [Test worker] c.a.l.service.InvestEventServiceImpl     : Withdrew 0.027267228892190486 for expenses from Investment ID: 3
2025-05-05 20:40:28.593  INFO 92277 --- [Test worker] c.a.l.service.InvestEventServiceImpl     : Withdrew 0.09124060787373448 for expenses from Investment ID: 4
2025-05-05 20:40:28.593  INFO 92277 --- [Test worker] c.a.l.service.InvestEventServiceImpl     : Withdrew 0.09405520466244456 for expenses from Investment ID: 5
2025-05-05 20:40:28.593  INFO 92277 --- [Test worker] c.a.l.service.InvestEventServiceImpl     : Withdrew 0.054639891793315624 for expenses from Investment ID: 2
2025-05-05 20:40:28.593  INFO 92277 --- [Test worker] c.a.l.service.InvestEventServiceImpl     : Total expenses withdrawn this year: 0.267202933221685150
2025-05-05 20:40:28.645  INFO 92277 --- [Test worker] c.a.l.service.InvestEventServiceImpl     : Withdrew 100.0 for expenses from Investment ID: 1
2025-05-05 20:40:28.645  INFO 92277 --- [Test worker] c.a.l.service.InvestEventServiceImpl     : Withdrew 2000.0 for expenses from Investment ID: 3
2025-05-05 20:40:28.645  INFO 92277 --- [Test worker] c.a.l.service.InvestEventServiceImpl     : Withdrew 10000.0 for expenses from Investment ID: 4
2025-05-05 20:40:28.645  INFO 92277 --- [Test worker] c.a.l.service.InvestEventServiceImpl     : Withdrew 2000.0 for expenses from Investment ID: 5
2025-05-05 20:40:28.645  INFO 92277 --- [Test worker] c.a.l.service.InvestEventServiceImpl     : Withdrew 10000.0 for expenses from Investment ID: 2
2025-05-05 20:40:28.645  INFO 92277 --- [Test worker] c.a.l.service.InvestEventServiceImpl     : Total expenses withdrawn this year: 24100.0
2025-05-05 20:40:28.673  INFO 92277 --- [Test worker] c.a.l.service.InvestEventServiceImpl     : Withdrew 0.04360814755216367 for expenses from Investment ID: 3
2025-05-05 20:40:28.673  INFO 92277 --- [Test worker] c.a.l.service.InvestEventServiceImpl     : Withdrew 0.04214553531583565 for expenses from Investment ID: 4
2025-05-05 20:40:28.673  INFO 92277 --- [Test worker] c.a.l.service.InvestEventServiceImpl     : Withdrew 0.07959391059267834 for expenses from Investment ID: 5
2025-05-05 20:40:28.673  INFO 92277 --- [Test worker] c.a.l.service.InvestEventServiceImpl     : Withdrew 0.07663658108952193 for expenses from Investment ID: 2
2025-05-05 20:40:28.673  INFO 92277 --- [Test worker] c.a.l.service.InvestEventServiceImpl     : Total expenses withdrawn this year: 0.24198417455019959
2025-05-05 20:40:28.691  INFO 92277 --- [Test worker] c.a.l.service.InvestEventServiceImpl     : Withdrew 0.03079483316356325 for expenses from Investment ID: 3
2025-05-05 20:40:28.691  INFO 92277 --- [Test worker] c.a.l.service.InvestEventServiceImpl     : Withdrew 0.0834326560783685 for expenses from Investment ID: 4
2025-05-05 20:40:28.692  INFO 92277 --- [Test worker] c.a.l.service.InvestEventServiceImpl     : Withdrew 0.06748561118213324 for expenses from Investment ID: 5
2025-05-05 20:40:28.692  INFO 92277 --- [Test worker] c.a.l.service.InvestEventServiceImpl     : Withdrew 0.08766852193079674 for expenses from Investment ID: 2
2025-05-05 20:40:28.692  INFO 92277 --- [Test worker] c.a.l.service.InvestEventServiceImpl     : Total expenses withdrawn this year: 0.26938162235486173
2025-05-05 20:40:28.711  INFO 92277 --- [Test worker] c.a.l.service.InvestEventServiceImpl     : Withdrew 0.04394117558872606 for expenses from Investment ID: 3
2025-05-05 20:40:28.711  INFO 92277 --- [Test worker] c.a.l.service.InvestEventServiceImpl     : Withdrew 0.02161663390468733 for expenses from Investment ID: 4
2025-05-05 20:40:28.711  INFO 92277 --- [Test worker] c.a.l.service.InvestEventServiceImpl     : Withdrew 0.06673828933531152 for expenses from Investment ID: 5
2025-05-05 20:40:28.711  INFO 92277 --- [Test worker] c.a.l.service.InvestEventServiceImpl     : Withdrew 0.08114788937535108 for expenses from Investment ID: 2
2025-05-05 20:40:28.711  INFO 92277 --- [Test worker] c.a.l.service.InvestEventServiceImpl     : Total expenses withdrawn this year: 0.21344398820407599
2025-05-05 20:40:28.731  INFO 92277 --- [Test worker] c.a.l.service.InvestEventServiceImpl     : Withdrew 0.03868877680627225 for expenses from Investment ID: 3
2025-05-05 20:40:28.731  INFO 92277 --- [Test worker] c.a.l.service.InvestEventServiceImpl     : Withdrew 0.036316808383620454 for expenses from Investment ID: 4
2025-05-05 20:40:28.732  INFO 92277 --- [Test worker] c.a.l.service.InvestEventServiceImpl     : Withdrew 0.07593130129188029 for expenses from Investment ID: 5
2025-05-05 20:40:28.732  INFO 92277 --- [Test worker] c.a.l.service.InvestEventServiceImpl     : Withdrew 0.1000698110163932 for expenses from Investment ID: 2
2025-05-05 20:40:28.732  INFO 92277 --- [Test worker] c.a.l.service.InvestEventServiceImpl     : Total expenses withdrawn this year: 0.251006697498166194
2025-05-05 20:40:28.748  INFO 92277 --- [Test worker] c.a.l.service.InvestEventServiceImpl     : Withdrew 0.048771260512422344 for expenses from Investment ID: 3
2025-05-05 20:40:28.748  INFO 92277 --- [Test worker] c.a.l.service.InvestEventServiceImpl     : Withdrew 0.06364994928123337 for expenses from Investment ID: 4
2025-05-05 20:40:28.748  INFO 92277 --- [Test worker] c.a.l.service.InvestEventServiceImpl     : Withdrew 0.07944196980789199 for expenses from Investment ID: 5
2025-05-05 20:40:28.748  INFO 92277 --- [Test worker] c.a.l.service.InvestEventServiceImpl     : Withdrew 0.032082513734414356 for expenses from Investment ID: 2
2025-05-05 20:40:28.748  INFO 92277 --- [Test worker] c.a.l.service.InvestEventServiceImpl     : Total expenses withdrawn this year: 0.223945693335962060
2025-05-05 20:40:28.766  INFO 92277 --- [Test worker] c.a.l.service.InvestEventServiceImpl     : Withdrew 0.035300150888049414 for expenses from Investment ID: 3
2025-05-05 20:40:28.766  INFO 92277 --- [Test worker] c.a.l.service.InvestEventServiceImpl     : Withdrew 0.08228773632036296 for expenses from Investment ID: 4
2025-05-05 20:40:28.766  INFO 92277 --- [Test worker] c.a.l.service.InvestEventServiceImpl     : Withdrew 0.0791302239510114 for expenses from Investment ID: 5
2025-05-05 20:40:28.766  INFO 92277 --- [Test worker] c.a.l.service.InvestEventServiceImpl     : Withdrew 0.04819908862868325 for expenses from Investment ID: 2
2025-05-05 20:40:28.766  INFO 92277 --- [Test worker] c.a.l.service.InvestEventServiceImpl     : Total expenses withdrawn this year: 0.244917199788107024
2025-05-05 20:40:28.782  INFO 92277 --- [Test worker] c.a.l.service.InvestEventServiceImpl     : Withdrew 0.04711822378092082 for expenses from Investment ID: 3
2025-05-05 20:40:28.782  INFO 92277 --- [Test worker] c.a.l.service.InvestEventServiceImpl     : Withdrew 0.06519050600122397 for expenses from Investment ID: 4
2025-05-05 20:40:28.782  INFO 92277 --- [Test worker] c.a.l.service.InvestEventServiceImpl     : Withdrew 0.06936525812414411 for expenses from Investment ID: 5
2025-05-05 20:40:28.782  INFO 92277 --- [Test worker] c.a.l.service.InvestEventServiceImpl     : Withdrew 0.06948268364778479 for expenses from Investment ID: 2
2025-05-05 20:40:28.782  INFO 92277 --- [Test worker] c.a.l.service.InvestEventServiceImpl     : Total expenses withdrawn this year: 0.25115667155407369
2025-05-05 20:40:28.798  INFO 92277 --- [Test worker] c.a.l.service.InvestEventServiceImpl     : Withdrew 0.027214608122872245 for expenses from Investment ID: 3
2025-05-05 20:40:28.798  INFO 92277 --- [Test worker] c.a.l.service.InvestEventServiceImpl     : Withdrew 0.11004882657887043 for expenses from Investment ID: 4
2025-05-05 20:40:28.798  INFO 92277 --- [Test worker] c.a.l.service.InvestEventServiceImpl     : Withdrew 0.06769269491941492 for expenses from Investment ID: 5
2025-05-05 20:40:28.798  INFO 92277 --- [Test worker] c.a.l.service.InvestEventServiceImpl     : Withdrew 0.02178783519478486 for expenses from Investment ID: 2
2025-05-05 20:40:28.798  INFO 92277 --- [Test worker] c.a.l.service.InvestEventServiceImpl     : Total expenses withdrawn this year: 0.226743964815942455
2025-05-05 20:40:28.812  INFO 92277 --- [Test worker] c.a.l.service.InvestEventServiceImpl     : Withdrew 0.04464170284881241 for expenses from Investment ID: 3
2025-05-05 20:40:28.813  INFO 92277 --- [Test worker] c.a.l.service.InvestEventServiceImpl     : Withdrew 0.043573122440905276 for expenses from Investment ID: 4
2025-05-05 20:40:28.813  INFO 92277 --- [Test worker] c.a.l.service.InvestEventServiceImpl     : Withdrew 0.07562288119385922 for expenses from Investment ID: 5
2025-05-05 20:40:28.813  INFO 92277 --- [Test worker] c.a.l.service.InvestEventServiceImpl     : Withdrew 0.04162544564010238 for expenses from Investment ID: 2
2025-05-05 20:40:28.813  INFO 92277 --- [Test worker] c.a.l.service.InvestEventServiceImpl     : Total expenses withdrawn this year: 0.205463152123679286
2025-05-05 20:40:28.830  INFO 92277 --- [Test worker] c.a.l.service.InvestEventServiceImpl     : Withdrew 0.043472626310501514 for expenses from Investment ID: 3
2025-05-05 20:40:28.830  INFO 92277 --- [Test worker] c.a.l.service.InvestEventServiceImpl     : Withdrew 0.07701264400098291 for expenses from Investment ID: 4
2025-05-05 20:40:28.830  INFO 92277 --- [Test worker] c.a.l.service.InvestEventServiceImpl     : Withdrew 0.0855161990035298 for expenses from Investment ID: 5
2025-05-05 20:40:28.830  INFO 92277 --- [Test worker] c.a.l.service.InvestEventServiceImpl     : Withdrew 0.09053346464679302 for expenses from Investment ID: 2
2025-05-05 20:40:28.830  INFO 92277 --- [Test worker] c.a.l.service.InvestEventServiceImpl     : Total expenses withdrawn this year: 0.296534933961807244
2025-05-05 20:40:28.853  INFO 92277 --- [Test worker] c.a.l.service.InvestEventServiceImpl     : Withdrew 0.026943517797701474 for expenses from Investment ID: 3
2025-05-05 20:40:28.853  INFO 92277 --- [Test worker] c.a.l.service.InvestEventServiceImpl     : Withdrew 0.08719978359615996 for expenses from Investment ID: 4
2025-05-05 20:40:28.853  INFO 92277 --- [Test worker] c.a.l.service.InvestEventServiceImpl     : Withdrew 0.0930128735039508 for expenses from Investment ID: 5
2025-05-05 20:40:28.853  INFO 92277 --- [Test worker] c.a.l.service.InvestEventServiceImpl     : Withdrew 0.06245213937947586 for expenses from Investment ID: 2
2025-05-05 20:40:28.853  INFO 92277 --- [Test worker] c.a.l.service.InvestEventServiceImpl     : Total expenses withdrawn this year: 0.269608314277288094
2025-05-05 20:40:28.872  INFO 92277 --- [Test worker] c.a.l.service.InvestEventServiceImpl     : Withdrew 0.025636133422259132 for expenses from Investment ID: 3
2025-05-05 20:40:28.872  INFO 92277 --- [Test worker] c.a.l.service.InvestEventServiceImpl     : Withdrew 0.06184797087813866 for expenses from Investment ID: 4
2025-05-05 20:40:28.872  INFO 92277 --- [Test worker] c.a.l.service.InvestEventServiceImpl     : Withdrew 0.0684614388067505 for expenses from Investment ID: 5
2025-05-05 20:40:28.872  INFO 92277 --- [Test worker] c.a.l.service.InvestEventServiceImpl     : Withdrew 0.08605674077826025 for expenses from Investment ID: 2
2025-05-05 20:40:28.873  INFO 92277 --- [Test worker] c.a.l.service.InvestEventServiceImpl     : Total expenses withdrawn this year: 0.242002283885408542
2025-05-05 20:40:28.891  INFO 92277 --- [Test worker] c.a.l.service.InvestEventServiceImpl     : Withdrew 0.03174765854191314 for expenses from Investment ID: 3
2025-05-05 20:40:28.892  INFO 92277 --- [Test worker] c.a.l.service.InvestEventServiceImpl     : Withdrew 0.08073634926102052 for expenses from Investment ID: 4
2025-05-05 20:40:28.892  INFO 92277 --- [Test worker] c.a.l.service.InvestEventServiceImpl     : Withdrew 0.08373207226374671 for expenses from Investment ID: 5
2025-05-05 20:40:28.892  INFO 92277 --- [Test worker] c.a.l.service.InvestEventServiceImpl     : Withdrew 0.07083227112396683 for expenses from Investment ID: 2
2025-05-05 20:40:28.892  INFO 92277 --- [Test worker] c.a.l.service.InvestEventServiceImpl     : Total expenses withdrawn this year: 0.26704835119064720
2025-05-05 20:40:28.913  INFO 92277 --- [Test worker] c.a.l.service.InvestEventServiceImpl     : Withdrew 0.035748653583082324 for expenses from Investment ID: 3
2025-05-05 20:40:28.913  INFO 92277 --- [Test worker] c.a.l.service.InvestEventServiceImpl     : Withdrew 0.058612223580004265 for expenses from Investment ID: 4
2025-05-05 20:40:28.913  INFO 92277 --- [Test worker] c.a.l.service.InvestEventServiceImpl     : Withdrew 0.09242448779446547 for expenses from Investment ID: 5
2025-05-05 20:40:28.913  INFO 92277 --- [Test worker] c.a.l.service.InvestEventServiceImpl     : Withdrew 0.054876121026900385 for expenses from Investment ID: 2
2025-05-05 20:40:28.913  INFO 92277 --- [Test worker] c.a.l.service.InvestEventServiceImpl     : Total expenses withdrawn this year: 0.241661485984452444
2025-05-05 20:40:28.934  INFO 92277 --- [Test worker] c.a.l.service.InvestEventServiceImpl     : Withdrew 0.009448163205055714 for expenses from Investment ID: 3
2025-05-05 20:40:28.934  INFO 92277 --- [Test worker] c.a.l.service.InvestEventServiceImpl     : Withdrew 0.12228295501847929 for expenses from Investment ID: 4
2025-05-05 20:40:28.934  INFO 92277 --- [Test worker] c.a.l.service.InvestEventServiceImpl     : Withdrew 0.05569808757867152 for expenses from Investment ID: 5
2025-05-05 20:40:28.934  INFO 92277 --- [Test worker] c.a.l.service.InvestEventServiceImpl     : Withdrew 0.040807638134078686 for expenses from Investment ID: 2
2025-05-05 20:40:28.934  INFO 92277 --- [Test worker] c.a.l.service.InvestEventServiceImpl     : Total expenses withdrawn this year: 0.228236843936285210
2025-05-05 20:40:28.955  INFO 92277 --- [Test worker] c.a.l.service.InvestEventServiceImpl     : Withdrew 0.018089223384579297 for expenses from Investment ID: 3
2025-05-05 20:40:28.955  INFO 92277 --- [Test worker] c.a.l.service.InvestEventServiceImpl     : Withdrew 0.032710583695928656 for expenses from Investment ID: 4
2025-05-05 20:40:28.955  INFO 92277 --- [Test worker] c.a.l.service.InvestEventServiceImpl     : Withdrew 0.05858547869234101 for expenses from Investment ID: 5
2025-05-05 20:40:28.955  INFO 92277 --- [Test worker] c.a.l.service.InvestEventServiceImpl     : Withdrew 0.08395408721139842 for expenses from Investment ID: 2
2025-05-05 20:40:28.955  INFO 92277 --- [Test worker] c.a.l.service.InvestEventServiceImpl     : Total expenses withdrawn this year: 0.193339372984247383
2025-05-05 20:40:28.983  INFO 92277 --- [Test worker] c.a.l.service.InvestEventServiceImpl     : Withdrew 0.025551960486317013 for expenses from Investment ID: 3
2025-05-05 20:40:28.983  INFO 92277 --- [Test worker] c.a.l.service.InvestEventServiceImpl     : Withdrew 0.05038495966471079 for expenses from Investment ID: 4
2025-05-05 20:40:28.983  INFO 92277 --- [Test worker] c.a.l.service.InvestEventServiceImpl     : Withdrew 0.09174407316142963 for expenses from Investment ID: 5
2025-05-05 20:40:28.983  INFO 92277 --- [Test worker] c.a.l.service.InvestEventServiceImpl     : Withdrew 0.06454425598197408 for expenses from Investment ID: 2
2025-05-05 20:40:28.983  INFO 92277 --- [Test worker] c.a.l.service.InvestEventServiceImpl     : Total expenses withdrawn this year: 0.232225249294431513
2025-05-05 20:40:29.003  INFO 92277 --- [Test worker] c.a.l.service.InvestEventServiceImpl     : Withdrew 0.03437330625714729 for expenses from Investment ID: 3
2025-05-05 20:40:29.003  INFO 92277 --- [Test worker] c.a.l.service.InvestEventServiceImpl     : Withdrew 0.08015545346359601 for expenses from Investment ID: 4
2025-05-05 20:40:29.003  INFO 92277 --- [Test worker] c.a.l.service.InvestEventServiceImpl     : Withdrew 0.0760562649946482 for expenses from Investment ID: 5
2025-05-05 20:40:29.003  INFO 92277 --- [Test worker] c.a.l.service.InvestEventServiceImpl     : Withdrew 0.0798261132529827 for expenses from Investment ID: 2
2025-05-05 20:40:29.003  INFO 92277 --- [Test worker] c.a.l.service.InvestEventServiceImpl     : Total expenses withdrawn this year: 0.27041113796837420
2025-05-05 20:40:29.030  INFO 92277 --- [Test worker] c.a.l.service.InvestEventServiceImpl     : Withdrew 0.04314658458586465 for expenses from Investment ID: 3
2025-05-05 20:40:29.030  INFO 92277 --- [Test worker] c.a.l.service.InvestEventServiceImpl     : Withdrew 0.0814083232587886 for expenses from Investment ID: 4
2025-05-05 20:40:29.030  INFO 92277 --- [Test worker] c.a.l.service.InvestEventServiceImpl     : Withdrew 0.04476269207059746 for expenses from Investment ID: 5
2025-05-05 20:40:29.030  INFO 92277 --- [Test worker] c.a.l.service.InvestEventServiceImpl     : Withdrew 0.06039140993440476 for expenses from Investment ID: 2
2025-05-05 20:40:29.030  INFO 92277 --- [Test worker] c.a.l.service.InvestEventServiceImpl     : Total expenses withdrawn this year: 0.22970900984965547
2025-05-05 20:40:29.055  INFO 92277 --- [Test worker] c.a.l.service.InvestEventServiceImpl     : Withdrew 0.023227506396913147 for expenses from Investment ID: 3
2025-05-05 20:40:29.056  INFO 92277 --- [Test worker] c.a.l.service.InvestEventServiceImpl     : Withdrew 0.040599464861240754 for expenses from Investment ID: 4
2025-05-05 20:40:29.056  INFO 92277 --- [Test worker] c.a.l.service.InvestEventServiceImpl     : Withdrew 0.08930807639223648 for expenses from Investment ID: 5
2025-05-05 20:40:29.056  INFO 92277 --- [Test worker] c.a.l.service.InvestEventServiceImpl     : Withdrew 0.042858723307883075 for expenses from Investment ID: 2
2025-05-05 20:40:29.056  INFO 92277 --- [Test worker] c.a.l.service.InvestEventServiceImpl     : Total expenses withdrawn this year: 0.195993770958273456
2025-05-05 20:40:29.081  INFO 92277 --- [Test worker] c.a.l.service.InvestEventServiceImpl     : Withdrew 0.020275211682994832 for expenses from Investment ID: 3
2025-05-05 20:40:29.081  INFO 92277 --- [Test worker] c.a.l.service.InvestEventServiceImpl     : Withdrew 0.09370074332870741 for expenses from Investment ID: 4
2025-05-05 20:40:29.081  INFO 92277 --- [Test worker] c.a.l.service.InvestEventServiceImpl     : Withdrew 0.06530422050815748 for expenses from Investment ID: 5
2025-05-05 20:40:29.081  INFO 92277 --- [Test worker] c.a.l.service.InvestEventServiceImpl     : Withdrew 0.08756732124435102 for expenses from Investment ID: 2
2025-05-05 20:40:29.082  INFO 92277 --- [Test worker] c.a.l.service.InvestEventServiceImpl     : Total expenses withdrawn this year: 0.266847496764210742
2025-05-05 20:40:29.104  INFO 92277 --- [Test worker] c.a.l.service.InvestEventServiceImpl     : Withdrew 0.029265778638774907 for expenses from Investment ID: 3
2025-05-05 20:40:29.104  INFO 92277 --- [Test worker] c.a.l.service.InvestEventServiceImpl     : Withdrew 0.09077787004881131 for expenses from Investment ID: 4
2025-05-05 20:40:29.104  INFO 92277 --- [Test worker] c.a.l.service.InvestEventServiceImpl     : Withdrew 0.07125717894650281 for expenses from Investment ID: 5
2025-05-05 20:40:29.104  INFO 92277 --- [Test worker] c.a.l.service.InvestEventServiceImpl     : Withdrew 0.06892770160211223 for expenses from Investment ID: 2
2025-05-05 20:40:29.104  INFO 92277 --- [Test worker] c.a.l.service.InvestEventServiceImpl     : Total expenses withdrawn this year: 0.260228529236201257
2025-05-05 20:40:29.126  INFO 92277 --- [Test worker] c.a.l.service.InvestEventServiceImpl     : Withdrew 0.04598165847359565 for expenses from Investment ID: 3
2025-05-05 20:40:29.126  INFO 92277 --- [Test worker] c.a.l.service.InvestEventServiceImpl     : Withdrew 0.07339046252403253 for expenses from Investment ID: 4
2025-05-05 20:40:29.126  INFO 92277 --- [Test worker] c.a.l.service.InvestEventServiceImpl     : Withdrew 0.10516513619645276 for expenses from Investment ID: 5
2025-05-05 20:40:29.126  INFO 92277 --- [Test worker] c.a.l.service.InvestEventServiceImpl     : Withdrew 0.05453754684152113 for expenses from Investment ID: 2
2025-05-05 20:40:29.126  INFO 92277 --- [Test worker] c.a.l.service.InvestEventServiceImpl     : Total expenses withdrawn this year: 0.27907480403560207
2025-05-05 20:40:29.146  INFO 92277 --- [Test worker] c.a.l.service.InvestEventServiceImpl     : Withdrew 0.027969804308668005 for expenses from Investment ID: 3
2025-05-05 20:40:29.147  INFO 92277 --- [Test worker] c.a.l.service.InvestEventServiceImpl     : Withdrew 0.07903281758752245 for expenses from Investment ID: 4
2025-05-05 20:40:29.147  INFO 92277 --- [Test worker] c.a.l.service.InvestEventServiceImpl     : Withdrew 0.056938357599658755 for expenses from Investment ID: 5
2025-05-05 20:40:29.147  INFO 92277 --- [Test worker] c.a.l.service.InvestEventServiceImpl     : Withdrew 0.04997936004866931 for expenses from Investment ID: 2
2025-05-05 20:40:29.147  INFO 92277 --- [Test worker] c.a.l.service.InvestEventServiceImpl     : Total expenses withdrawn this year: 0.213920339544518520
2025-05-05 20:40:29.171  INFO 92277 --- [Test worker] c.a.l.service.InvestEventServiceImpl     : Withdrew 0.017322356719304915 for expenses from Investment ID: 3
2025-05-05 20:40:29.171  INFO 92277 --- [Test worker] c.a.l.service.InvestEventServiceImpl     : Withdrew 0.056255548015546865 for expenses from Investment ID: 4
2025-05-05 20:40:29.171  INFO 92277 --- [Test worker] c.a.l.service.InvestEventServiceImpl     : Withdrew 0.07441860354278583 for expenses from Investment ID: 5
2025-05-05 20:40:29.171  INFO 92277 --- [Test worker] c.a.l.service.InvestEventServiceImpl     : Withdrew 0.09094155595019496 for expenses from Investment ID: 2
2025-05-05 20:40:29.171  INFO 92277 --- [Test worker] c.a.l.service.InvestEventServiceImpl     : Total expenses withdrawn this year: 0.238938064227832570
2025-05-05 20:40:29.192  INFO 92277 --- [Test worker] c.a.l.service.InvestEventServiceImpl     : Withdrew 0.03124950171945532 for expenses from Investment ID: 3
2025-05-05 20:40:29.192  INFO 92277 --- [Test worker] c.a.l.service.InvestEventServiceImpl     : Withdrew 0.0917189747985715 for expenses from Investment ID: 4
2025-05-05 20:40:29.192  INFO 92277 --- [Test worker] c.a.l.service.InvestEventServiceImpl     : Withdrew 0.09711656275550651 for expenses from Investment ID: 5
2025-05-05 20:40:29.192  INFO 92277 --- [Test worker] c.a.l.service.InvestEventServiceImpl     : Withdrew 0.0862039778493425 for expenses from Investment ID: 2
2025-05-05 20:40:29.192  INFO 92277 --- [Test worker] c.a.l.service.InvestEventServiceImpl     : Total expenses withdrawn this year: 0.30628901712287583
2025-05-05 20:40:29.216  INFO 92277 --- [Test worker] c.a.l.service.InvestEventServiceImpl     : Withdrew 0.02704829796196459 for expenses from Investment ID: 3
2025-05-05 20:40:29.216  INFO 92277 --- [Test worker] c.a.l.service.InvestEventServiceImpl     : Withdrew 0.09508457966985619 for expenses from Investment ID: 4
2025-05-05 20:40:29.216  INFO 92277 --- [Test worker] c.a.l.service.InvestEventServiceImpl     : Withdrew 0.0795074152521601 for expenses from Investment ID: 5
2025-05-05 20:40:29.216  INFO 92277 --- [Test worker] c.a.l.service.InvestEventServiceImpl     : Withdrew 0.0752149363386911 for expenses from Investment ID: 2
2025-05-05 20:40:29.216  INFO 92277 --- [Test worker] c.a.l.service.InvestEventServiceImpl     : Total expenses withdrawn this year: 0.27685522922267198
2025-05-05 20:40:29.238  INFO 92277 --- [Test worker] c.a.l.service.InvestEventServiceImpl     : Withdrew 0.02860087500259682 for expenses from Investment ID: 3
2025-05-05 20:40:29.239  INFO 92277 --- [Test worker] c.a.l.service.InvestEventServiceImpl     : Withdrew 0.06321634570218135 for expenses from Investment ID: 4
2025-05-05 20:40:29.239  INFO 92277 --- [Test worker] c.a.l.service.InvestEventServiceImpl     : Withdrew 0.06842000122350933 for expenses from Investment ID: 5
2025-05-05 20:40:29.239  INFO 92277 --- [Test worker] c.a.l.service.InvestEventServiceImpl     : Withdrew 0.041487317869860804 for expenses from Investment ID: 2
2025-05-05 20:40:29.239  INFO 92277 --- [Test worker] c.a.l.service.InvestEventServiceImpl     : Total expenses withdrawn this year: 0.201724539798148304
2025-05-05 20:40:29.262  INFO 92277 --- [Test worker] c.a.l.service.InvestEventServiceImpl     : Withdrew 0.02967344966782154 for expenses from Investment ID: 3
2025-05-05 20:40:29.262  INFO 92277 --- [Test worker] c.a.l.service.InvestEventServiceImpl     : Withdrew 0.07942795105995824 for expenses from Investment ID: 4
2025-05-05 20:40:29.262  INFO 92277 --- [Test worker] c.a.l.service.InvestEventServiceImpl     : Withdrew 0.051724266509324435 for expenses from Investment ID: 5
2025-05-05 20:40:29.262  INFO 92277 --- [Test worker] c.a.l.service.InvestEventServiceImpl     : Withdrew 0.09141099269358607 for expenses from Investment ID: 2
2025-05-05 20:40:29.262  INFO 92277 --- [Test worker] c.a.l.service.InvestEventServiceImpl     : Total expenses withdrawn this year: 0.252236659930690285
2025-05-05 20:40:29.282  INFO 92277 --- [Test worker] c.a.l.service.InvestEventServiceImpl     : Withdrew 0.023573944304774323 for expenses from Investment ID: 3
2025-05-05 20:40:29.282  INFO 92277 --- [Test worker] c.a.l.service.InvestEventServiceImpl     : Withdrew 0.06443362119758451 for expenses from Investment ID: 4
2025-05-05 20:40:29.282  INFO 92277 --- [Test worker] c.a.l.service.InvestEventServiceImpl     : Withdrew 0.045249439757845136 for expenses from Investment ID: 5
2025-05-05 20:40:29.282  INFO 92277 --- [Test worker] c.a.l.service.InvestEventServiceImpl     : Withdrew 0.04854854694888647 for expenses from Investment ID: 2
2025-05-05 20:40:29.282  INFO 92277 --- [Test worker] c.a.l.service.InvestEventServiceImpl     : Total expenses withdrawn this year: 0.181805552209090439
2025-05-05 20:40:29.304  INFO 92277 --- [Test worker] c.a.l.service.InvestEventServiceImpl     : Withdrew 0.03813631858594704 for expenses from Investment ID: 3
2025-05-05 20:40:29.304  INFO 92277 --- [Test worker] c.a.l.service.InvestEventServiceImpl     : Withdrew 0.06579952613924897 for expenses from Investment ID: 4
2025-05-05 20:40:29.304  INFO 92277 --- [Test worker] c.a.l.service.InvestEventServiceImpl     : Withdrew 0.054057526120216914 for expenses from Investment ID: 5
2025-05-05 20:40:29.304  INFO 92277 --- [Test worker] c.a.l.service.InvestEventServiceImpl     : Withdrew 0.09324082572228472 for expenses from Investment ID: 2
2025-05-05 20:40:29.304  INFO 92277 --- [Test worker] c.a.l.service.InvestEventServiceImpl     : Total expenses withdrawn this year: 0.251234196567697644
2025-05-05 20:40:29.321  INFO 92277 --- [Test worker] c.a.l.service.InvestEventServiceImpl     : Withdrew 0.009843854378278314 for expenses from Investment ID: 3
2025-05-05 20:40:29.321  INFO 92277 --- [Test worker] c.a.l.service.InvestEventServiceImpl     : Withdrew 0.06125633508550624 for expenses from Investment ID: 4
2025-05-05 20:40:29.321  INFO 92277 --- [Test worker] c.a.l.service.InvestEventServiceImpl     : Withdrew 0.054011253546598574 for expenses from Investment ID: 5
2025-05-05 20:40:29.321  INFO 92277 --- [Test worker] c.a.l.service.InvestEventServiceImpl     : Withdrew 0.08144037107878417 for expenses from Investment ID: 2
2025-05-05 20:40:29.321  INFO 92277 --- [Test worker] c.a.l.service.InvestEventServiceImpl     : Total expenses withdrawn this year: 0.206551814089167298
2025-05-05 20:40:29.336  INFO 92277 --- [Test worker] c.a.l.service.InvestEventServiceImpl     : Withdrew 0.027988701518224586 for expenses from Investment ID: 3
2025-05-05 20:40:29.336  INFO 92277 --- [Test worker] c.a.l.service.InvestEventServiceImpl     : Withdrew 0.06739738822254251 for expenses from Investment ID: 4
2025-05-05 20:40:29.336  INFO 92277 --- [Test worker] c.a.l.service.InvestEventServiceImpl     : Withdrew 0.08502281755701374 for expenses from Investment ID: 5
2025-05-05 20:40:29.336  INFO 92277 --- [Test worker] c.a.l.service.InvestEventServiceImpl     : Withdrew 0.07632387519163353 for expenses from Investment ID: 2
2025-05-05 20:40:29.336  INFO 92277 --- [Test worker] c.a.l.service.InvestEventServiceImpl     : Total expenses withdrawn this year: 0.256732782489414366
2025-05-05 20:40:29.351  INFO 92277 --- [Test worker] c.a.l.service.InvestEventServiceImpl     : Withdrew 0.04086398897732856 for expenses from Investment ID: 3
2025-05-05 20:40:29.351  INFO 92277 --- [Test worker] c.a.l.service.InvestEventServiceImpl     : Withdrew 0.06609255528862827 for expenses from Investment ID: 4
2025-05-05 20:40:29.351  INFO 92277 --- [Test worker] c.a.l.service.InvestEventServiceImpl     : Withdrew 0.10395776329125164 for expenses from Investment ID: 5
2025-05-05 20:40:29.351  INFO 92277 --- [Test worker] c.a.l.service.InvestEventServiceImpl     : Withdrew 0.08394203142519192 for expenses from Investment ID: 2
2025-05-05 20:40:29.351  INFO 92277 --- [Test worker] c.a.l.service.InvestEventServiceImpl     : Total expenses withdrawn this year: 0.29485633898240039
2025-05-05 20:40:29.369  INFO 92277 --- [Test worker] c.a.l.service.InvestEventServiceImpl     : Withdrew 0.028294178716861018 for expenses from Investment ID: 3
2025-05-05 20:40:29.369  INFO 92277 --- [Test worker] c.a.l.service.InvestEventServiceImpl     : Withdrew 0.06272810986832202 for expenses from Investment ID: 4
2025-05-05 20:40:29.369  INFO 92277 --- [Test worker] c.a.l.service.InvestEventServiceImpl     : Withdrew 0.07713458475681174 for expenses from Investment ID: 5
2025-05-05 20:40:29.369  INFO 92277 --- [Test worker] c.a.l.service.InvestEventServiceImpl     : Withdrew 0.0930490017090033 for expenses from Investment ID: 2
2025-05-05 20:40:29.369  INFO 92277 --- [Test worker] c.a.l.service.InvestEventServiceImpl     : Total expenses withdrawn this year: 0.261205875050998078
2025-05-05 20:40:29.384  INFO 92277 --- [Test worker] c.a.l.service.InvestEventServiceImpl     : Withdrew 0.03480478279314164 for expenses from Investment ID: 3
2025-05-05 20:40:29.384  INFO 92277 --- [Test worker] c.a.l.service.InvestEventServiceImpl     : Withdrew 0.0864236260016157 for expenses from Investment ID: 4
2025-05-05 20:40:29.384  INFO 92277 --- [Test worker] c.a.l.service.InvestEventServiceImpl     : Withdrew 0.057112248411941596 for expenses from Investment ID: 5
2025-05-05 20:40:29.384  INFO 92277 --- [Test worker] c.a.l.service.InvestEventServiceImpl     : Withdrew 0.057763847909772896 for expenses from Investment ID: 2
2025-05-05 20:40:29.384  INFO 92277 --- [Test worker] c.a.l.service.InvestEventServiceImpl     : Total expenses withdrawn this year: 0.236104505116471832
2025-05-05 20:40:29.399  INFO 92277 --- [Test worker] c.a.l.service.InvestEventServiceImpl     : Withdrew 0.030630646353953864 for expenses from Investment ID: 3
2025-05-05 20:40:29.399  INFO 92277 --- [Test worker] c.a.l.service.InvestEventServiceImpl     : Withdrew 0.0667342697329269 for expenses from Investment ID: 4
2025-05-05 20:40:29.399  INFO 92277 --- [Test worker] c.a.l.service.InvestEventServiceImpl     : Withdrew 0.042494459523367036 for expenses from Investment ID: 5
2025-05-05 20:40:29.399  INFO 92277 --- [Test worker] c.a.l.service.InvestEventServiceImpl     : Withdrew 0.0890195738819927 for expenses from Investment ID: 2
2025-05-05 20:40:29.399  INFO 92277 --- [Test worker] c.a.l.service.InvestEventServiceImpl     : Total expenses withdrawn this year: 0.228878949492240500
2025-05-05 20:40:29.414  INFO 92277 --- [Test worker] c.a.l.service.InvestEventServiceImpl     : Withdrew 0.035735340635181204 for expenses from Investment ID: 3
2025-05-05 20:40:29.414  INFO 92277 --- [Test worker] c.a.l.service.InvestEventServiceImpl     : Withdrew 0.10031021808744565 for expenses from Investment ID: 4
2025-05-05 20:40:29.414  INFO 92277 --- [Test worker] c.a.l.service.InvestEventServiceImpl     : Withdrew 0.07938955132378478 for expenses from Investment ID: 5
2025-05-05 20:40:29.414  INFO 92277 --- [Test worker] c.a.l.service.InvestEventServiceImpl     : Withdrew 0.06875115218692979 for expenses from Investment ID: 2
2025-05-05 20:40:29.414  INFO 92277 --- [Test worker] c.a.l.service.InvestEventServiceImpl     : Total expenses withdrawn this year: 0.284186262233341424
2025-05-05 20:40:29.430  INFO 92277 --- [Test worker] c.a.l.service.InvestEventServiceImpl     : Withdrew 0.02983019301009992 for expenses from Investment ID: 3
2025-05-05 20:40:29.430  INFO 92277 --- [Test worker] c.a.l.service.InvestEventServiceImpl     : Withdrew 0.03800597382261526 for expenses from Investment ID: 4
2025-05-05 20:40:29.430  INFO 92277 --- [Test worker] c.a.l.service.InvestEventServiceImpl     : Withdrew 0.09532560165695486 for expenses from Investment ID: 5
2025-05-05 20:40:29.430  INFO 92277 --- [Test worker] c.a.l.service.InvestEventServiceImpl     : Withdrew 0.09717620784990406 for expenses from Investment ID: 2
2025-05-05 20:40:29.430  INFO 92277 --- [Test worker] c.a.l.service.InvestEventServiceImpl     : Total expenses withdrawn this year: 0.26033797633957410
2025-05-05 20:40:29.471  INFO 92277 --- [Test worker] c.a.l.service.InvestEventServiceImpl     : Withdrew 100.0 for expenses from Investment ID: 1
2025-05-05 20:40:29.471  INFO 92277 --- [Test worker] c.a.l.service.InvestEventServiceImpl     : Withdrew 2000.0 for expenses from Investment ID: 3
2025-05-05 20:40:29.471  INFO 92277 --- [Test worker] c.a.l.service.InvestEventServiceImpl     : Withdrew 10000.0 for expenses from Investment ID: 4
2025-05-05 20:40:29.471  INFO 92277 --- [Test worker] c.a.l.service.InvestEventServiceImpl     : Withdrew 2000.0 for expenses from Investment ID: 5
2025-05-05 20:40:29.471  INFO 92277 --- [Test worker] c.a.l.service.InvestEventServiceImpl     : Withdrew 10000.0 for expenses from Investment ID: 2
2025-05-05 20:40:29.471  INFO 92277 --- [Test worker] c.a.l.service.InvestEventServiceImpl     : Total expenses withdrawn this year: 24100.0
2025-05-05 20:40:29.497  INFO 92277 --- [Test worker] c.a.l.service.InvestEventServiceImpl     : Withdrew 0.05057983577956375 for expenses from Investment ID: 3
2025-05-05 20:40:29.497  INFO 92277 --- [Test worker] c.a.l.service.InvestEventServiceImpl     : Withdrew 0.08442048153538013 for expenses from Investment ID: 4
2025-05-05 20:40:29.497  INFO 92277 --- [Test worker] c.a.l.service.InvestEventServiceImpl     : Withdrew 0.06335541730707453 for expenses from Investment ID: 5
2025-05-05 20:40:29.497  INFO 92277 --- [Test worker] c.a.l.service.InvestEventServiceImpl     : Withdrew 0.029922311132401458 for expenses from Investment ID: 2
2025-05-05 20:40:29.497  INFO 92277 --- [Test worker] c.a.l.service.InvestEventServiceImpl     : Total expenses withdrawn this year: 0.228278045754419868
2025-05-05 20:40:29.512  INFO 92277 --- [Test worker] c.a.l.service.InvestEventServiceImpl     : Withdrew 0.01061591908809086 for expenses from Investment ID: 3
2025-05-05 20:40:29.512  INFO 92277 --- [Test worker] c.a.l.service.InvestEventServiceImpl     : Withdrew 0.06925622313422619 for expenses from Investment ID: 4
2025-05-05 20:40:29.512  INFO 92277 --- [Test worker] c.a.l.service.InvestEventServiceImpl     : Withdrew 0.06095425378610277 for expenses from Investment ID: 5
2025-05-05 20:40:29.512  INFO 92277 --- [Test worker] c.a.l.service.InvestEventServiceImpl     : Withdrew 0.048268806657407966 for expenses from Investment ID: 2
2025-05-05 20:40:29.512  INFO 92277 --- [Test worker] c.a.l.service.InvestEventServiceImpl     : Total expenses withdrawn this year: 0.189095202665827786
2025-05-05 20:40:29.526  INFO 92277 --- [Test worker] c.a.l.service.InvestEventServiceImpl     : Withdrew 0.02190084009818391 for expenses from Investment ID: 3
2025-05-05 20:40:29.526  INFO 92277 --- [Test worker] c.a.l.service.InvestEventServiceImpl     : Withdrew 0.07716122533588787 for expenses from Investment ID: 4
2025-05-05 20:40:29.526  INFO 92277 --- [Test worker] c.a.l.service.InvestEventServiceImpl     : Withdrew 0.06582507735912019 for expenses from Investment ID: 5
2025-05-05 20:40:29.526  INFO 92277 --- [Test worker] c.a.l.service.InvestEventServiceImpl     : Withdrew 0.04162981588125967 for expenses from Investment ID: 2
2025-05-05 20:40:29.526  INFO 92277 --- [Test worker] c.a.l.service.InvestEventServiceImpl     : Total expenses withdrawn this year: 0.20651695867445164
2025-05-05 20:40:29.540  INFO 92277 --- [Test worker] c.a.l.service.InvestEventServiceImpl     : Withdrew 0.011252270296828324 for expenses from Investment ID: 3
2025-05-05 20:40:29.541  INFO 92277 --- [Test worker] c.a.l.service.InvestEventServiceImpl     : Withdrew 0.048572148479471895 for expenses from Investment ID: 4
2025-05-05 20:40:29.541  INFO 92277 --- [Test worker] c.a.l.service.InvestEventServiceImpl     : Withdrew 0.06333772942900065 for expenses from Investment ID: 5
2025-05-05 20:40:29.541  INFO 92277 --- [Test worker] c.a.l.service.InvestEventServiceImpl     : Withdrew 0.06699035041671415 for expenses from Investment ID: 2
2025-05-05 20:40:29.541  INFO 92277 --- [Test worker] c.a.l.service.InvestEventServiceImpl     : Total expenses withdrawn this year: 0.190152498622015019
2025-05-05 20:40:29.555  INFO 92277 --- [Test worker] c.a.l.service.InvestEventServiceImpl     : Withdrew 0.03018452621466683 for expenses from Investment ID: 3
2025-05-05 20:40:29.555  INFO 92277 --- [Test worker] c.a.l.service.InvestEventServiceImpl     : Withdrew 0.040203896063588096 for expenses from Investment ID: 4
2025-05-05 20:40:29.555  INFO 92277 --- [Test worker] c.a.l.service.InvestEventServiceImpl     : Withdrew 0.03043551218927148 for expenses from Investment ID: 5
2025-05-05 20:40:29.555  INFO 92277 --- [Test worker] c.a.l.service.InvestEventServiceImpl     : Withdrew 0.07565690555584181 for expenses from Investment ID: 2
2025-05-05 20:40:29.555  INFO 92277 --- [Test worker] c.a.l.service.InvestEventServiceImpl     : Total expenses withdrawn this year: 0.176480840023368216
2025-05-05 20:40:29.570  INFO 92277 --- [Test worker] c.a.l.service.InvestEventServiceImpl     : Withdrew 0.035762780840022615 for expenses from Investment ID: 3
2025-05-05 20:40:29.570  INFO 92277 --- [Test worker] c.a.l.service.InvestEventServiceImpl     : Withdrew 0.06566506173898148 for expenses from Investment ID: 4
2025-05-05 20:40:29.571  INFO 92277 --- [Test worker] c.a.l.service.InvestEventServiceImpl     : Withdrew 0.10029808013383792 for expenses from Investment ID: 5
2025-05-05 20:40:29.571  INFO 92277 --- [Test worker] c.a.l.service.InvestEventServiceImpl     : Withdrew 0.051878028533393274 for expenses from Investment ID: 2
2025-05-05 20:40:29.571  INFO 92277 --- [Test worker] c.a.l.service.InvestEventServiceImpl     : Total expenses withdrawn this year: 0.253603951246235289
2025-05-05 20:40:29.586  INFO 92277 --- [Test worker] c.a.l.service.InvestEventServiceImpl     : Withdrew 0.029024275767090754 for expenses from Investment ID: 3
2025-05-05 20:40:29.586  INFO 92277 --- [Test worker] c.a.l.service.InvestEventServiceImpl     : Withdrew 0.06868027580900696 for expenses from Investment ID: 4
2025-05-05 20:40:29.586  INFO 92277 --- [Test worker] c.a.l.service.InvestEventServiceImpl     : Withdrew 0.06867959905013186 for expenses from Investment ID: 5
2025-05-05 20:40:29.586  INFO 92277 --- [Test worker] c.a.l.service.InvestEventServiceImpl     : Withdrew 0.053648304949544715 for expenses from Investment ID: 2
2025-05-05 20:40:29.586  INFO 92277 --- [Test worker] c.a.l.service.InvestEventServiceImpl     : Total expenses withdrawn this year: 0.220032455575774289
2025-05-05 20:40:29.600  INFO 92277 --- [Test worker] c.a.l.service.InvestEventServiceImpl     : Withdrew 0.041667784537078804 for expenses from Investment ID: 3
2025-05-05 20:40:29.600  INFO 92277 --- [Test worker] c.a.l.service.InvestEventServiceImpl     : Withdrew 0.08916857499435747 for expenses from Investment ID: 4
2025-05-05 20:40:29.600  INFO 92277 --- [Test worker] c.a.l.service.InvestEventServiceImpl     : Withdrew 0.0754130958967527 for expenses from Investment ID: 5
2025-05-05 20:40:29.600  INFO 92277 --- [Test worker] c.a.l.service.InvestEventServiceImpl     : Withdrew 0.0838995595282858 for expenses from Investment ID: 2
2025-05-05 20:40:29.600  INFO 92277 --- [Test worker] c.a.l.service.InvestEventServiceImpl     : Total expenses withdrawn this year: 0.290149014956474774
2025-05-05 20:40:29.615  INFO 92277 --- [Test worker] c.a.l.service.InvestEventServiceImpl     : Withdrew 0.03770863040326195 for expenses from Investment ID: 3
2025-05-05 20:40:29.615  INFO 92277 --- [Test worker] c.a.l.service.InvestEventServiceImpl     : Withdrew 0.0990739011501664 for expenses from Investment ID: 4
2025-05-05 20:40:29.615  INFO 92277 --- [Test worker] c.a.l.service.InvestEventServiceImpl     : Withdrew 0.08844007622904142 for expenses from Investment ID: 5
2025-05-05 20:40:29.615  INFO 92277 --- [Test worker] c.a.l.service.InvestEventServiceImpl     : Withdrew 0.0453632713129173 for expenses from Investment ID: 2
2025-05-05 20:40:29.615  INFO 92277 --- [Test worker] c.a.l.service.InvestEventServiceImpl     : Total expenses withdrawn this year: 0.27058587909538707
2025-05-05 20:40:29.630  INFO 92277 --- [Test worker] c.a.l.service.InvestEventServiceImpl     : Withdrew 0.027152888107890648 for expenses from Investment ID: 3
2025-05-05 20:40:29.630  INFO 92277 --- [Test worker] c.a.l.service.InvestEventServiceImpl     : Withdrew 0.09509047062750298 for expenses from Investment ID: 4
2025-05-05 20:40:29.630  INFO 92277 --- [Test worker] c.a.l.service.InvestEventServiceImpl     : Withdrew 0.07768928462987093 for expenses from Investment ID: 5
2025-05-05 20:40:29.630  INFO 92277 --- [Test worker] c.a.l.service.InvestEventServiceImpl     : Withdrew 0.08739611593755447 for expenses from Investment ID: 2
2025-05-05 20:40:29.630  INFO 92277 --- [Test worker] c.a.l.service.InvestEventServiceImpl     : Total expenses withdrawn this year: 0.287328759302819028
2025-05-05 20:40:29.645  INFO 92277 --- [Test worker] c.a.l.service.InvestEventServiceImpl     : Withdrew 0.03263853892012621 for expenses from Investment ID: 3
2025-05-05 20:40:29.646  INFO 92277 --- [Test worker] c.a.l.service.InvestEventServiceImpl     : Withdrew 0.10456731307211893 for expenses from Investment ID: 4
2025-05-05 20:40:29.646  INFO 92277 --- [Test worker] c.a.l.service.InvestEventServiceImpl     : Withdrew 0.09085672088353328 for expenses from Investment ID: 5
2025-05-05 20:40:29.646  INFO 92277 --- [Test worker] c.a.l.service.InvestEventServiceImpl     : Withdrew 0.06833431275060703 for expenses from Investment ID: 2
2025-05-05 20:40:29.646  INFO 92277 --- [Test worker] c.a.l.service.InvestEventServiceImpl     : Total expenses withdrawn this year: 0.29639688562638545
2025-05-05 20:40:29.661  INFO 92277 --- [Test worker] c.a.l.service.InvestEventServiceImpl     : Withdrew 0.0325716810386725 for expenses from Investment ID: 3
2025-05-05 20:40:29.661  INFO 92277 --- [Test worker] c.a.l.service.InvestEventServiceImpl     : Withdrew 0.03457658854886184 for expenses from Investment ID: 4
2025-05-05 20:40:29.661  INFO 92277 --- [Test worker] c.a.l.service.InvestEventServiceImpl     : Withdrew 0.048066650990182855 for expenses from Investment ID: 5
2025-05-05 20:40:29.661  INFO 92277 --- [Test worker] c.a.l.service.InvestEventServiceImpl     : Withdrew 0.09781792444951265 for expenses from Investment ID: 2
2025-05-05 20:40:29.661  INFO 92277 --- [Test worker] c.a.l.service.InvestEventServiceImpl     : Total expenses withdrawn this year: 0.213032845027229845
2025-05-05 20:40:29.677  INFO 92277 --- [Test worker] c.a.l.service.InvestEventServiceImpl     : Withdrew 0.032602778329860985 for expenses from Investment ID: 3
2025-05-05 20:40:29.677  INFO 92277 --- [Test worker] c.a.l.service.InvestEventServiceImpl     : Withdrew 0.0796956994010833 for expenses from Investment ID: 4
2025-05-05 20:40:29.677  INFO 92277 --- [Test worker] c.a.l.service.InvestEventServiceImpl     : Withdrew 0.06436391361321708 for expenses from Investment ID: 5
2025-05-05 20:40:29.677  INFO 92277 --- [Test worker] c.a.l.service.InvestEventServiceImpl     : Withdrew 0.05668945185766517 for expenses from Investment ID: 2
2025-05-05 20:40:29.677  INFO 92277 --- [Test worker] c.a.l.service.InvestEventServiceImpl     : Total expenses withdrawn this year: 0.233351843201826535
2025-05-05 20:40:29.696  INFO 92277 --- [Test worker] c.a.l.service.InvestEventServiceImpl     : Withdrew 0.02423600072645109 for expenses from Investment ID: 3
2025-05-05 20:40:29.696  INFO 92277 --- [Test worker] c.a.l.service.InvestEventServiceImpl     : Withdrew 0.0662310111648388 for expenses from Investment ID: 4
2025-05-05 20:40:29.696  INFO 92277 --- [Test worker] c.a.l.service.InvestEventServiceImpl     : Withdrew 0.08623553561074243 for expenses from Investment ID: 5
2025-05-05 20:40:29.696  INFO 92277 --- [Test worker] c.a.l.service.InvestEventServiceImpl     : Withdrew 0.07429133987140432 for expenses from Investment ID: 2
2025-05-05 20:40:29.696  INFO 92277 --- [Test worker] c.a.l.service.InvestEventServiceImpl     : Total expenses withdrawn this year: 0.25099388737343664
2025-05-05 20:40:29.713  INFO 92277 --- [Test worker] c.a.l.service.InvestEventServiceImpl     : Withdrew 0.02063795843600427 for expenses from Investment ID: 3
2025-05-05 20:40:29.713  INFO 92277 --- [Test worker] c.a.l.service.InvestEventServiceImpl     : Withdrew 0.04919417892766502 for expenses from Investment ID: 4
2025-05-05 20:40:29.713  INFO 92277 --- [Test worker] c.a.l.service.InvestEventServiceImpl     : Withdrew 0.06828777913234328 for expenses from Investment ID: 5
2025-05-05 20:40:29.713  INFO 92277 --- [Test worker] c.a.l.service.InvestEventServiceImpl     : Withdrew 0.08548426134372347 for expenses from Investment ID: 2
2025-05-05 20:40:29.713  INFO 92277 --- [Test worker] c.a.l.service.InvestEventServiceImpl     : Total expenses withdrawn this year: 0.22360417783973604
2025-05-05 20:40:29.728  INFO 92277 --- [Test worker] c.a.l.service.InvestEventServiceImpl     : Withdrew 0.03809398693289873 for expenses from Investment ID: 3
2025-05-05 20:40:29.729  INFO 92277 --- [Test worker] c.a.l.service.InvestEventServiceImpl     : Withdrew 0.05900303533280623 for expenses from Investment ID: 4
2025-05-05 20:40:29.729  INFO 92277 --- [Test worker] c.a.l.service.InvestEventServiceImpl     : Withdrew 0.008241152384687537 for expenses from Investment ID: 5
2025-05-05 20:40:29.729  INFO 92277 --- [Test worker] c.a.l.service.InvestEventServiceImpl     : Withdrew 0.08528714478529394 for expenses from Investment ID: 2
2025-05-05 20:40:29.729  INFO 92277 --- [Test worker] c.a.l.service.InvestEventServiceImpl     : Total expenses withdrawn this year: 0.190625319435686437
2025-05-05 20:40:29.747  INFO 92277 --- [Test worker] c.a.l.service.InvestEventServiceImpl     : Withdrew 0.031056220752250795 for expenses from Investment ID: 3
2025-05-05 20:40:29.747  INFO 92277 --- [Test worker] c.a.l.service.InvestEventServiceImpl     : Withdrew 0.09463474967477763 for expenses from Investment ID: 4
2025-05-05 20:40:29.747  INFO 92277 --- [Test worker] c.a.l.service.InvestEventServiceImpl     : Withdrew 0.050464620865346824 for expenses from Investment ID: 5
2025-05-05 20:40:29.747  INFO 92277 --- [Test worker] c.a.l.service.InvestEventServiceImpl     : Withdrew 0.06802171065323691 for expenses from Investment ID: 2
2025-05-05 20:40:29.747  INFO 92277 --- [Test worker] c.a.l.service.InvestEventServiceImpl     : Total expenses withdrawn this year: 0.244177301945612159
2025-05-05 20:40:29.767  INFO 92277 --- [Test worker] c.a.l.service.InvestEventServiceImpl     : Withdrew 0.03539125033552156 for expenses from Investment ID: 3
2025-05-05 20:40:29.767  INFO 92277 --- [Test worker] c.a.l.service.InvestEventServiceImpl     : Withdrew 0.08272656918934006 for expenses from Investment ID: 4
2025-05-05 20:40:29.767  INFO 92277 --- [Test worker] c.a.l.service.InvestEventServiceImpl     : Withdrew 0.0672749771297228 for expenses from Investment ID: 5
2025-05-05 20:40:29.767  INFO 92277 --- [Test worker] c.a.l.service.InvestEventServiceImpl     : Withdrew 0.09315968570111409 for expenses from Investment ID: 2
2025-05-05 20:40:29.767  INFO 92277 --- [Test worker] c.a.l.service.InvestEventServiceImpl     : Total expenses withdrawn this year: 0.27855248235569851
2025-05-05 20:40:29.786  INFO 92277 --- [Test worker] c.a.l.service.InvestEventServiceImpl     : Withdrew 0.015945571330402607 for expenses from Investment ID: 3
2025-05-05 20:40:29.787  INFO 92277 --- [Test worker] c.a.l.service.InvestEventServiceImpl     : Withdrew 0.06085989022675417 for expenses from Investment ID: 4
2025-05-05 20:40:29.787  INFO 92277 --- [Test worker] c.a.l.service.InvestEventServiceImpl     : Withdrew 0.08380681506263286 for expenses from Investment ID: 5
2025-05-05 20:40:29.787  INFO 92277 --- [Test worker] c.a.l.service.InvestEventServiceImpl     : Withdrew 0.033187630449330915 for expenses from Investment ID: 2
2025-05-05 20:40:29.787  INFO 92277 --- [Test worker] c.a.l.service.InvestEventServiceImpl     : Total expenses withdrawn this year: 0.193799907069120552
2025-05-05 20:40:29.807  INFO 92277 --- [Test worker] c.a.l.service.InvestEventServiceImpl     : Withdrew 0.024263410966019833 for expenses from Investment ID: 3
2025-05-05 20:40:29.807  INFO 92277 --- [Test worker] c.a.l.service.InvestEventServiceImpl     : Withdrew 0.09055763572592969 for expenses from Investment ID: 4
2025-05-05 20:40:29.807  INFO 92277 --- [Test worker] c.a.l.service.InvestEventServiceImpl     : Withdrew 0.09254417183605729 for expenses from Investment ID: 5
2025-05-05 20:40:29.807  INFO 92277 --- [Test worker] c.a.l.service.InvestEventServiceImpl     : Withdrew 0.06970818117740347 for expenses from Investment ID: 2
2025-05-05 20:40:29.808  INFO 92277 --- [Test worker] c.a.l.service.InvestEventServiceImpl     : Total expenses withdrawn this year: 0.277073399705410283
2025-05-05 20:40:29.837  INFO 92277 --- [Test worker] c.a.l.service.InvestEventServiceImpl     : Withdrew 0.02529660763611267 for expenses from Investment ID: 3
2025-05-05 20:40:29.837  INFO 92277 --- [Test worker] c.a.l.service.InvestEventServiceImpl     : Withdrew 0.07496598717801733 for expenses from Investment ID: 4
2025-05-05 20:40:29.837  INFO 92277 --- [Test worker] c.a.l.service.InvestEventServiceImpl     : Withdrew 0.06220346313898615 for expenses from Investment ID: 5
2025-05-05 20:40:29.837  INFO 92277 --- [Test worker] c.a.l.service.InvestEventServiceImpl     : Withdrew 0.08718902791369597 for expenses from Investment ID: 2
2025-05-05 20:40:29.837  INFO 92277 --- [Test worker] c.a.l.service.InvestEventServiceImpl     : Total expenses withdrawn this year: 0.24965508586681212
2025-05-05 20:40:29.860  INFO 92277 --- [Test worker] c.a.l.service.InvestEventServiceImpl     : Withdrew 0.0346515472121289 for expenses from Investment ID: 3
2025-05-05 20:40:29.860  INFO 92277 --- [Test worker] c.a.l.service.InvestEventServiceImpl     : Withdrew 0.0861861786128794 for expenses from Investment ID: 4
2025-05-05 20:40:29.860  INFO 92277 --- [Test worker] c.a.l.service.InvestEventServiceImpl     : Withdrew 0.03828809565273635 for expenses from Investment ID: 5
2025-05-05 20:40:29.860  INFO 92277 --- [Test worker] c.a.l.service.InvestEventServiceImpl     : Withdrew 0.05386716417646962 for expenses from Investment ID: 2
2025-05-05 20:40:29.860  INFO 92277 --- [Test worker] c.a.l.service.InvestEventServiceImpl     : Total expenses withdrawn this year: 0.21299298565421427
2025-05-05 20:40:29.881  INFO 92277 --- [Test worker] c.a.l.service.InvestEventServiceImpl     : Withdrew 0.020059957318436437 for expenses from Investment ID: 3
2025-05-05 20:40:29.881  INFO 92277 --- [Test worker] c.a.l.service.InvestEventServiceImpl     : Withdrew 0.06023299484246234 for expenses from Investment ID: 4
2025-05-05 20:40:29.882  INFO 92277 --- [Test worker] c.a.l.service.InvestEventServiceImpl     : Withdrew 0.03537863901029023 for expenses from Investment ID: 5
2025-05-05 20:40:29.882  INFO 92277 --- [Test worker] c.a.l.service.InvestEventServiceImpl     : Withdrew 0.05141983511024371 for expenses from Investment ID: 2
2025-05-05 20:40:29.882  INFO 92277 --- [Test worker] c.a.l.service.InvestEventServiceImpl     : Total expenses withdrawn this year: 0.167091426281432717
2025-05-05 20:40:29.905  INFO 92277 --- [Test worker] c.a.l.service.InvestEventServiceImpl     : Withdrew 0.025761501071218773 for expenses from Investment ID: 3
2025-05-05 20:40:29.905  INFO 92277 --- [Test worker] c.a.l.service.InvestEventServiceImpl     : Withdrew 0.05594738559431727 for expenses from Investment ID: 4
2025-05-05 20:40:29.905  INFO 92277 --- [Test worker] c.a.l.service.InvestEventServiceImpl     : Withdrew 0.032805842819107416 for expenses from Investment ID: 5
2025-05-05 20:40:29.905  INFO 92277 --- [Test worker] c.a.l.service.InvestEventServiceImpl     : Withdrew 0.06511185030543468 for expenses from Investment ID: 2
2025-05-05 20:40:29.905  INFO 92277 --- [Test worker] c.a.l.service.InvestEventServiceImpl     : Total expenses withdrawn this year: 0.179626579790078139
2025-05-05 20:40:29.932  INFO 92277 --- [Test worker] c.a.l.service.InvestEventServiceImpl     : Withdrew 0.03122329104361556 for expenses from Investment ID: 3
2025-05-05 20:40:29.932  INFO 92277 --- [Test worker] c.a.l.service.InvestEventServiceImpl     : Withdrew 0.0790311490776114 for expenses from Investment ID: 4
2025-05-05 20:40:29.932  INFO 92277 --- [Test worker] c.a.l.service.InvestEventServiceImpl     : Withdrew 0.09567438159125907 for expenses from Investment ID: 5
2025-05-05 20:40:29.932  INFO 92277 --- [Test worker] c.a.l.service.InvestEventServiceImpl     : Withdrew 0.07651564787151886 for expenses from Investment ID: 2
2025-05-05 20:40:29.932  INFO 92277 --- [Test worker] c.a.l.service.InvestEventServiceImpl     : Total expenses withdrawn this year: 0.28244446958400489
2025-05-05 20:40:29.954  INFO 92277 --- [Test worker] c.a.l.service.InvestEventServiceImpl     : Withdrew 0.02149849662655331 for expenses from Investment ID: 3
2025-05-05 20:40:29.954  INFO 92277 --- [Test worker] c.a.l.service.InvestEventServiceImpl     : Withdrew 0.05493935946451993 for expenses from Investment ID: 4
2025-05-05 20:40:29.954  INFO 92277 --- [Test worker] c.a.l.service.InvestEventServiceImpl     : Withdrew 0.07985325475070716 for expenses from Investment ID: 5
2025-05-05 20:40:29.954  INFO 92277 --- [Test worker] c.a.l.service.InvestEventServiceImpl     : Withdrew 0.08028367834057556 for expenses from Investment ID: 2
2025-05-05 20:40:29.954  INFO 92277 --- [Test worker] c.a.l.service.InvestEventServiceImpl     : Total expenses withdrawn this year: 0.23657478918235596
2025-05-05 20:40:29.980  INFO 92277 --- [Test worker] c.a.l.service.InvestEventServiceImpl     : Withdrew 0.05351751800180244 for expenses from Investment ID: 3
2025-05-05 20:40:29.980  INFO 92277 --- [Test worker] c.a.l.service.InvestEventServiceImpl     : Withdrew 0.03942286194689564 for expenses from Investment ID: 4
2025-05-05 20:40:29.980  INFO 92277 --- [Test worker] c.a.l.service.InvestEventServiceImpl     : Withdrew 0.05985667459083808 for expenses from Investment ID: 5
2025-05-05 20:40:29.980  INFO 92277 --- [Test worker] c.a.l.service.InvestEventServiceImpl     : Withdrew 0.022967716221114255 for expenses from Investment ID: 2
2025-05-05 20:40:29.980  INFO 92277 --- [Test worker] c.a.l.service.InvestEventServiceImpl     : Total expenses withdrawn this year: 0.175764770760650415
2025-05-05 20:40:30.002  INFO 92277 --- [Test worker] c.a.l.service.InvestEventServiceImpl     : Withdrew 0.02898230320106409 for expenses from Investment ID: 3
2025-05-05 20:40:30.003  INFO 92277 --- [Test worker] c.a.l.service.InvestEventServiceImpl     : Withdrew 0.05921568946243122 for expenses from Investment ID: 4
2025-05-05 20:40:30.003  INFO 92277 --- [Test worker] c.a.l.service.InvestEventServiceImpl     : Withdrew 0.05191509486547437 for expenses from Investment ID: 5
2025-05-05 20:40:30.003  INFO 92277 --- [Test worker] c.a.l.service.InvestEventServiceImpl     : Withdrew 0.055894333121875535 for expenses from Investment ID: 2
2025-05-05 20:40:30.003  INFO 92277 --- [Test worker] c.a.l.service.InvestEventServiceImpl     : Total expenses withdrawn this year: 0.196007420650845215
2025-05-05 20:40:30.033  INFO 92277 --- [Test worker] c.a.l.service.InvestEventServiceImpl     : Withdrew 0.033802920050859 for expenses from Investment ID: 3
2025-05-05 20:40:30.034  INFO 92277 --- [Test worker] c.a.l.service.InvestEventServiceImpl     : Withdrew 0.07721832325540247 for expenses from Investment ID: 4
2025-05-05 20:40:30.034  INFO 92277 --- [Test worker] c.a.l.service.InvestEventServiceImpl     : Withdrew 0.04796909137701555 for expenses from Investment ID: 5
2025-05-05 20:40:30.034  INFO 92277 --- [Test worker] c.a.l.service.InvestEventServiceImpl     : Withdrew 0.061103617965521044 for expenses from Investment ID: 2
2025-05-05 20:40:30.034  INFO 92277 --- [Test worker] c.a.l.service.InvestEventServiceImpl     : Total expenses withdrawn this year: 0.220093952648798064
2025-05-05 20:40:30.065  INFO 92277 --- [Test worker] c.a.l.service.InvestEventServiceImpl     : Withdrew 0.025261163472734185 for expenses from Investment ID: 3
2025-05-05 20:40:30.065  INFO 92277 --- [Test worker] c.a.l.service.InvestEventServiceImpl     : Withdrew 0.0746066359235805 for expenses from Investment ID: 4
2025-05-05 20:40:30.065  INFO 92277 --- [Test worker] c.a.l.service.InvestEventServiceImpl     : Withdrew 0.06291281602046786 for expenses from Investment ID: 5
2025-05-05 20:40:30.065  INFO 92277 --- [Test worker] c.a.l.service.InvestEventServiceImpl     : Withdrew 0.06312255959349294 for expenses from Investment ID: 2
2025-05-05 20:40:30.065  INFO 92277 --- [Test worker] c.a.l.service.InvestEventServiceImpl     : Total expenses withdrawn this year: 0.225903175010275485
2025-05-05 20:40:30.089  INFO 92277 --- [Test worker] c.a.l.service.InvestEventServiceImpl     : Withdrew 0.029162400089738354 for expenses from Investment ID: 3
2025-05-05 20:40:30.089  INFO 92277 --- [Test worker] c.a.l.service.InvestEventServiceImpl     : Withdrew 0.08929469683434418 for expenses from Investment ID: 4
2025-05-05 20:40:30.089  INFO 92277 --- [Test worker] c.a.l.service.InvestEventServiceImpl     : Withdrew 0.08902761969330406 for expenses from Investment ID: 5
2025-05-05 20:40:30.089  INFO 92277 --- [Test worker] c.a.l.service.InvestEventServiceImpl     : Withdrew 0.05648160598181983 for expenses from Investment ID: 2
2025-05-05 20:40:30.089  INFO 92277 --- [Test worker] c.a.l.service.InvestEventServiceImpl     : Total expenses withdrawn this year: 0.263966322599206424
2025-05-05 20:40:30.108  INFO 92277 --- [Test worker] c.a.l.service.InvestEventServiceImpl     : Withdrew 0.03757361173861304 for expenses from Investment ID: 3
2025-05-05 20:40:30.108  INFO 92277 --- [Test worker] c.a.l.service.InvestEventServiceImpl     : Withdrew 0.012148264311443169 for expenses from Investment ID: 4
2025-05-05 20:40:30.108  INFO 92277 --- [Test worker] c.a.l.service.InvestEventServiceImpl     : Withdrew 0.06665093558642189 for expenses from Investment ID: 5
2025-05-05 20:40:30.108  INFO 92277 --- [Test worker] c.a.l.service.InvestEventServiceImpl     : Withdrew 0.0783249653412519 for expenses from Investment ID: 2
2025-05-05 20:40:30.108  INFO 92277 --- [Test worker] c.a.l.service.InvestEventServiceImpl     : Total expenses withdrawn this year: 0.194697776977729999
2025-05-05 20:40:30.123  INFO 92277 --- [Test worker] c.a.l.service.InvestEventServiceImpl     : Withdrew 0.03257130917502525 for expenses from Investment ID: 3
2025-05-05 20:40:30.123  INFO 92277 --- [Test worker] c.a.l.service.InvestEventServiceImpl     : Withdrew 0.07739313632169302 for expenses from Investment ID: 4
2025-05-05 20:40:30.123  INFO 92277 --- [Test worker] c.a.l.service.InvestEventServiceImpl     : Withdrew 0.03786666928191322 for expenses from Investment ID: 5
2025-05-05 20:40:30.123  INFO 92277 --- [Test worker] c.a.l.service.InvestEventServiceImpl     : Withdrew 0.07612485477293723 for expenses from Investment ID: 2
2025-05-05 20:40:30.123  INFO 92277 --- [Test worker] c.a.l.service.InvestEventServiceImpl     : Total expenses withdrawn this year: 0.22395596955156872
2025-05-05 20:40:30.137  INFO 92277 --- [Test worker] c.a.l.service.InvestEventServiceImpl     : Withdrew 0.023913538435987747 for expenses from Investment ID: 3
2025-05-05 20:40:30.137  INFO 92277 --- [Test worker] c.a.l.service.InvestEventServiceImpl     : Withdrew 0.06272701045996928 for expenses from Investment ID: 4
2025-05-05 20:40:30.137  INFO 92277 --- [Test worker] c.a.l.service.InvestEventServiceImpl     : Withdrew 0.06676362322937103 for expenses from Investment ID: 5
2025-05-05 20:40:30.137  INFO 92277 --- [Test worker] c.a.l.service.InvestEventServiceImpl     : Withdrew 0.06303191067515547 for expenses from Investment ID: 2
2025-05-05 20:40:30.137  INFO 92277 --- [Test worker] c.a.l.service.InvestEventServiceImpl     : Total expenses withdrawn this year: 0.216436082800483527
2025-05-05 20:40:30.151  INFO 92277 --- [Test worker] c.a.l.service.InvestEventServiceImpl     : Withdrew 0.03991455950364731 for expenses from Investment ID: 3
2025-05-05 20:40:30.151  INFO 92277 --- [Test worker] c.a.l.service.InvestEventServiceImpl     : Withdrew 0.08448182380775371 for expenses from Investment ID: 4
2025-05-05 20:40:30.151  INFO 92277 --- [Test worker] c.a.l.service.InvestEventServiceImpl     : Withdrew 0.04777453899988192 for expenses from Investment ID: 5
2025-05-05 20:40:30.151  INFO 92277 --- [Test worker] c.a.l.service.InvestEventServiceImpl     : Withdrew 0.0603558160697837 for expenses from Investment ID: 2
2025-05-05 20:40:30.152  INFO 92277 --- [Test worker] c.a.l.service.InvestEventServiceImpl     : Total expenses withdrawn this year: 0.23252673838106664
2025-05-05 20:40:30.169  INFO 92277 --- [Test worker] c.a.l.service.InvestEventServiceImpl     : Withdrew 0.0334070540752868 for expenses from Investment ID: 3
2025-05-05 20:40:30.169  INFO 92277 --- [Test worker] c.a.l.service.InvestEventServiceImpl     : Withdrew 0.055782865412167065 for expenses from Investment ID: 4
2025-05-05 20:40:30.169  INFO 92277 --- [Test worker] c.a.l.service.InvestEventServiceImpl     : Withdrew 0.06865180260415787 for expenses from Investment ID: 5
2025-05-05 20:40:30.169  INFO 92277 --- [Test worker] c.a.l.service.InvestEventServiceImpl     : Withdrew 0.08326835696320449 for expenses from Investment ID: 2
2025-05-05 20:40:30.169  INFO 92277 --- [Test worker] c.a.l.service.InvestEventServiceImpl     : Total expenses withdrawn this year: 0.241110079054816225
2025-05-05 20:40:30.189  INFO 92277 --- [Test worker] c.a.l.service.InvestEventServiceImpl     : Withdrew 0.012361082926614366 for expenses from Investment ID: 3
2025-05-05 20:40:30.189  INFO 92277 --- [Test worker] c.a.l.service.InvestEventServiceImpl     : Withdrew 0.1010064062081475 for expenses from Investment ID: 4
2025-05-05 20:40:30.189  INFO 92277 --- [Test worker] c.a.l.service.InvestEventServiceImpl     : Withdrew 0.06415574755220345 for expenses from Investment ID: 5
2025-05-05 20:40:30.189  INFO 92277 --- [Test worker] c.a.l.service.InvestEventServiceImpl     : Withdrew 0.08072643991746346 for expenses from Investment ID: 2
2025-05-05 20:40:30.189  INFO 92277 --- [Test worker] c.a.l.service.InvestEventServiceImpl     : Total expenses withdrawn this year: 0.258249676604428776
2025-05-05 20:40:30.208  INFO 92277 --- [Test worker] c.a.l.service.InvestEventServiceImpl     : Withdrew 0.027850355285941816 for expenses from Investment ID: 3
2025-05-05 20:40:30.208  INFO 92277 --- [Test worker] c.a.l.service.InvestEventServiceImpl     : Withdrew 0.10873710402773405 for expenses from Investment ID: 4
2025-05-05 20:40:30.208  INFO 92277 --- [Test worker] c.a.l.service.InvestEventServiceImpl     : Withdrew 0.09716902531292548 for expenses from Investment ID: 5
2025-05-05 20:40:30.208  INFO 92277 --- [Test worker] c.a.l.service.InvestEventServiceImpl     : Withdrew 0.055519410641972626 for expenses from Investment ID: 2
2025-05-05 20:40:30.208  INFO 92277 --- [Test worker] c.a.l.service.InvestEventServiceImpl     : Total expenses withdrawn this year: 0.289275895268573972
2025-05-05 20:40:30.229  INFO 92277 --- [Test worker] c.a.l.service.InvestEventServiceImpl     : Withdrew 0.050630378049534866 for expenses from Investment ID: 3
2025-05-05 20:40:30.229  INFO 92277 --- [Test worker] c.a.l.service.InvestEventServiceImpl     : Withdrew 0.0850306015242204 for expenses from Investment ID: 4
2025-05-05 20:40:30.229  INFO 92277 --- [Test worker] c.a.l.service.InvestEventServiceImpl     : Withdrew 0.09074477985186523 for expenses from Investment ID: 5
2025-05-05 20:40:30.229  INFO 92277 --- [Test worker] c.a.l.service.InvestEventServiceImpl     : Withdrew 0.06478883566290769 for expenses from Investment ID: 2
2025-05-05 20:40:30.229  INFO 92277 --- [Test worker] c.a.l.service.InvestEventServiceImpl     : Total expenses withdrawn this year: 0.291194595088528186
2025-05-05 20:40:30.279  INFO 92277 --- [Test worker] c.a.l.service.InvestEventServiceImpl     : Withdrew 100.0 for expenses from Investment ID: 1
2025-05-05 20:40:30.279  INFO 92277 --- [Test worker] c.a.l.service.InvestEventServiceImpl     : Withdrew 2000.0 for expenses from Investment ID: 3
2025-05-05 20:40:30.280  INFO 92277 --- [Test worker] c.a.l.service.InvestEventServiceImpl     : Withdrew 10000.0 for expenses from Investment ID: 4
2025-05-05 20:40:30.280  INFO 92277 --- [Test worker] c.a.l.service.InvestEventServiceImpl     : Withdrew 2000.0 for expenses from Investment ID: 5
2025-05-05 20:40:30.280  INFO 92277 --- [Test worker] c.a.l.service.InvestEventServiceImpl     : Withdrew 10000.0 for expenses from Investment ID: 2
2025-05-05 20:40:30.280  INFO 92277 --- [Test worker] c.a.l.service.InvestEventServiceImpl     : Total expenses withdrawn this year: 24100.0
2025-05-05 20:40:30.315  INFO 92277 --- [Test worker] c.a.l.service.InvestEventServiceImpl     : Withdrew 0.033731286076784925 for expenses from Investment ID: 3
2025-05-05 20:40:30.316  INFO 92277 --- [Test worker] c.a.l.service.InvestEventServiceImpl     : Withdrew 0.056643668064885445 for expenses from Investment ID: 4
2025-05-05 20:40:30.322  INFO 92277 --- [Test worker] c.a.l.service.InvestEventServiceImpl     : Withdrew 0.05696547481810375 for expenses from Investment ID: 5
2025-05-05 20:40:30.322  INFO 92277 --- [Test worker] c.a.l.service.InvestEventServiceImpl     : Withdrew 0.08681376957624957 for expenses from Investment ID: 2
2025-05-05 20:40:30.322  INFO 92277 --- [Test worker] c.a.l.service.InvestEventServiceImpl     : Total expenses withdrawn this year: 0.234154198536023690
2025-05-05 20:40:30.344  INFO 92277 --- [Test worker] c.a.l.service.InvestEventServiceImpl     : Withdrew 0.03562952875466624 for expenses from Investment ID: 3
2025-05-05 20:40:30.344  INFO 92277 --- [Test worker] c.a.l.service.InvestEventServiceImpl     : Withdrew 0.07722063651020805 for expenses from Investment ID: 4
2025-05-05 20:40:30.344  INFO 92277 --- [Test worker] c.a.l.service.InvestEventServiceImpl     : Withdrew 0.05731489154528308 for expenses from Investment ID: 5
2025-05-05 20:40:30.344  INFO 92277 --- [Test worker] c.a.l.service.InvestEventServiceImpl     : Withdrew 0.05097846877038001 for expenses from Investment ID: 2
2025-05-05 20:40:30.344  INFO 92277 --- [Test worker] c.a.l.service.InvestEventServiceImpl     : Total expenses withdrawn this year: 0.22114352558053738
2025-05-05 20:40:30.365  INFO 92277 --- [Test worker] c.a.l.service.InvestEventServiceImpl     : Withdrew 0.027483653573875635 for expenses from Investment ID: 3
2025-05-05 20:40:30.365  INFO 92277 --- [Test worker] c.a.l.service.InvestEventServiceImpl     : Withdrew 0.06778024293154289 for expenses from Investment ID: 4
2025-05-05 20:40:30.365  INFO 92277 --- [Test worker] c.a.l.service.InvestEventServiceImpl     : Withdrew 0.04037036347610408 for expenses from Investment ID: 5
2025-05-05 20:40:30.366  INFO 92277 --- [Test worker] c.a.l.service.InvestEventServiceImpl     : Withdrew 0.031805656283639745 for expenses from Investment ID: 2
2025-05-05 20:40:30.366  INFO 92277 --- [Test worker] c.a.l.service.InvestEventServiceImpl     : Total expenses withdrawn this year: 0.167439916265162350
2025-05-05 20:40:30.387  INFO 92277 --- [Test worker] c.a.l.service.InvestEventServiceImpl     : Withdrew 0.021264292634598052 for expenses from Investment ID: 3
2025-05-05 20:40:30.388  INFO 92277 --- [Test worker] c.a.l.service.InvestEventServiceImpl     : Withdrew 0.07950838411615173 for expenses from Investment ID: 4
2025-05-05 20:40:30.388  INFO 92277 --- [Test worker] c.a.l.service.InvestEventServiceImpl     : Withdrew 0.046838276901048824 for expenses from Investment ID: 5
2025-05-05 20:40:30.388  INFO 92277 --- [Test worker] c.a.l.service.InvestEventServiceImpl     : Withdrew 0.06085752087083913 for expenses from Investment ID: 2
2025-05-05 20:40:30.388  INFO 92277 --- [Test worker] c.a.l.service.InvestEventServiceImpl     : Total expenses withdrawn this year: 0.208468474522637736
2025-05-05 20:40:30.407  INFO 92277 --- [Test worker] c.a.l.service.InvestEventServiceImpl     : Withdrew 0.035537481463389003 for expenses from Investment ID: 3
2025-05-05 20:40:30.408  INFO 92277 --- [Test worker] c.a.l.service.InvestEventServiceImpl     : Withdrew 0.09419244926227663 for expenses from Investment ID: 4
2025-05-05 20:40:30.408  INFO 92277 --- [Test worker] c.a.l.service.InvestEventServiceImpl     : Withdrew 0.08307164833144008 for expenses from Investment ID: 5
2025-05-05 20:40:30.408  INFO 92277 --- [Test worker] c.a.l.service.InvestEventServiceImpl     : Withdrew 0.0664498197311897 for expenses from Investment ID: 2
2025-05-05 20:40:30.408  INFO 92277 --- [Test worker] c.a.l.service.InvestEventServiceImpl     : Total expenses withdrawn this year: 0.279251398788295413
2025-05-05 20:40:30.428  INFO 92277 --- [Test worker] c.a.l.service.InvestEventServiceImpl     : Withdrew 0.022970311173677396 for expenses from Investment ID: 3
2025-05-05 20:40:30.428  INFO 92277 --- [Test worker] c.a.l.service.InvestEventServiceImpl     : Withdrew 0.07683188259343854 for expenses from Investment ID: 4
2025-05-05 20:40:30.428  INFO 92277 --- [Test worker] c.a.l.service.InvestEventServiceImpl     : Withdrew 0.0778763629424355 for expenses from Investment ID: 5
2025-05-05 20:40:30.428  INFO 92277 --- [Test worker] c.a.l.service.InvestEventServiceImpl     : Withdrew 0.07698939732447854 for expenses from Investment ID: 2
2025-05-05 20:40:30.428  INFO 92277 --- [Test worker] c.a.l.service.InvestEventServiceImpl     : Total expenses withdrawn this year: 0.254667954034029976
2025-05-05 20:40:30.449  INFO 92277 --- [Test worker] c.a.l.service.InvestEventServiceImpl     : Withdrew 0.02433418058637577 for expenses from Investment ID: 3
2025-05-05 20:40:30.449  INFO 92277 --- [Test worker] c.a.l.service.InvestEventServiceImpl     : Withdrew 0.06645144425555402 for expenses from Investment ID: 4
2025-05-05 20:40:30.450  INFO 92277 --- [Test worker] c.a.l.service.InvestEventServiceImpl     : Withdrew 0.07365880028456079 for expenses from Investment ID: 5
2025-05-05 20:40:30.450  INFO 92277 --- [Test worker] c.a.l.service.InvestEventServiceImpl     : Withdrew 0.11977758091412784 for expenses from Investment ID: 2
2025-05-05 20:40:30.450  INFO 92277 --- [Test worker] c.a.l.service.InvestEventServiceImpl     : Total expenses withdrawn this year: 0.28422200604061842
2025-05-05 20:40:30.469  INFO 92277 --- [Test worker] c.a.l.service.InvestEventServiceImpl     : Withdrew 0.034632680044405714 for expenses from Investment ID: 3
2025-05-05 20:40:30.469  INFO 92277 --- [Test worker] c.a.l.service.InvestEventServiceImpl     : Withdrew 0.09294133663704846 for expenses from Investment ID: 4
2025-05-05 20:40:30.469  INFO 92277 --- [Test worker] c.a.l.service.InvestEventServiceImpl     : Withdrew 0.03890218867598431 for expenses from Investment ID: 5
2025-05-05 20:40:30.469  INFO 92277 --- [Test worker] c.a.l.service.InvestEventServiceImpl     : Withdrew 0.06101008572333824 for expenses from Investment ID: 2
2025-05-05 20:40:30.469  INFO 92277 --- [Test worker] c.a.l.service.InvestEventServiceImpl     : Total expenses withdrawn this year: 0.227486291080776724
2025-05-05 20:40:30.484  INFO 92277 --- [Test worker] c.a.l.service.InvestEventServiceImpl     : Withdrew 0.02090927932642515 for expenses from Investment ID: 3
2025-05-05 20:40:30.484  INFO 92277 --- [Test worker] c.a.l.service.InvestEventServiceImpl     : Withdrew 0.0936630709817719 for expenses from Investment ID: 4
2025-05-05 20:40:30.484  INFO 92277 --- [Test worker] c.a.l.service.InvestEventServiceImpl     : Withdrew 0.04744836369776013 for expenses from Investment ID: 5
2025-05-05 20:40:30.484  INFO 92277 --- [Test worker] c.a.l.service.InvestEventServiceImpl     : Withdrew 0.07584476508268803 for expenses from Investment ID: 2
2025-05-05 20:40:30.484  INFO 92277 --- [Test worker] c.a.l.service.InvestEventServiceImpl     : Total expenses withdrawn this year: 0.23786547908864521
2025-05-05 20:40:30.502  INFO 92277 --- [Test worker] c.a.l.service.InvestEventServiceImpl     : Withdrew 0.02184356014885854 for expenses from Investment ID: 3
2025-05-05 20:40:30.503  INFO 92277 --- [Test worker] c.a.l.service.InvestEventServiceImpl     : Withdrew 0.09972854318170374 for expenses from Investment ID: 4
2025-05-05 20:40:30.503  INFO 92277 --- [Test worker] c.a.l.service.InvestEventServiceImpl     : Withdrew 0.051120768473613555 for expenses from Investment ID: 5
2025-05-05 20:40:30.503  INFO 92277 --- [Test worker] c.a.l.service.InvestEventServiceImpl     : Withdrew 0.0671779462023429 for expenses from Investment ID: 2
2025-05-05 20:40:30.503  INFO 92277 --- [Test worker] c.a.l.service.InvestEventServiceImpl     : Total expenses withdrawn this year: 0.239870818006518735
2025-05-05 20:40:30.521  INFO 92277 --- [Test worker] c.a.l.service.InvestEventServiceImpl     : Withdrew 0.04199415740240025 for expenses from Investment ID: 3
2025-05-05 20:40:30.521  INFO 92277 --- [Test worker] c.a.l.service.InvestEventServiceImpl     : Withdrew 0.03742554804401455 for expenses from Investment ID: 4
2025-05-05 20:40:30.521  INFO 92277 --- [Test worker] c.a.l.service.InvestEventServiceImpl     : Withdrew 0.09265740429247035 for expenses from Investment ID: 5
2025-05-05 20:40:30.521  INFO 92277 --- [Test worker] c.a.l.service.InvestEventServiceImpl     : Withdrew 0.0805527754375837 for expenses from Investment ID: 2
2025-05-05 20:40:30.521  INFO 92277 --- [Test worker] c.a.l.service.InvestEventServiceImpl     : Total expenses withdrawn this year: 0.25262988517646885
2025-05-05 20:40:30.540  INFO 92277 --- [Test worker] c.a.l.service.InvestEventServiceImpl     : Withdrew 0.023686981092597755 for expenses from Investment ID: 3
2025-05-05 20:40:30.540  INFO 92277 --- [Test worker] c.a.l.service.InvestEventServiceImpl     : Withdrew 0.02304322327237004 for expenses from Investment ID: 4
2025-05-05 20:40:30.540  INFO 92277 --- [Test worker] c.a.l.service.InvestEventServiceImpl     : Withdrew 0.11378361366922024 for expenses from Investment ID: 5
2025-05-05 20:40:30.540  INFO 92277 --- [Test worker] c.a.l.service.InvestEventServiceImpl     : Withdrew 0.05006800549873323 for expenses from Investment ID: 2
2025-05-05 20:40:30.540  INFO 92277 --- [Test worker] c.a.l.service.InvestEventServiceImpl     : Total expenses withdrawn this year: 0.210581823532921265
2025-05-05 20:40:30.574  INFO 92277 --- [Test worker] c.a.l.service.InvestEventServiceImpl     : Withdrew 0.04976402756332104 for expenses from Investment ID: 3
2025-05-05 20:40:30.574  INFO 92277 --- [Test worker] c.a.l.service.InvestEventServiceImpl     : Withdrew 0.030844918563677656 for expenses from Investment ID: 4
2025-05-05 20:40:30.574  INFO 92277 --- [Test worker] c.a.l.service.InvestEventServiceImpl     : Withdrew 0.11828426218250859 for expenses from Investment ID: 5
2025-05-05 20:40:30.575  INFO 92277 --- [Test worker] c.a.l.service.InvestEventServiceImpl     : Withdrew 0.08810378914493645 for expenses from Investment ID: 2
2025-05-05 20:40:30.575  INFO 92277 --- [Test worker] c.a.l.service.InvestEventServiceImpl     : Total expenses withdrawn this year: 0.286996997454443736
2025-05-05 20:40:30.598  INFO 92277 --- [Test worker] c.a.l.service.InvestEventServiceImpl     : Withdrew 0.02432712032979656 for expenses from Investment ID: 3
2025-05-05 20:40:30.599  INFO 92277 --- [Test worker] c.a.l.service.InvestEventServiceImpl     : Withdrew 0.10528948004248909 for expenses from Investment ID: 4
2025-05-05 20:40:30.599  INFO 92277 --- [Test worker] c.a.l.service.InvestEventServiceImpl     : Withdrew 0.03239167998985964 for expenses from Investment ID: 5
2025-05-05 20:40:30.599  INFO 92277 --- [Test worker] c.a.l.service.InvestEventServiceImpl     : Withdrew 0.11665249683259248 for expenses from Investment ID: 2
2025-05-05 20:40:30.599  INFO 92277 --- [Test worker] c.a.l.service.InvestEventServiceImpl     : Total expenses withdrawn this year: 0.27866077719473777
2025-05-05 20:40:30.622  INFO 92277 --- [Test worker] c.a.l.service.InvestEventServiceImpl     : Withdrew 0.04005279347015169 for expenses from Investment ID: 3
2025-05-05 20:40:30.622  INFO 92277 --- [Test worker] c.a.l.service.InvestEventServiceImpl     : Withdrew 0.06116372559441 for expenses from Investment ID: 4
2025-05-05 20:40:30.622  INFO 92277 --- [Test worker] c.a.l.service.InvestEventServiceImpl     : Withdrew 0.07589363099333889 for expenses from Investment ID: 5
2025-05-05 20:40:30.622  INFO 92277 --- [Test worker] c.a.l.service.InvestEventServiceImpl     : Withdrew 0.06516300116511659 for expenses from Investment ID: 2
2025-05-05 20:40:30.622  INFO 92277 --- [Test worker] c.a.l.service.InvestEventServiceImpl     : Total expenses withdrawn this year: 0.24227315122301717
2025-05-05 20:40:30.644  INFO 92277 --- [Test worker] c.a.l.service.InvestEventServiceImpl     : Withdrew 0.03487920420632656 for expenses from Investment ID: 3
2025-05-05 20:40:30.644  INFO 92277 --- [Test worker] c.a.l.service.InvestEventServiceImpl     : Withdrew 0.08104517957437925 for expenses from Investment ID: 4
2025-05-05 20:40:30.644  INFO 92277 --- [Test worker] c.a.l.service.InvestEventServiceImpl     : Withdrew 0.04870135317551817 for expenses from Investment ID: 5
2025-05-05 20:40:30.644  INFO 92277 --- [Test worker] c.a.l.service.InvestEventServiceImpl     : Withdrew 0.07577889764371204 for expenses from Investment ID: 2
2025-05-05 20:40:30.644  INFO 92277 --- [Test worker] c.a.l.service.InvestEventServiceImpl     : Total expenses withdrawn this year: 0.24040463459993602
2025-05-05 20:40:30.668  INFO 92277 --- [Test worker] c.a.l.service.InvestEventServiceImpl     : Withdrew 0.033547407261984616 for expenses from Investment ID: 3
2025-05-05 20:40:30.668  INFO 92277 --- [Test worker] c.a.l.service.InvestEventServiceImpl     : Withdrew 0.05467287107483197 for expenses from Investment ID: 4
2025-05-05 20:40:30.668  INFO 92277 --- [Test worker] c.a.l.service.InvestEventServiceImpl     : Withdrew 0.07067150037343871 for expenses from Investment ID: 5
2025-05-05 20:40:30.668  INFO 92277 --- [Test worker] c.a.l.service.InvestEventServiceImpl     : Withdrew 0.07470283776807012 for expenses from Investment ID: 2
2025-05-05 20:40:30.668  INFO 92277 --- [Test worker] c.a.l.service.InvestEventServiceImpl     : Total expenses withdrawn this year: 0.233594616478325416
2025-05-05 20:40:30.689  INFO 92277 --- [Test worker] c.a.l.service.InvestEventServiceImpl     : Withdrew 0.0295495232775749 for expenses from Investment ID: 3
2025-05-05 20:40:30.689  INFO 92277 --- [Test worker] c.a.l.service.InvestEventServiceImpl     : Withdrew 0.061007823028292364 for expenses from Investment ID: 4
2025-05-05 20:40:30.689  INFO 92277 --- [Test worker] c.a.l.service.InvestEventServiceImpl     : Withdrew 0.05516970994181621 for expenses from Investment ID: 5
2025-05-05 20:40:30.689  INFO 92277 --- [Test worker] c.a.l.service.InvestEventServiceImpl     : Withdrew 0.06638711488890192 for expenses from Investment ID: 2
2025-05-05 20:40:30.690  INFO 92277 --- [Test worker] c.a.l.service.InvestEventServiceImpl     : Total expenses withdrawn this year: 0.212114171136585394
2025-05-05 20:40:30.711  INFO 92277 --- [Test worker] c.a.l.service.InvestEventServiceImpl     : Withdrew 0.04550648680415176 for expenses from Investment ID: 3
2025-05-05 20:40:30.712  INFO 92277 --- [Test worker] c.a.l.service.InvestEventServiceImpl     : Withdrew 0.07527693941568811 for expenses from Investment ID: 4
2025-05-05 20:40:30.712  INFO 92277 --- [Test worker] c.a.l.service.InvestEventServiceImpl     : Withdrew 0.05656746107706512 for expenses from Investment ID: 5
2025-05-05 20:40:30.712  INFO 92277 --- [Test worker] c.a.l.service.InvestEventServiceImpl     : Withdrew 0.06185966310422506 for expenses from Investment ID: 2
2025-05-05 20:40:30.712  INFO 92277 --- [Test worker] c.a.l.service.InvestEventServiceImpl     : Total expenses withdrawn this year: 0.23921055040113005
2025-05-05 20:40:30.735  INFO 92277 --- [Test worker] c.a.l.service.InvestEventServiceImpl     : Withdrew 0.03513702448585632 for expenses from Investment ID: 3
2025-05-05 20:40:30.735  INFO 92277 --- [Test worker] c.a.l.service.InvestEventServiceImpl     : Withdrew 0.09215657677031935 for expenses from Investment ID: 4
2025-05-05 20:40:30.736  INFO 92277 --- [Test worker] c.a.l.service.InvestEventServiceImpl     : Withdrew 0.12052777985574796 for expenses from Investment ID: 5
2025-05-05 20:40:30.736  INFO 92277 --- [Test worker] c.a.l.service.InvestEventServiceImpl     : Withdrew 0.046821314284068695 for expenses from Investment ID: 2
2025-05-05 20:40:30.736  INFO 92277 --- [Test worker] c.a.l.service.InvestEventServiceImpl     : Total expenses withdrawn this year: 0.294642695395992325
2025-05-05 20:40:30.760  INFO 92277 --- [Test worker] c.a.l.service.InvestEventServiceImpl     : Withdrew 0.023453411439672854 for expenses from Investment ID: 3
2025-05-05 20:40:30.760  INFO 92277 --- [Test worker] c.a.l.service.InvestEventServiceImpl     : Withdrew 0.04194488895713942 for expenses from Investment ID: 4
2025-05-05 20:40:30.760  INFO 92277 --- [Test worker] c.a.l.service.InvestEventServiceImpl     : Withdrew 0.07297304535555894 for expenses from Investment ID: 5
2025-05-05 20:40:30.760  INFO 92277 --- [Test worker] c.a.l.service.InvestEventServiceImpl     : Withdrew 0.09461962985819176 for expenses from Investment ID: 2
2025-05-05 20:40:30.760  INFO 92277 --- [Test worker] c.a.l.service.InvestEventServiceImpl     : Total expenses withdrawn this year: 0.232990975610562974
2025-05-05 20:40:30.782  INFO 92277 --- [Test worker] c.a.l.service.InvestEventServiceImpl     : Withdrew 0.02641447990054575 for expenses from Investment ID: 3
2025-05-05 20:40:30.782  INFO 92277 --- [Test worker] c.a.l.service.InvestEventServiceImpl     : Withdrew 0.09293754252474509 for expenses from Investment ID: 4
2025-05-05 20:40:30.782  INFO 92277 --- [Test worker] c.a.l.service.InvestEventServiceImpl     : Withdrew 0.04749732784245483 for expenses from Investment ID: 5
2025-05-05 20:40:30.782  INFO 92277 --- [Test worker] c.a.l.service.InvestEventServiceImpl     : Withdrew 0.050685691108340224 for expenses from Investment ID: 2
2025-05-05 20:40:30.782  INFO 92277 --- [Test worker] c.a.l.service.InvestEventServiceImpl     : Total expenses withdrawn this year: 0.217535041376085894
2025-05-05 20:40:30.802  INFO 92277 --- [Test worker] c.a.l.service.InvestEventServiceImpl     : Withdrew 0.01157680502411747 for expenses from Investment ID: 3
2025-05-05 20:40:30.802  INFO 92277 --- [Test worker] c.a.l.service.InvestEventServiceImpl     : Withdrew 0.04209129258328655 for expenses from Investment ID: 4
2025-05-05 20:40:30.802  INFO 92277 --- [Test worker] c.a.l.service.InvestEventServiceImpl     : Withdrew 0.07247438992648689 for expenses from Investment ID: 5
2025-05-05 20:40:30.803  INFO 92277 --- [Test worker] c.a.l.service.InvestEventServiceImpl     : Withdrew 0.11041761532766027 for expenses from Investment ID: 2
2025-05-05 20:40:30.803  INFO 92277 --- [Test worker] c.a.l.service.InvestEventServiceImpl     : Total expenses withdrawn this year: 0.23656010286155118
2025-05-05 20:40:30.822  INFO 92277 --- [Test worker] c.a.l.service.InvestEventServiceImpl     : Withdrew 0.02582928150296996 for expenses from Investment ID: 3
2025-05-05 20:40:30.822  INFO 92277 --- [Test worker] c.a.l.service.InvestEventServiceImpl     : Withdrew 0.0796160737432033 for expenses from Investment ID: 4
2025-05-05 20:40:30.822  INFO 92277 --- [Test worker] c.a.l.service.InvestEventServiceImpl     : Withdrew 0.11019108688875251 for expenses from Investment ID: 5
2025-05-05 20:40:30.822  INFO 92277 --- [Test worker] c.a.l.service.InvestEventServiceImpl     : Withdrew 0.08542494007447193 for expenses from Investment ID: 2
2025-05-05 20:40:30.822  INFO 92277 --- [Test worker] c.a.l.service.InvestEventServiceImpl     : Total expenses withdrawn this year: 0.30106138220939770
2025-05-05 20:40:30.842  INFO 92277 --- [Test worker] c.a.l.service.InvestEventServiceImpl     : Withdrew 0.037249633668040356 for expenses from Investment ID: 3
2025-05-05 20:40:30.842  INFO 92277 --- [Test worker] c.a.l.service.InvestEventServiceImpl     : Withdrew 0.07508434157959851 for expenses from Investment ID: 4
2025-05-05 20:40:30.842  INFO 92277 --- [Test worker] c.a.l.service.InvestEventServiceImpl     : Withdrew 0.0871458022058735 for expenses from Investment ID: 5
2025-05-05 20:40:30.842  INFO 92277 --- [Test worker] c.a.l.service.InvestEventServiceImpl     : Withdrew 0.04353418957846581 for expenses from Investment ID: 2
2025-05-05 20:40:30.842  INFO 92277 --- [Test worker] c.a.l.service.InvestEventServiceImpl     : Total expenses withdrawn this year: 0.243013967031978176
2025-05-05 20:40:30.866  INFO 92277 --- [Test worker] c.a.l.service.InvestEventServiceImpl     : Withdrew 0.02451791449684174 for expenses from Investment ID: 3
2025-05-05 20:40:30.866  INFO 92277 --- [Test worker] c.a.l.service.InvestEventServiceImpl     : Withdrew 0.09868983801629094 for expenses from Investment ID: 4
2025-05-05 20:40:30.866  INFO 92277 --- [Test worker] c.a.l.service.InvestEventServiceImpl     : Withdrew 0.049506299372166815 for expenses from Investment ID: 5
2025-05-05 20:40:30.866  INFO 92277 --- [Test worker] c.a.l.service.InvestEventServiceImpl     : Withdrew 0.0565041629466333 for expenses from Investment ID: 2
2025-05-05 20:40:30.867  INFO 92277 --- [Test worker] c.a.l.service.InvestEventServiceImpl     : Total expenses withdrawn this year: 0.229218214831932795
2025-05-05 20:40:30.887  INFO 92277 --- [Test worker] c.a.l.service.InvestEventServiceImpl     : Withdrew 0.025710609732387688 for expenses from Investment ID: 3
2025-05-05 20:40:30.887  INFO 92277 --- [Test worker] c.a.l.service.InvestEventServiceImpl     : Withdrew 0.06443334673666624 for expenses from Investment ID: 4
2025-05-05 20:40:30.887  INFO 92277 --- [Test worker] c.a.l.service.InvestEventServiceImpl     : Withdrew 0.07785373746951642 for expenses from Investment ID: 5
2025-05-05 20:40:30.887  INFO 92277 --- [Test worker] c.a.l.service.InvestEventServiceImpl     : Withdrew 0.06032128032704375 for expenses from Investment ID: 2
2025-05-05 20:40:30.887  INFO 92277 --- [Test worker] c.a.l.service.InvestEventServiceImpl     : Total expenses withdrawn this year: 0.228318974265614098
2025-05-05 20:40:30.908  INFO 92277 --- [Test worker] c.a.l.service.InvestEventServiceImpl     : Withdrew 0.022124136096206976 for expenses from Investment ID: 3
2025-05-05 20:40:30.908  INFO 92277 --- [Test worker] c.a.l.service.InvestEventServiceImpl     : Withdrew 0.07778928422933955 for expenses from Investment ID: 4
2025-05-05 20:40:30.908  INFO 92277 --- [Test worker] c.a.l.service.InvestEventServiceImpl     : Withdrew 0.020562940669007573 for expenses from Investment ID: 5
2025-05-05 20:40:30.908  INFO 92277 --- [Test worker] c.a.l.service.InvestEventServiceImpl     : Withdrew 0.055606761005293284 for expenses from Investment ID: 2
2025-05-05 20:40:30.908  INFO 92277 --- [Test worker] c.a.l.service.InvestEventServiceImpl     : Total expenses withdrawn this year: 0.176083121999847383
2025-05-05 20:40:30.931  INFO 92277 --- [Test worker] c.a.l.service.InvestEventServiceImpl     : Withdrew 0.01851945995099382 for expenses from Investment ID: 3
2025-05-05 20:40:30.931  INFO 92277 --- [Test worker] c.a.l.service.InvestEventServiceImpl     : Withdrew 0.07960769499763692 for expenses from Investment ID: 4
2025-05-05 20:40:30.931  INFO 92277 --- [Test worker] c.a.l.service.InvestEventServiceImpl     : Withdrew 0.07210500692922545 for expenses from Investment ID: 5
2025-05-05 20:40:30.931  INFO 92277 --- [Test worker] c.a.l.service.InvestEventServiceImpl     : Withdrew 0.07325215539898303 for expenses from Investment ID: 2
2025-05-05 20:40:30.931  INFO 92277 --- [Test worker] c.a.l.service.InvestEventServiceImpl     : Total expenses withdrawn this year: 0.24348431727683922
2025-05-05 20:40:30.948  INFO 92277 --- [Test worker] c.a.l.service.InvestEventServiceImpl     : Withdrew 0.014184167326720386 for expenses from Investment ID: 3
2025-05-05 20:40:30.948  INFO 92277 --- [Test worker] c.a.l.service.InvestEventServiceImpl     : Withdrew 0.04878114637586354 for expenses from Investment ID: 4
2025-05-05 20:40:30.948  INFO 92277 --- [Test worker] c.a.l.service.InvestEventServiceImpl     : Withdrew 0.11737120362755288 for expenses from Investment ID: 5
2025-05-05 20:40:30.948  INFO 92277 --- [Test worker] c.a.l.service.InvestEventServiceImpl     : Withdrew 0.027685049057063968 for expenses from Investment ID: 2
2025-05-05 20:40:30.948  INFO 92277 --- [Test worker] c.a.l.service.InvestEventServiceImpl     : Total expenses withdrawn this year: 0.208021566387200774
2025-05-05 20:40:30.965  INFO 92277 --- [Test worker] c.a.l.service.InvestEventServiceImpl     : Withdrew 0.040073016841090624 for expenses from Investment ID: 3
2025-05-05 20:40:30.965  INFO 92277 --- [Test worker] c.a.l.service.InvestEventServiceImpl     : Withdrew 0.08065618758019208 for expenses from Investment ID: 4
2025-05-05 20:40:30.965  INFO 92277 --- [Test worker] c.a.l.service.InvestEventServiceImpl     : Withdrew 0.06757883938718919 for expenses from Investment ID: 5
2025-05-05 20:40:30.965  INFO 92277 --- [Test worker] c.a.l.service.InvestEventServiceImpl     : Withdrew 0.0878579301232446 for expenses from Investment ID: 2
2025-05-05 20:40:30.965  INFO 92277 --- [Test worker] c.a.l.service.InvestEventServiceImpl     : Total expenses withdrawn this year: 0.276165973931716494
2025-05-05 20:40:30.989  INFO 92277 --- [Test worker] c.a.l.service.InvestEventServiceImpl     : Withdrew 0.018023559526133794 for expenses from Investment ID: 3
2025-05-05 20:40:30.989  INFO 92277 --- [Test worker] c.a.l.service.InvestEventServiceImpl     : Withdrew 0.054294874459338005 for expenses from Investment ID: 4
2025-05-05 20:40:30.989  INFO 92277 --- [Test worker] c.a.l.service.InvestEventServiceImpl     : Withdrew 0.044291358016059365 for expenses from Investment ID: 5
2025-05-05 20:40:30.989  INFO 92277 --- [Test worker] c.a.l.service.InvestEventServiceImpl     : Withdrew 0.09277237058346682 for expenses from Investment ID: 2
2025-05-05 20:40:30.989  INFO 92277 --- [Test worker] c.a.l.service.InvestEventServiceImpl     : Total expenses withdrawn this year: 0.209382162584997984
2025-05-05 20:40:31.014  INFO 92277 --- [Test worker] c.a.l.service.InvestEventServiceImpl     : Withdrew 0.036796344465860435 for expenses from Investment ID: 3
2025-05-05 20:40:31.014  INFO 92277 --- [Test worker] c.a.l.service.InvestEventServiceImpl     : Withdrew 0.05825088185199949 for expenses from Investment ID: 4
2025-05-05 20:40:31.015  INFO 92277 --- [Test worker] c.a.l.service.InvestEventServiceImpl     : Withdrew 0.02919892900454971 for expenses from Investment ID: 5
2025-05-05 20:40:31.015  INFO 92277 --- [Test worker] c.a.l.service.InvestEventServiceImpl     : Withdrew 0.05101021416126143 for expenses from Investment ID: 2
2025-05-05 20:40:31.016  INFO 92277 --- [Test worker] c.a.l.service.InvestEventServiceImpl     : Total expenses withdrawn this year: 0.175256369483671065
2025-05-05 20:40:31.047  INFO 92277 --- [Test worker] c.a.l.service.InvestEventServiceImpl     : Withdrew 0.04361145188254848 for expenses from Investment ID: 3
2025-05-05 20:40:31.047  INFO 92277 --- [Test worker] c.a.l.service.InvestEventServiceImpl     : Withdrew 0.07005839148877563 for expenses from Investment ID: 4
2025-05-05 20:40:31.047  INFO 92277 --- [Test worker] c.a.l.service.InvestEventServiceImpl     : Withdrew 0.047930493968078046 for expenses from Investment ID: 5
2025-05-05 20:40:31.047  INFO 92277 --- [Test worker] c.a.l.service.InvestEventServiceImpl     : Withdrew 0.08900013622161203 for expenses from Investment ID: 2
2025-05-05 20:40:31.047  INFO 92277 --- [Test worker] c.a.l.service.InvestEventServiceImpl     : Total expenses withdrawn this year: 0.250600473561014186
2025-05-05 20:40:31.072  INFO 92277 --- [Test worker] c.a.l.service.InvestEventServiceImpl     : Withdrew 0.04484694635378751 for expenses from Investment ID: 3
2025-05-05 20:40:31.072  INFO 92277 --- [Test worker] c.a.l.service.InvestEventServiceImpl     : Withdrew 0.06627486700660909 for expenses from Investment ID: 4
2025-05-05 20:40:31.072  INFO 92277 --- [Test worker] c.a.l.service.InvestEventServiceImpl     : Withdrew 0.05241487825562974 for expenses from Investment ID: 5
2025-05-05 20:40:31.073  INFO 92277 --- [Test worker] c.a.l.service.InvestEventServiceImpl     : Withdrew 0.05391413713540369 for expenses from Investment ID: 2
2025-05-05 20:40:31.073  INFO 92277 --- [Test worker] c.a.l.service.InvestEventServiceImpl     : Total expenses withdrawn this year: 0.21745082875143003
2025-05-05 20:40:31.094  INFO 92277 --- [Test worker] c.a.l.service.InvestEventServiceImpl     : Withdrew 0.03350030094824734 for expenses from Investment ID: 3
2025-05-05 20:40:31.094  INFO 92277 --- [Test worker] c.a.l.service.InvestEventServiceImpl     : Withdrew 0.07613622847234652 for expenses from Investment ID: 4
2025-05-05 20:40:31.094  INFO 92277 --- [Test worker] c.a.l.service.InvestEventServiceImpl     : Withdrew 0.07774063467259573 for expenses from Investment ID: 5
2025-05-05 20:40:31.094  INFO 92277 --- [Test worker] c.a.l.service.InvestEventServiceImpl     : Withdrew 0.08363028344718858 for expenses from Investment ID: 2
2025-05-05 20:40:31.095  INFO 92277 --- [Test worker] c.a.l.service.InvestEventServiceImpl     : Total expenses withdrawn this year: 0.27100744754037817
2025-05-05 20:40:31.119  INFO 92277 --- [Test worker] c.a.l.service.InvestEventServiceImpl     : Withdrew 0.017592394959000408 for expenses from Investment ID: 3
2025-05-05 20:40:31.119  INFO 92277 --- [Test worker] c.a.l.service.InvestEventServiceImpl     : Withdrew 0.0745894995000105 for expenses from Investment ID: 4
2025-05-05 20:40:31.119  INFO 92277 --- [Test worker] c.a.l.service.InvestEventServiceImpl     : Withdrew 0.06184703530579767 for expenses from Investment ID: 5
2025-05-05 20:40:31.119  INFO 92277 --- [Test worker] c.a.l.service.InvestEventServiceImpl     : Withdrew 0.0849947087292972 for expenses from Investment ID: 2
2025-05-05 20:40:31.119  INFO 92277 --- [Test worker] c.a.l.service.InvestEventServiceImpl     : Total expenses withdrawn this year: 0.239023638494105778
2025-05-05 20:40:31.150  INFO 92277 --- [Test worker] c.a.l.service.InvestEventServiceImpl     : Withdrew 0.02723154136227672 for expenses from Investment ID: 3
2025-05-05 20:40:31.150  INFO 92277 --- [Test worker] c.a.l.service.InvestEventServiceImpl     : Withdrew 0.0688714228612716 for expenses from Investment ID: 4
2025-05-05 20:40:31.150  INFO 92277 --- [Test worker] c.a.l.service.InvestEventServiceImpl     : Withdrew 0.08531594017531668 for expenses from Investment ID: 5
2025-05-05 20:40:31.150  INFO 92277 --- [Test worker] c.a.l.service.InvestEventServiceImpl     : Withdrew 0.07273623140703889 for expenses from Investment ID: 2
2025-05-05 20:40:31.150  INFO 92277 --- [Test worker] c.a.l.service.InvestEventServiceImpl     : Total expenses withdrawn this year: 0.25415513580590389
2025-05-05 20:40:31.171  INFO 92277 --- [Test worker] c.a.l.service.InvestEventServiceImpl     : Withdrew 0.04845778647816488 for expenses from Investment ID: 3
2025-05-05 20:40:31.171  INFO 92277 --- [Test worker] c.a.l.service.InvestEventServiceImpl     : Withdrew 0.06292428404145942 for expenses from Investment ID: 4
2025-05-05 20:40:31.171  INFO 92277 --- [Test worker] c.a.l.service.InvestEventServiceImpl     : Withdrew 0.09918136025618028 for expenses from Investment ID: 5
2025-05-05 20:40:31.172  INFO 92277 --- [Test worker] c.a.l.service.InvestEventServiceImpl     : Withdrew 0.08164568775741866 for expenses from Investment ID: 2
2025-05-05 20:40:31.172  INFO 92277 --- [Test worker] c.a.l.service.InvestEventServiceImpl     : Total expenses withdrawn this year: 0.29220911853322324
2025-05-05 20:40:31.212  INFO 92277 --- [Test worker] c.a.l.service.InvestEventServiceImpl     : Withdrew 100.0 for expenses from Investment ID: 1
2025-05-05 20:40:31.213  INFO 92277 --- [Test worker] c.a.l.service.InvestEventServiceImpl     : Withdrew 2000.0 for expenses from Investment ID: 3
2025-05-05 20:40:31.213  INFO 92277 --- [Test worker] c.a.l.service.InvestEventServiceImpl     : Withdrew 10000.0 for expenses from Investment ID: 4
2025-05-05 20:40:31.213  INFO 92277 --- [Test worker] c.a.l.service.InvestEventServiceImpl     : Withdrew 2000.0 for expenses from Investment ID: 5
2025-05-05 20:40:31.213  INFO 92277 --- [Test worker] c.a.l.service.InvestEventServiceImpl     : Withdrew 10000.0 for expenses from Investment ID: 2
2025-05-05 20:40:31.213  INFO 92277 --- [Test worker] c.a.l.service.InvestEventServiceImpl     : Total expenses withdrawn this year: 24100.0
2025-05-05 20:40:31.251  INFO 92277 --- [Test worker] c.a.l.service.InvestEventServiceImpl     : Withdrew 0.02685546215678391 for expenses from Investment ID: 3
2025-05-05 20:40:31.251  INFO 92277 --- [Test worker] c.a.l.service.InvestEventServiceImpl     : Withdrew 0.056135574176395045 for expenses from Investment ID: 4
2025-05-05 20:40:31.251  INFO 92277 --- [Test worker] c.a.l.service.InvestEventServiceImpl     : Withdrew 0.08773337105257345 for expenses from Investment ID: 5
2025-05-05 20:40:31.251  INFO 92277 --- [Test worker] c.a.l.service.InvestEventServiceImpl     : Withdrew 0.0580611400892865 for expenses from Investment ID: 2
2025-05-05 20:40:31.251  INFO 92277 --- [Test worker] c.a.l.service.InvestEventServiceImpl     : Total expenses withdrawn this year: 0.228785547475038905
2025-05-05 20:40:31.273  INFO 92277 --- [Test worker] c.a.l.service.InvestEventServiceImpl     : Withdrew 0.03441153143025753 for expenses from Investment ID: 3
2025-05-05 20:40:31.273  INFO 92277 --- [Test worker] c.a.l.service.InvestEventServiceImpl     : Withdrew 0.09522332116663909 for expenses from Investment ID: 4
2025-05-05 20:40:31.273  INFO 92277 --- [Test worker] c.a.l.service.InvestEventServiceImpl     : Withdrew 0.06348776215486888 for expenses from Investment ID: 5
2025-05-05 20:40:31.273  INFO 92277 --- [Test worker] c.a.l.service.InvestEventServiceImpl     : Withdrew 0.06836610394259093 for expenses from Investment ID: 2
2025-05-05 20:40:31.273  INFO 92277 --- [Test worker] c.a.l.service.InvestEventServiceImpl     : Total expenses withdrawn this year: 0.26148871869435643
2025-05-05 20:40:31.298  INFO 92277 --- [Test worker] c.a.l.service.InvestEventServiceImpl     : Withdrew 0.04157701324690205 for expenses from Investment ID: 3
2025-05-05 20:40:31.298  INFO 92277 --- [Test worker] c.a.l.service.InvestEventServiceImpl     : Withdrew 0.046157830482179786 for expenses from Investment ID: 4
2025-05-05 20:40:31.298  INFO 92277 --- [Test worker] c.a.l.service.InvestEventServiceImpl     : Withdrew 0.06747205047543445 for expenses from Investment ID: 5
2025-05-05 20:40:31.299  INFO 92277 --- [Test worker] c.a.l.service.InvestEventServiceImpl     : Withdrew 0.0937559100055491 for expenses from Investment ID: 2
2025-05-05 20:40:31.299  INFO 92277 --- [Test worker] c.a.l.service.InvestEventServiceImpl     : Total expenses withdrawn this year: 0.248962804210065386
2025-05-05 20:40:31.322  INFO 92277 --- [Test worker] c.a.l.service.InvestEventServiceImpl     : Withdrew 0.03574393681247914 for expenses from Investment ID: 3
2025-05-05 20:40:31.322  INFO 92277 --- [Test worker] c.a.l.service.InvestEventServiceImpl     : Withdrew 0.06076192563264023 for expenses from Investment ID: 4
2025-05-05 20:40:31.322  INFO 92277 --- [Test worker] c.a.l.service.InvestEventServiceImpl     : Withdrew 0.0708946139224174 for expenses from Investment ID: 5
2025-05-05 20:40:31.322  INFO 92277 --- [Test worker] c.a.l.service.InvestEventServiceImpl     : Withdrew 0.08128321183428952 for expenses from Investment ID: 2
2025-05-05 20:40:31.322  INFO 92277 --- [Test worker] c.a.l.service.InvestEventServiceImpl     : Total expenses withdrawn this year: 0.24868368820182629
2025-05-05 20:40:31.346  INFO 92277 --- [Test worker] c.a.l.service.InvestEventServiceImpl     : Withdrew 0.01837329732654901 for expenses from Investment ID: 3
2025-05-05 20:40:31.346  INFO 92277 --- [Test worker] c.a.l.service.InvestEventServiceImpl     : Withdrew 0.06486943628141066 for expenses from Investment ID: 4
2025-05-05 20:40:31.346  INFO 92277 --- [Test worker] c.a.l.service.InvestEventServiceImpl     : Withdrew 0.09563470914409099 for expenses from Investment ID: 5
2025-05-05 20:40:31.347  INFO 92277 --- [Test worker] c.a.l.service.InvestEventServiceImpl     : Withdrew 0.07593624082099834 for expenses from Investment ID: 2
2025-05-05 20:40:31.347  INFO 92277 --- [Test worker] c.a.l.service.InvestEventServiceImpl     : Total expenses withdrawn this year: 0.25481368357304900
2025-05-05 20:40:31.371  INFO 92277 --- [Test worker] c.a.l.service.InvestEventServiceImpl     : Withdrew 0.03922767835232511 for expenses from Investment ID: 3
2025-05-05 20:40:31.371  INFO 92277 --- [Test worker] c.a.l.service.InvestEventServiceImpl     : Withdrew 0.0679369756848411 for expenses from Investment ID: 4
2025-05-05 20:40:31.372  INFO 92277 --- [Test worker] c.a.l.service.InvestEventServiceImpl     : Withdrew 0.07948017605846473 for expenses from Investment ID: 5
2025-05-05 20:40:31.372  INFO 92277 --- [Test worker] c.a.l.service.InvestEventServiceImpl     : Withdrew 0.0875448155585541 for expenses from Investment ID: 2
2025-05-05 20:40:31.372  INFO 92277 --- [Test worker] c.a.l.service.InvestEventServiceImpl     : Total expenses withdrawn this year: 0.27418964565418504
2025-05-05 20:40:31.397  INFO 92277 --- [Test worker] c.a.l.service.InvestEventServiceImpl     : Withdrew 0.03071544612069304 for expenses from Investment ID: 3
2025-05-05 20:40:31.397  INFO 92277 --- [Test worker] c.a.l.service.InvestEventServiceImpl     : Withdrew 0.050324671399374354 for expenses from Investment ID: 4
2025-05-05 20:40:31.397  INFO 92277 --- [Test worker] c.a.l.service.InvestEventServiceImpl     : Withdrew 0.08102218597617607 for expenses from Investment ID: 5
2025-05-05 20:40:31.397  INFO 92277 --- [Test worker] c.a.l.service.InvestEventServiceImpl     : Withdrew 0.06351791919992215 for expenses from Investment ID: 2
2025-05-05 20:40:31.397  INFO 92277 --- [Test worker] c.a.l.service.InvestEventServiceImpl     : Total expenses withdrawn this year: 0.225580222696165614
2025-05-05 20:40:31.414  INFO 92277 --- [Test worker] c.a.l.service.InvestEventServiceImpl     : Withdrew 0.05174177641117703 for expenses from Investment ID: 3
2025-05-05 20:40:31.414  INFO 92277 --- [Test worker] c.a.l.service.InvestEventServiceImpl     : Withdrew 0.09265431062634116 for expenses from Investment ID: 4
2025-05-05 20:40:31.414  INFO 92277 --- [Test worker] c.a.l.service.InvestEventServiceImpl     : Withdrew 0.07702709036442205 for expenses from Investment ID: 5
2025-05-05 20:40:31.414  INFO 92277 --- [Test worker] c.a.l.service.InvestEventServiceImpl     : Withdrew 0.08949026926263345 for expenses from Investment ID: 2
2025-05-05 20:40:31.414  INFO 92277 --- [Test worker] c.a.l.service.InvestEventServiceImpl     : Total expenses withdrawn this year: 0.31091344666457369
2025-05-05 20:40:31.433  INFO 92277 --- [Test worker] c.a.l.service.InvestEventServiceImpl     : Withdrew 0.046218742775205233 for expenses from Investment ID: 3
2025-05-05 20:40:31.433  INFO 92277 --- [Test worker] c.a.l.service.InvestEventServiceImpl     : Withdrew 0.10409789852464009 for expenses from Investment ID: 4
2025-05-05 20:40:31.433  INFO 92277 --- [Test worker] c.a.l.service.InvestEventServiceImpl     : Withdrew 0.046769896094749956 for expenses from Investment ID: 5
2025-05-05 20:40:31.433  INFO 92277 --- [Test worker] c.a.l.service.InvestEventServiceImpl     : Withdrew 0.07453347883509867 for expenses from Investment ID: 2
2025-05-05 20:40:31.433  INFO 92277 --- [Test worker] c.a.l.service.InvestEventServiceImpl     : Total expenses withdrawn this year: 0.271620016229693949
2025-05-05 20:40:31.453  INFO 92277 --- [Test worker] c.a.l.service.InvestEventServiceImpl     : Withdrew 0.01823764000230017 for expenses from Investment ID: 3
2025-05-05 20:40:31.453  INFO 92277 --- [Test worker] c.a.l.service.InvestEventServiceImpl     : Withdrew 0.08822319620570471 for expenses from Investment ID: 4
2025-05-05 20:40:31.453  INFO 92277 --- [Test worker] c.a.l.service.InvestEventServiceImpl     : Withdrew 0.09274672001093347 for expenses from Investment ID: 5
2025-05-05 20:40:31.453  INFO 92277 --- [Test worker] c.a.l.service.InvestEventServiceImpl     : Withdrew 0.027581224634780223 for expenses from Investment ID: 2
2025-05-05 20:40:31.453  INFO 92277 --- [Test worker] c.a.l.service.InvestEventServiceImpl     : Total expenses withdrawn this year: 0.226788780853718573
2025-05-05 20:40:31.480  INFO 92277 --- [Test worker] c.a.l.service.InvestEventServiceImpl     : Withdrew 0.015730356468618346 for expenses from Investment ID: 3
2025-05-05 20:40:31.480  INFO 92277 --- [Test worker] c.a.l.service.InvestEventServiceImpl     : Withdrew 0.06355974312528188 for expenses from Investment ID: 4
2025-05-05 20:40:31.480  INFO 92277 --- [Test worker] c.a.l.service.InvestEventServiceImpl     : Withdrew 0.06382448585853752 for expenses from Investment ID: 5
2025-05-05 20:40:31.480  INFO 92277 --- [Test worker] c.a.l.service.InvestEventServiceImpl     : Withdrew 0.08202200108989317 for expenses from Investment ID: 2
2025-05-05 20:40:31.480  INFO 92277 --- [Test worker] c.a.l.service.InvestEventServiceImpl     : Total expenses withdrawn this year: 0.225136586542330916
2025-05-05 20:40:31.504  INFO 92277 --- [Test worker] c.a.l.service.InvestEventServiceImpl     : Withdrew 0.020383595099276047 for expenses from Investment ID: 3
2025-05-05 20:40:31.504  INFO 92277 --- [Test worker] c.a.l.service.InvestEventServiceImpl     : Withdrew 0.0680784069157528 for expenses from Investment ID: 4
2025-05-05 20:40:31.504  INFO 92277 --- [Test worker] c.a.l.service.InvestEventServiceImpl     : Withdrew 0.10678275028568068 for expenses from Investment ID: 5
2025-05-05 20:40:31.504  INFO 92277 --- [Test worker] c.a.l.service.InvestEventServiceImpl     : Withdrew 0.07477853387713433 for expenses from Investment ID: 2
2025-05-05 20:40:31.504  INFO 92277 --- [Test worker] c.a.l.service.InvestEventServiceImpl     : Total expenses withdrawn this year: 0.270023286177843857
2025-05-05 20:40:31.524  INFO 92277 --- [Test worker] c.a.l.service.InvestEventServiceImpl     : Withdrew 0.029820881330075186 for expenses from Investment ID: 3
2025-05-05 20:40:31.524  INFO 92277 --- [Test worker] c.a.l.service.InvestEventServiceImpl     : Withdrew 0.06287654726436201 for expenses from Investment ID: 4
2025-05-05 20:40:31.524  INFO 92277 --- [Test worker] c.a.l.service.InvestEventServiceImpl     : Withdrew 0.04487134942677297 for expenses from Investment ID: 5
2025-05-05 20:40:31.524  INFO 92277 --- [Test worker] c.a.l.service.InvestEventServiceImpl     : Withdrew 0.044151401211573585 for expenses from Investment ID: 2
2025-05-05 20:40:31.525  INFO 92277 --- [Test worker] c.a.l.service.InvestEventServiceImpl     : Total expenses withdrawn this year: 0.181720179232783751
2025-05-05 20:40:31.548  INFO 92277 --- [Test worker] c.a.l.service.InvestEventServiceImpl     : Withdrew 0.02897414532766522 for expenses from Investment ID: 3
2025-05-05 20:40:31.549  INFO 92277 --- [Test worker] c.a.l.service.InvestEventServiceImpl     : Withdrew 0.0762442858245488 for expenses from Investment ID: 4
2025-05-05 20:40:31.549  INFO 92277 --- [Test worker] c.a.l.service.InvestEventServiceImpl     : Withdrew 0.056424694486457386 for expenses from Investment ID: 5
2025-05-05 20:40:31.549  INFO 92277 --- [Test worker] c.a.l.service.InvestEventServiceImpl     : Withdrew 0.07755918147643859 for expenses from Investment ID: 2
2025-05-05 20:40:31.549  INFO 92277 --- [Test worker] c.a.l.service.InvestEventServiceImpl     : Total expenses withdrawn this year: 0.239202307115109996
2025-05-05 20:40:31.570  INFO 92277 --- [Test worker] c.a.l.service.InvestEventServiceImpl     : Withdrew 0.02722283074746091 for expenses from Investment ID: 3
2025-05-05 20:40:31.570  INFO 92277 --- [Test worker] c.a.l.service.InvestEventServiceImpl     : Withdrew 0.061963860713923 for expenses from Investment ID: 4
2025-05-05 20:40:31.570  INFO 92277 --- [Test worker] c.a.l.service.InvestEventServiceImpl     : Withdrew 0.0379587409981599 for expenses from Investment ID: 5
2025-05-05 20:40:31.571  INFO 92277 --- [Test worker] c.a.l.service.InvestEventServiceImpl     : Withdrew 0.061974099553353916 for expenses from Investment ID: 2
2025-05-05 20:40:31.571  INFO 92277 --- [Test worker] c.a.l.service.InvestEventServiceImpl     : Total expenses withdrawn this year: 0.189119532012897726
2025-05-05 20:40:31.588  INFO 92277 --- [Test worker] c.a.l.service.InvestEventServiceImpl     : Withdrew 0.03259007797745919 for expenses from Investment ID: 3
2025-05-05 20:40:31.588  INFO 92277 --- [Test worker] c.a.l.service.InvestEventServiceImpl     : Withdrew 0.05190274793670626 for expenses from Investment ID: 4
2025-05-05 20:40:31.588  INFO 92277 --- [Test worker] c.a.l.service.InvestEventServiceImpl     : Withdrew 0.09638854205890626 for expenses from Investment ID: 5
2025-05-05 20:40:31.588  INFO 92277 --- [Test worker] c.a.l.service.InvestEventServiceImpl     : Withdrew 0.07405843946644027 for expenses from Investment ID: 2
2025-05-05 20:40:31.588  INFO 92277 --- [Test worker] c.a.l.service.InvestEventServiceImpl     : Total expenses withdrawn this year: 0.25493980743951198
2025-05-05 20:40:31.603  INFO 92277 --- [Test worker] c.a.l.service.InvestEventServiceImpl     : Withdrew 0.043181620373966646 for expenses from Investment ID: 3
2025-05-05 20:40:31.603  INFO 92277 --- [Test worker] c.a.l.service.InvestEventServiceImpl     : Withdrew 0.027095974098511836 for expenses from Investment ID: 4
2025-05-05 20:40:31.604  INFO 92277 --- [Test worker] c.a.l.service.InvestEventServiceImpl     : Withdrew 0.06378884327953929 for expenses from Investment ID: 5
2025-05-05 20:40:31.604  INFO 92277 --- [Test worker] c.a.l.service.InvestEventServiceImpl     : Withdrew 0.0893130012665821 for expenses from Investment ID: 2
2025-05-05 20:40:31.604  INFO 92277 --- [Test worker] c.a.l.service.InvestEventServiceImpl     : Total expenses withdrawn this year: 0.223379439018599872
2025-05-05 20:40:31.619  INFO 92277 --- [Test worker] c.a.l.service.InvestEventServiceImpl     : Withdrew 0.030019231787512098 for expenses from Investment ID: 3
2025-05-05 20:40:31.619  INFO 92277 --- [Test worker] c.a.l.service.InvestEventServiceImpl     : Withdrew 0.0767755019681601 for expenses from Investment ID: 4
2025-05-05 20:40:31.619  INFO 92277 --- [Test worker] c.a.l.service.InvestEventServiceImpl     : Withdrew 0.08313138138802534 for expenses from Investment ID: 5
2025-05-05 20:40:31.619  INFO 92277 --- [Test worker] c.a.l.service.InvestEventServiceImpl     : Withdrew 0.06537708925115288 for expenses from Investment ID: 2
2025-05-05 20:40:31.619  INFO 92277 --- [Test worker] c.a.l.service.InvestEventServiceImpl     : Total expenses withdrawn this year: 0.255303204394850418
2025-05-05 20:40:31.636  INFO 92277 --- [Test worker] c.a.l.service.InvestEventServiceImpl     : Withdrew 0.03317512111393973 for expenses from Investment ID: 3
2025-05-05 20:40:31.636  INFO 92277 --- [Test worker] c.a.l.service.InvestEventServiceImpl     : Withdrew 0.06578698048132813 for expenses from Investment ID: 4
2025-05-05 20:40:31.636  INFO 92277 --- [Test worker] c.a.l.service.InvestEventServiceImpl     : Withdrew 0.07628703238592978 for expenses from Investment ID: 5
2025-05-05 20:40:31.636  INFO 92277 --- [Test worker] c.a.l.service.InvestEventServiceImpl     : Withdrew 0.0852350939939313 for expenses from Investment ID: 2
2025-05-05 20:40:31.636  INFO 92277 --- [Test worker] c.a.l.service.InvestEventServiceImpl     : Total expenses withdrawn this year: 0.26048422797512894
2025-05-05 20:40:31.652  INFO 92277 --- [Test worker] c.a.l.service.InvestEventServiceImpl     : Withdrew 0.02391224055687454 for expenses from Investment ID: 3
2025-05-05 20:40:31.652  INFO 92277 --- [Test worker] c.a.l.service.InvestEventServiceImpl     : Withdrew 0.08020023735185328 for expenses from Investment ID: 4
2025-05-05 20:40:31.652  INFO 92277 --- [Test worker] c.a.l.service.InvestEventServiceImpl     : Withdrew 0.0633946097673387 for expenses from Investment ID: 5
2025-05-05 20:40:31.652  INFO 92277 --- [Test worker] c.a.l.service.InvestEventServiceImpl     : Withdrew 0.10195530685570636 for expenses from Investment ID: 2
2025-05-05 20:40:31.652  INFO 92277 --- [Test worker] c.a.l.service.InvestEventServiceImpl     : Total expenses withdrawn this year: 0.26946239453177288
2025-05-05 20:40:31.671  INFO 92277 --- [Test worker] c.a.l.service.InvestEventServiceImpl     : Withdrew 0.019954445256886503 for expenses from Investment ID: 3
2025-05-05 20:40:31.671  INFO 92277 --- [Test worker] c.a.l.service.InvestEventServiceImpl     : Withdrew 0.046440858148631164 for expenses from Investment ID: 4
2025-05-05 20:40:31.671  INFO 92277 --- [Test worker] c.a.l.service.InvestEventServiceImpl     : Withdrew 0.0867304816355538 for expenses from Investment ID: 5
2025-05-05 20:40:31.671  INFO 92277 --- [Test worker] c.a.l.service.InvestEventServiceImpl     : Withdrew 0.06631128183617943 for expenses from Investment ID: 2
2025-05-05 20:40:31.671  INFO 92277 --- [Test worker] c.a.l.service.InvestEventServiceImpl     : Total expenses withdrawn this year: 0.219437066877250897
2025-05-05 20:40:31.686  INFO 92277 --- [Test worker] c.a.l.service.InvestEventServiceImpl     : Withdrew 0.02456324915028744 for expenses from Investment ID: 3
2025-05-05 20:40:31.686  INFO 92277 --- [Test worker] c.a.l.service.InvestEventServiceImpl     : Withdrew 0.08912758600215966 for expenses from Investment ID: 4
2025-05-05 20:40:31.686  INFO 92277 --- [Test worker] c.a.l.service.InvestEventServiceImpl     : Withdrew 0.08932013153962573 for expenses from Investment ID: 5
2025-05-05 20:40:31.686  INFO 92277 --- [Test worker] c.a.l.service.InvestEventServiceImpl     : Withdrew 0.09317008965509523 for expenses from Investment ID: 2
2025-05-05 20:40:31.686  INFO 92277 --- [Test worker] c.a.l.service.InvestEventServiceImpl     : Total expenses withdrawn this year: 0.29618105634716806
2025-05-05 20:40:31.702  INFO 92277 --- [Test worker] c.a.l.service.InvestEventServiceImpl     : Withdrew 0.028400538655945773 for expenses from Investment ID: 3
2025-05-05 20:40:31.702  INFO 92277 --- [Test worker] c.a.l.service.InvestEventServiceImpl     : Withdrew 0.0580017657868585 for expenses from Investment ID: 4
2025-05-05 20:40:31.702  INFO 92277 --- [Test worker] c.a.l.service.InvestEventServiceImpl     : Withdrew 0.09369036548023102 for expenses from Investment ID: 5
2025-05-05 20:40:31.702  INFO 92277 --- [Test worker] c.a.l.service.InvestEventServiceImpl     : Withdrew 0.09193886314743212 for expenses from Investment ID: 2
2025-05-05 20:40:31.702  INFO 92277 --- [Test worker] c.a.l.service.InvestEventServiceImpl     : Total expenses withdrawn this year: 0.272031533070467413
2025-05-05 20:40:31.716  INFO 92277 --- [Test worker] c.a.l.service.InvestEventServiceImpl     : Withdrew 0.09922278497951172 for expenses from Investment ID: 4
2025-05-05 20:40:31.716  INFO 92277 --- [Test worker] c.a.l.service.InvestEventServiceImpl     : Withdrew 0.06533920137227196 for expenses from Investment ID: 5
2025-05-05 20:40:31.716  INFO 92277 --- [Test worker] c.a.l.service.InvestEventServiceImpl     : Withdrew 0.06880332901729753 for expenses from Investment ID: 2
2025-05-05 20:40:31.716  INFO 92277 --- [Test worker] c.a.l.service.InvestEventServiceImpl     : Total expenses withdrawn this year: 0.23336531536908121
2025-05-05 20:40:31.731  INFO 92277 --- [Test worker] c.a.l.service.InvestEventServiceImpl     : Withdrew 0.04001825738332609 for expenses from Investment ID: 3
2025-05-05 20:40:31.732  INFO 92277 --- [Test worker] c.a.l.service.InvestEventServiceImpl     : Withdrew 0.041117783578068494 for expenses from Investment ID: 4
2025-05-05 20:40:31.732  INFO 92277 --- [Test worker] c.a.l.service.InvestEventServiceImpl     : Withdrew 0.0694938611359034 for expenses from Investment ID: 5
2025-05-05 20:40:31.732  INFO 92277 --- [Test worker] c.a.l.service.InvestEventServiceImpl     : Withdrew 0.08919772144127067 for expenses from Investment ID: 2
2025-05-05 20:40:31.732  INFO 92277 --- [Test worker] c.a.l.service.InvestEventServiceImpl     : Total expenses withdrawn this year: 0.239827623538568654
2025-05-05 20:40:31.749  INFO 92277 --- [Test worker] c.a.l.service.InvestEventServiceImpl     : Withdrew 0.02164876027937247 for expenses from Investment ID: 3
2025-05-05 20:40:31.749  INFO 92277 --- [Test worker] c.a.l.service.InvestEventServiceImpl     : Withdrew 0.055760140724555804 for expenses from Investment ID: 4
2025-05-05 20:40:31.749  INFO 92277 --- [Test worker] c.a.l.service.InvestEventServiceImpl     : Withdrew 0.06978052620917836 for expenses from Investment ID: 5
2025-05-05 20:40:31.749  INFO 92277 --- [Test worker] c.a.l.service.InvestEventServiceImpl     : Withdrew 0.07148298909597493 for expenses from Investment ID: 2
2025-05-05 20:40:31.749  INFO 92277 --- [Test worker] c.a.l.service.InvestEventServiceImpl     : Total expenses withdrawn this year: 0.218672416309081564
2025-05-05 20:40:31.766  INFO 92277 --- [Test worker] c.a.l.service.InvestEventServiceImpl     : Withdrew 0.04176644744626706 for expenses from Investment ID: 3
2025-05-05 20:40:31.766  INFO 92277 --- [Test worker] c.a.l.service.InvestEventServiceImpl     : Withdrew 0.04575444714008087 for expenses from Investment ID: 4
2025-05-05 20:40:31.766  INFO 92277 --- [Test worker] c.a.l.service.InvestEventServiceImpl     : Withdrew 0.08381227594909392 for expenses from Investment ID: 5
2025-05-05 20:40:31.766  INFO 92277 --- [Test worker] c.a.l.service.InvestEventServiceImpl     : Withdrew 0.046687375405953524 for expenses from Investment ID: 2
2025-05-05 20:40:31.766  INFO 92277 --- [Test worker] c.a.l.service.InvestEventServiceImpl     : Total expenses withdrawn this year: 0.218020545941395374
2025-05-05 20:40:31.781  INFO 92277 --- [Test worker] c.a.l.service.InvestEventServiceImpl     : Withdrew 0.03716570924775664 for expenses from Investment ID: 3
2025-05-05 20:40:31.781  INFO 92277 --- [Test worker] c.a.l.service.InvestEventServiceImpl     : Withdrew 0.06673155064548007 for expenses from Investment ID: 4
2025-05-05 20:40:31.781  INFO 92277 --- [Test worker] c.a.l.service.InvestEventServiceImpl     : Withdrew 0.04908310630479737 for expenses from Investment ID: 5
2025-05-05 20:40:31.781  INFO 92277 --- [Test worker] c.a.l.service.InvestEventServiceImpl     : Withdrew 0.07392512233466039 for expenses from Investment ID: 2
2025-05-05 20:40:31.781  INFO 92277 --- [Test worker] c.a.l.service.InvestEventServiceImpl     : Total expenses withdrawn this year: 0.22690548853269447
2025-05-05 20:40:31.795  INFO 92277 --- [Test worker] c.a.l.service.InvestEventServiceImpl     : Withdrew 0.05130759875302048 for expenses from Investment ID: 3
2025-05-05 20:40:31.795  INFO 92277 --- [Test worker] c.a.l.service.InvestEventServiceImpl     : Withdrew 0.09498615184811514 for expenses from Investment ID: 4
2025-05-05 20:40:31.795  INFO 92277 --- [Test worker] c.a.l.service.InvestEventServiceImpl     : Withdrew 0.0868165390801706 for expenses from Investment ID: 5
2025-05-05 20:40:31.795  INFO 92277 --- [Test worker] c.a.l.service.InvestEventServiceImpl     : Withdrew 0.0777997978859653 for expenses from Investment ID: 2
2025-05-05 20:40:31.795  INFO 92277 --- [Test worker] c.a.l.service.InvestEventServiceImpl     : Total expenses withdrawn this year: 0.31091008756727152
2025-05-05 20:40:31.807  INFO 92277 --- [Test worker] c.a.l.service.InvestEventServiceImpl     : Withdrew 0.02871067049404677 for expenses from Investment ID: 3
2025-05-05 20:40:31.807  INFO 92277 --- [Test worker] c.a.l.service.InvestEventServiceImpl     : Withdrew 0.06557642005741618 for expenses from Investment ID: 4
2025-05-05 20:40:31.807  INFO 92277 --- [Test worker] c.a.l.service.InvestEventServiceImpl     : Withdrew 0.09742493732343759 for expenses from Investment ID: 5
2025-05-05 20:40:31.807  INFO 92277 --- [Test worker] c.a.l.service.InvestEventServiceImpl     : Withdrew 0.039575954626615166 for expenses from Investment ID: 2
2025-05-05 20:40:31.807  INFO 92277 --- [Test worker] c.a.l.service.InvestEventServiceImpl     : Total expenses withdrawn this year: 0.231287982501515706
2025-05-05 20:40:31.821  INFO 92277 --- [Test worker] c.a.l.service.InvestEventServiceImpl     : Withdrew 0.028271235413643774 for expenses from Investment ID: 3
2025-05-05 20:40:31.821  INFO 92277 --- [Test worker] c.a.l.service.InvestEventServiceImpl     : Withdrew 0.016505728010146513 for expenses from Investment ID: 4
2025-05-05 20:40:31.821  INFO 92277 --- [Test worker] c.a.l.service.InvestEventServiceImpl     : Withdrew 0.09116547244090999 for expenses from Investment ID: 5
2025-05-05 20:40:31.821  INFO 92277 --- [Test worker] c.a.l.service.InvestEventServiceImpl     : Withdrew 0.06425818553103824 for expenses from Investment ID: 2
2025-05-05 20:40:31.821  INFO 92277 --- [Test worker] c.a.l.service.InvestEventServiceImpl     : Total expenses withdrawn this year: 0.200200621395738517
2025-05-05 20:40:31.834  INFO 92277 --- [Test worker] c.a.l.service.InvestEventServiceImpl     : Withdrew 0.0303076219649632 for expenses from Investment ID: 3
2025-05-05 20:40:31.834  INFO 92277 --- [Test worker] c.a.l.service.InvestEventServiceImpl     : Withdrew 0.0594121744395158 for expenses from Investment ID: 4
2025-05-05 20:40:31.834  INFO 92277 --- [Test worker] c.a.l.service.InvestEventServiceImpl     : Withdrew 0.07874978526962816 for expenses from Investment ID: 5
2025-05-05 20:40:31.834  INFO 92277 --- [Test worker] c.a.l.service.InvestEventServiceImpl     : Withdrew 0.11302848080924598 for expenses from Investment ID: 2
2025-05-05 20:40:31.834  INFO 92277 --- [Test worker] c.a.l.service.InvestEventServiceImpl     : Total expenses withdrawn this year: 0.28149806248335314
2025-05-05 20:40:31.848  INFO 92277 --- [Test worker] c.a.l.service.InvestEventServiceImpl     : Withdrew 0.017133361859747433 for expenses from Investment ID: 3
2025-05-05 20:40:31.848  INFO 92277 --- [Test worker] c.a.l.service.InvestEventServiceImpl     : Withdrew 0.07558069917032276 for expenses from Investment ID: 4
2025-05-05 20:40:31.848  INFO 92277 --- [Test worker] c.a.l.service.InvestEventServiceImpl     : Withdrew 0.06353742684442065 for expenses from Investment ID: 5
2025-05-05 20:40:31.848  INFO 92277 --- [Test worker] c.a.l.service.InvestEventServiceImpl     : Withdrew 0.062491590091572236 for expenses from Investment ID: 2
2025-05-05 20:40:31.848  INFO 92277 --- [Test worker] c.a.l.service.InvestEventServiceImpl     : Total expenses withdrawn this year: 0.218743077966063079
2025-05-05 20:40:31.861  INFO 92277 --- [Test worker] c.a.l.service.InvestEventServiceImpl     : Withdrew 0.023939230212370283 for expenses from Investment ID: 3
2025-05-05 20:40:31.861  INFO 92277 --- [Test worker] c.a.l.service.InvestEventServiceImpl     : Withdrew 0.0715515253667696 for expenses from Investment ID: 4
2025-05-05 20:40:31.861  INFO 92277 --- [Test worker] c.a.l.service.InvestEventServiceImpl     : Withdrew 0.10357701037641828 for expenses from Investment ID: 5
2025-05-05 20:40:31.861  INFO 92277 --- [Test worker] c.a.l.service.InvestEventServiceImpl     : Withdrew 0.08140334743609688 for expenses from Investment ID: 2
2025-05-05 20:40:31.861  INFO 92277 --- [Test worker] c.a.l.service.InvestEventServiceImpl     : Total expenses withdrawn this year: 0.280471113391655043
2025-05-05 20:40:31.876  INFO 92277 --- [Test worker] c.a.l.service.InvestEventServiceImpl     : Withdrew 0.030492206409042145 for expenses from Investment ID: 3
2025-05-05 20:40:31.876  INFO 92277 --- [Test worker] c.a.l.service.InvestEventServiceImpl     : Withdrew 0.11585847651324496 for expenses from Investment ID: 4
2025-05-05 20:40:31.876  INFO 92277 --- [Test worker] c.a.l.service.InvestEventServiceImpl     : Withdrew 0.11417203082088113 for expenses from Investment ID: 5
2025-05-05 20:40:31.876  INFO 92277 --- [Test worker] c.a.l.service.InvestEventServiceImpl     : Withdrew 0.1097269359476376 for expenses from Investment ID: 2
2025-05-05 20:40:31.876  INFO 92277 --- [Test worker] c.a.l.service.InvestEventServiceImpl     : Total expenses withdrawn this year: 0.370249649690805835
2025-05-05 20:40:31.891  INFO 92277 --- [Test worker] c.a.l.service.InvestEventServiceImpl     : Withdrew 0.01108200569941191 for expenses from Investment ID: 3
2025-05-05 20:40:31.891  INFO 92277 --- [Test worker] c.a.l.service.InvestEventServiceImpl     : Withdrew 0.06534378309106792 for expenses from Investment ID: 4
2025-05-05 20:40:31.891  INFO 92277 --- [Test worker] c.a.l.service.InvestEventServiceImpl     : Withdrew 0.06306316181889872 for expenses from Investment ID: 5
2025-05-05 20:40:31.892  INFO 92277 --- [Test worker] c.a.l.service.InvestEventServiceImpl     : Withdrew 0.12556448950596003 for expenses from Investment ID: 2
2025-05-05 20:40:31.892  INFO 92277 --- [Test worker] c.a.l.service.InvestEventServiceImpl     : Total expenses withdrawn this year: 0.26505344011533858
2025-05-05 20:40:31.909  INFO 92277 --- [Test worker] c.a.l.service.InvestEventServiceImpl     : Withdrew 0.0458662649696767 for expenses from Investment ID: 3
2025-05-05 20:40:31.909  INFO 92277 --- [Test worker] c.a.l.service.InvestEventServiceImpl     : Withdrew 0.08453246042227501 for expenses from Investment ID: 4
2025-05-05 20:40:31.909  INFO 92277 --- [Test worker] c.a.l.service.InvestEventServiceImpl     : Withdrew 0.08946690795292528 for expenses from Investment ID: 5
2025-05-05 20:40:31.909  INFO 92277 --- [Test worker] c.a.l.service.InvestEventServiceImpl     : Withdrew 0.08186819042450545 for expenses from Investment ID: 2
2025-05-05 20:40:31.909  INFO 92277 --- [Test worker] c.a.l.service.InvestEventServiceImpl     : Total expenses withdrawn this year: 0.30173382376938244
2025-05-05 20:40:31.926  INFO 92277 --- [Test worker] c.a.l.service.InvestEventServiceImpl     : Withdrew 0.037205841318370785 for expenses from Investment ID: 3
2025-05-05 20:40:31.926  INFO 92277 --- [Test worker] c.a.l.service.InvestEventServiceImpl     : Withdrew 0.07996349620835935 for expenses from Investment ID: 4
2025-05-05 20:40:31.926  INFO 92277 --- [Test worker] c.a.l.service.InvestEventServiceImpl     : Withdrew 0.0683498229741354 for expenses from Investment ID: 5
2025-05-05 20:40:31.926  INFO 92277 --- [Test worker] c.a.l.service.InvestEventServiceImpl     : Withdrew 0.061377428037194134 for expenses from Investment ID: 2
2025-05-05 20:40:31.926  INFO 92277 --- [Test worker] c.a.l.service.InvestEventServiceImpl     : Total expenses withdrawn this year: 0.246896588538059669
2025-05-05 20:40:31.941  INFO 92277 --- [Test worker] c.a.l.service.InvestEventServiceImpl     : Withdrew 0.036711089920664255 for expenses from Investment ID: 3
2025-05-05 20:40:31.941  INFO 92277 --- [Test worker] c.a.l.service.InvestEventServiceImpl     : Withdrew 0.06961387739155966 for expenses from Investment ID: 4
2025-05-05 20:40:31.941  INFO 92277 --- [Test worker] c.a.l.service.InvestEventServiceImpl     : Withdrew 0.06538372016452894 for expenses from Investment ID: 5
2025-05-05 20:40:31.941  INFO 92277 --- [Test worker] c.a.l.service.InvestEventServiceImpl     : Withdrew 0.07608735313415244 for expenses from Investment ID: 2
2025-05-05 20:40:31.941  INFO 92277 --- [Test worker] c.a.l.service.InvestEventServiceImpl     : Total expenses withdrawn this year: 0.247796040610905295
2025-05-05 20:40:31.976  INFO 92277 --- [Test worker] c.a.l.service.InvestEventServiceImpl     : Withdrew 100.0 for expenses from Investment ID: 1
2025-05-05 20:40:31.977  INFO 92277 --- [Test worker] c.a.l.service.InvestEventServiceImpl     : Withdrew 2000.0 for expenses from Investment ID: 3
2025-05-05 20:40:31.977  INFO 92277 --- [Test worker] c.a.l.service.InvestEventServiceImpl     : Withdrew 10000.0 for expenses from Investment ID: 4
2025-05-05 20:40:31.977  INFO 92277 --- [Test worker] c.a.l.service.InvestEventServiceImpl     : Withdrew 2000.0 for expenses from Investment ID: 5
2025-05-05 20:40:31.977  INFO 92277 --- [Test worker] c.a.l.service.InvestEventServiceImpl     : Withdrew 10000.0 for expenses from Investment ID: 2
2025-05-05 20:40:31.977  INFO 92277 --- [Test worker] c.a.l.service.InvestEventServiceImpl     : Total expenses withdrawn this year: 24100.0
2025-05-05 20:40:32.003  INFO 92277 --- [Test worker] c.a.l.service.InvestEventServiceImpl     : Withdrew 0.04647671575839381 for expenses from Investment ID: 3
2025-05-05 20:40:32.003  INFO 92277 --- [Test worker] c.a.l.service.InvestEventServiceImpl     : Withdrew 0.08770030108008278 for expenses from Investment ID: 4
2025-05-05 20:40:32.003  INFO 92277 --- [Test worker] c.a.l.service.InvestEventServiceImpl     : Withdrew 0.07100317379351458 for expenses from Investment ID: 5
2025-05-05 20:40:32.003  INFO 92277 --- [Test worker] c.a.l.service.InvestEventServiceImpl     : Withdrew 0.049589218821914416 for expenses from Investment ID: 2
2025-05-05 20:40:32.003  INFO 92277 --- [Test worker] c.a.l.service.InvestEventServiceImpl     : Total expenses withdrawn this year: 0.254769409453905586
2025-05-05 20:40:32.017  INFO 92277 --- [Test worker] c.a.l.service.InvestEventServiceImpl     : Withdrew 0.033164809156894064 for expenses from Investment ID: 3
2025-05-05 20:40:32.017  INFO 92277 --- [Test worker] c.a.l.service.InvestEventServiceImpl     : Withdrew 0.07841045824124088 for expenses from Investment ID: 4
2025-05-05 20:40:32.017  INFO 92277 --- [Test worker] c.a.l.service.InvestEventServiceImpl     : Withdrew 0.06794875329222867 for expenses from Investment ID: 5
2025-05-05 20:40:32.017  INFO 92277 --- [Test worker] c.a.l.service.InvestEventServiceImpl     : Withdrew 0.09710362224929606 for expenses from Investment ID: 2
2025-05-05 20:40:32.017  INFO 92277 --- [Test worker] c.a.l.service.InvestEventServiceImpl     : Total expenses withdrawn this year: 0.276627642939659674
2025-05-05 20:40:32.032  INFO 92277 --- [Test worker] c.a.l.service.InvestEventServiceImpl     : Withdrew 0.033609555824156624 for expenses from Investment ID: 3
2025-05-05 20:40:32.033  INFO 92277 --- [Test worker] c.a.l.service.InvestEventServiceImpl     : Withdrew 0.07467234611981502 for expenses from Investment ID: 4
2025-05-05 20:40:32.033  INFO 92277 --- [Test worker] c.a.l.service.InvestEventServiceImpl     : Withdrew 0.05462574731958226 for expenses from Investment ID: 5
2025-05-05 20:40:32.033  INFO 92277 --- [Test worker] c.a.l.service.InvestEventServiceImpl     : Withdrew 0.09492099047169768 for expenses from Investment ID: 2
2025-05-05 20:40:32.033  INFO 92277 --- [Test worker] c.a.l.service.InvestEventServiceImpl     : Total expenses withdrawn this year: 0.257828639735251584
2025-05-05 20:40:32.048  INFO 92277 --- [Test worker] c.a.l.service.InvestEventServiceImpl     : Withdrew 0.04149375688003813 for expenses from Investment ID: 3
2025-05-05 20:40:32.048  INFO 92277 --- [Test worker] c.a.l.service.InvestEventServiceImpl     : Withdrew 0.06555230739144056 for expenses from Investment ID: 4
2025-05-05 20:40:32.048  INFO 92277 --- [Test worker] c.a.l.service.InvestEventServiceImpl     : Withdrew 0.07172515433257483 for expenses from Investment ID: 5
2025-05-05 20:40:32.048  INFO 92277 --- [Test worker] c.a.l.service.InvestEventServiceImpl     : Withdrew 0.05025120667537162 for expenses from Investment ID: 2
2025-05-05 20:40:32.048  INFO 92277 --- [Test worker] c.a.l.service.InvestEventServiceImpl     : Total expenses withdrawn this year: 0.22902242527942514
2025-05-05 20:40:32.063  INFO 92277 --- [Test worker] c.a.l.service.InvestEventServiceImpl     : Withdrew 0.014735608671711233 for expenses from Investment ID: 3
2025-05-05 20:40:32.063  INFO 92277 --- [Test worker] c.a.l.service.InvestEventServiceImpl     : Withdrew 0.046914921485810814 for expenses from Investment ID: 4
2025-05-05 20:40:32.063  INFO 92277 --- [Test worker] c.a.l.service.InvestEventServiceImpl     : Withdrew 0.08341099974522173 for expenses from Investment ID: 5
2025-05-05 20:40:32.063  INFO 92277 --- [Test worker] c.a.l.service.InvestEventServiceImpl     : Withdrew 0.09296037143103472 for expenses from Investment ID: 2
2025-05-05 20:40:32.063  INFO 92277 --- [Test worker] c.a.l.service.InvestEventServiceImpl     : Total expenses withdrawn this year: 0.238021901333778497
2025-05-05 20:40:32.077  INFO 92277 --- [Test worker] c.a.l.service.InvestEventServiceImpl     : Withdrew 0.04650990756813838 for expenses from Investment ID: 3
2025-05-05 20:40:32.078  INFO 92277 --- [Test worker] c.a.l.service.InvestEventServiceImpl     : Withdrew 0.06449081585434517 for expenses from Investment ID: 4
2025-05-05 20:40:32.078  INFO 92277 --- [Test worker] c.a.l.service.InvestEventServiceImpl     : Withdrew 0.0689916771307349 for expenses from Investment ID: 5
2025-05-05 20:40:32.078  INFO 92277 --- [Test worker] c.a.l.service.InvestEventServiceImpl     : Withdrew 0.05913443867927346 for expenses from Investment ID: 2
2025-05-05 20:40:32.078  INFO 92277 --- [Test worker] c.a.l.service.InvestEventServiceImpl     : Total expenses withdrawn this year: 0.23912683923249191
2025-05-05 20:40:32.093  INFO 92277 --- [Test worker] c.a.l.service.InvestEventServiceImpl     : Withdrew 0.04492375657009941 for expenses from Investment ID: 3
2025-05-05 20:40:32.093  INFO 92277 --- [Test worker] c.a.l.service.InvestEventServiceImpl     : Withdrew 0.07751678117641875 for expenses from Investment ID: 4
2025-05-05 20:40:32.093  INFO 92277 --- [Test worker] c.a.l.service.InvestEventServiceImpl     : Withdrew 0.1104432012358654 for expenses from Investment ID: 5
2025-05-05 20:40:32.093  INFO 92277 --- [Test worker] c.a.l.service.InvestEventServiceImpl     : Withdrew 0.058077785295707826 for expenses from Investment ID: 2
2025-05-05 20:40:32.093  INFO 92277 --- [Test worker] c.a.l.service.InvestEventServiceImpl     : Total expenses withdrawn this year: 0.290961524278091386
2025-05-05 20:40:32.108  INFO 92277 --- [Test worker] c.a.l.service.InvestEventServiceImpl     : Withdrew 0.03909785403229105 for expenses from Investment ID: 3
2025-05-05 20:40:32.108  INFO 92277 --- [Test worker] c.a.l.service.InvestEventServiceImpl     : Withdrew 0.06836547354938287 for expenses from Investment ID: 4
2025-05-05 20:40:32.108  INFO 92277 --- [Test worker] c.a.l.service.InvestEventServiceImpl     : Withdrew 0.07146806015520643 for expenses from Investment ID: 5
2025-05-05 20:40:32.108  INFO 92277 --- [Test worker] c.a.l.service.InvestEventServiceImpl     : Withdrew 0.0785260934751582 for expenses from Investment ID: 2
2025-05-05 20:40:32.108  INFO 92277 --- [Test worker] c.a.l.service.InvestEventServiceImpl     : Total expenses withdrawn this year: 0.25745748121203855
2025-05-05 20:40:32.122  INFO 92277 --- [Test worker] c.a.l.service.InvestEventServiceImpl     : Withdrew 0.03975832712909756 for expenses from Investment ID: 3
2025-05-05 20:40:32.122  INFO 92277 --- [Test worker] c.a.l.service.InvestEventServiceImpl     : Withdrew 0.0981690086412321 for expenses from Investment ID: 4
2025-05-05 20:40:32.122  INFO 92277 --- [Test worker] c.a.l.service.InvestEventServiceImpl     : Withdrew 0.035105102349857725 for expenses from Investment ID: 5
2025-05-05 20:40:32.122  INFO 92277 --- [Test worker] c.a.l.service.InvestEventServiceImpl     : Withdrew 0.04515014229308109 for expenses from Investment ID: 2
2025-05-05 20:40:32.122  INFO 92277 --- [Test worker] c.a.l.service.InvestEventServiceImpl     : Total expenses withdrawn this year: 0.218182580413268475
2025-05-05 20:40:32.136  INFO 92277 --- [Test worker] c.a.l.service.InvestEventServiceImpl     : Withdrew 0.034708690146827585 for expenses from Investment ID: 3
2025-05-05 20:40:32.136  INFO 92277 --- [Test worker] c.a.l.service.InvestEventServiceImpl     : Withdrew 0.10556103668842835 for expenses from Investment ID: 4
2025-05-05 20:40:32.136  INFO 92277 --- [Test worker] c.a.l.service.InvestEventServiceImpl     : Withdrew 0.03322645854163877 for expenses from Investment ID: 5
2025-05-05 20:40:32.136  INFO 92277 --- [Test worker] c.a.l.service.InvestEventServiceImpl     : Withdrew 0.11713275498571107 for expenses from Investment ID: 2
2025-05-05 20:40:32.136  INFO 92277 --- [Test worker] c.a.l.service.InvestEventServiceImpl     : Total expenses withdrawn this year: 0.290628940362605775
2025-05-05 20:40:32.155  INFO 92277 --- [Test worker] c.a.l.service.InvestEventServiceImpl     : Withdrew 0.033893473519475956 for expenses from Investment ID: 3
2025-05-05 20:40:32.155  INFO 92277 --- [Test worker] c.a.l.service.InvestEventServiceImpl     : Withdrew 0.09422999605400255 for expenses from Investment ID: 4
2025-05-05 20:40:32.155  INFO 92277 --- [Test worker] c.a.l.service.InvestEventServiceImpl     : Withdrew 0.049010881500475556 for expenses from Investment ID: 5
2025-05-05 20:40:32.155  INFO 92277 --- [Test worker] c.a.l.service.InvestEventServiceImpl     : Withdrew 0.0401585042884651 for expenses from Investment ID: 2
2025-05-05 20:40:32.155  INFO 92277 --- [Test worker] c.a.l.service.InvestEventServiceImpl     : Total expenses withdrawn this year: 0.217292855362419162
2025-05-05 20:40:32.175  INFO 92277 --- [Test worker] c.a.l.service.InvestEventServiceImpl     : Withdrew 0.0342539877660379 for expenses from Investment ID: 3
2025-05-05 20:40:32.175  INFO 92277 --- [Test worker] c.a.l.service.InvestEventServiceImpl     : Withdrew 0.07175719176269028 for expenses from Investment ID: 4
2025-05-05 20:40:32.175  INFO 92277 --- [Test worker] c.a.l.service.InvestEventServiceImpl     : Withdrew 0.09352403395870816 for expenses from Investment ID: 5
2025-05-05 20:40:32.176  INFO 92277 --- [Test worker] c.a.l.service.InvestEventServiceImpl     : Withdrew 0.08756621248279807 for expenses from Investment ID: 2
2025-05-05 20:40:32.176  INFO 92277 --- [Test worker] c.a.l.service.InvestEventServiceImpl     : Total expenses withdrawn this year: 0.28710142597023441
2025-05-05 20:40:32.195  INFO 92277 --- [Test worker] c.a.l.service.InvestEventServiceImpl     : Withdrew 0.026515729558606455 for expenses from Investment ID: 3
2025-05-05 20:40:32.196  INFO 92277 --- [Test worker] c.a.l.service.InvestEventServiceImpl     : Withdrew 0.06005474556003966 for expenses from Investment ID: 4
2025-05-05 20:40:32.196  INFO 92277 --- [Test worker] c.a.l.service.InvestEventServiceImpl     : Withdrew 0.0897171511138877 for expenses from Investment ID: 5
2025-05-05 20:40:32.196  INFO 92277 --- [Test worker] c.a.l.service.InvestEventServiceImpl     : Withdrew 0.05129711651673456 for expenses from Investment ID: 2
2025-05-05 20:40:32.196  INFO 92277 --- [Test worker] c.a.l.service.InvestEventServiceImpl     : Total expenses withdrawn this year: 0.227584742749268375
2025-05-05 20:40:32.215  INFO 92277 --- [Test worker] c.a.l.service.InvestEventServiceImpl     : Withdrew 0.02359993107730283 for expenses from Investment ID: 3
2025-05-05 20:40:32.215  INFO 92277 --- [Test worker] c.a.l.service.InvestEventServiceImpl     : Withdrew 0.07459325827177152 for expenses from Investment ID: 4
2025-05-05 20:40:32.215  INFO 92277 --- [Test worker] c.a.l.service.InvestEventServiceImpl     : Withdrew 0.07135126727738583 for expenses from Investment ID: 5
2025-05-05 20:40:32.215  INFO 92277 --- [Test worker] c.a.l.service.InvestEventServiceImpl     : Withdrew 0.05971610480005213 for expenses from Investment ID: 2
2025-05-05 20:40:32.215  INFO 92277 --- [Test worker] c.a.l.service.InvestEventServiceImpl     : Total expenses withdrawn this year: 0.22926056142651231
2025-05-05 20:40:32.237  INFO 92277 --- [Test worker] c.a.l.service.InvestEventServiceImpl     : Withdrew 0.03541550029133623 for expenses from Investment ID: 3
2025-05-05 20:40:32.238  INFO 92277 --- [Test worker] c.a.l.service.InvestEventServiceImpl     : Withdrew 0.049251494790360686 for expenses from Investment ID: 4
2025-05-05 20:40:32.238  INFO 92277 --- [Test worker] c.a.l.service.InvestEventServiceImpl     : Withdrew 0.07103619232935052 for expenses from Investment ID: 5
2025-05-05 20:40:32.238  INFO 92277 --- [Test worker] c.a.l.service.InvestEventServiceImpl     : Withdrew 0.06968588871642072 for expenses from Investment ID: 2
2025-05-05 20:40:32.238  INFO 92277 --- [Test worker] c.a.l.service.InvestEventServiceImpl     : Total expenses withdrawn this year: 0.225389076127468156
2025-05-05 20:40:32.256  INFO 92277 --- [Test worker] c.a.l.service.InvestEventServiceImpl     : Withdrew 0.03309752413375347 for expenses from Investment ID: 3
2025-05-05 20:40:32.257  INFO 92277 --- [Test worker] c.a.l.service.InvestEventServiceImpl     : Withdrew 0.08295829601085415 for expenses from Investment ID: 4
2025-05-05 20:40:32.257  INFO 92277 --- [Test worker] c.a.l.service.InvestEventServiceImpl     : Withdrew 0.07020610063947187 for expenses from Investment ID: 5
2025-05-05 20:40:32.257  INFO 92277 --- [Test worker] c.a.l.service.InvestEventServiceImpl     : Withdrew 0.07245734927500659 for expenses from Investment ID: 2
2025-05-05 20:40:32.257  INFO 92277 --- [Test worker] c.a.l.service.InvestEventServiceImpl     : Total expenses withdrawn this year: 0.25871927005908608
2025-05-05 20:40:32.273  INFO 92277 --- [Test worker] c.a.l.service.InvestEventServiceImpl     : Withdrew 0.02417720702850454 for expenses from Investment ID: 3
2025-05-05 20:40:32.273  INFO 92277 --- [Test worker] c.a.l.service.InvestEventServiceImpl     : Withdrew 0.05551111808558931 for expenses from Investment ID: 4
2025-05-05 20:40:32.273  INFO 92277 --- [Test worker] c.a.l.service.InvestEventServiceImpl     : Withdrew 0.08120348595805224 for expenses from Investment ID: 5
2025-05-05 20:40:32.273  INFO 92277 --- [Test worker] c.a.l.service.InvestEventServiceImpl     : Withdrew 0.06510365052934003 for expenses from Investment ID: 2
2025-05-05 20:40:32.273  INFO 92277 --- [Test worker] c.a.l.service.InvestEventServiceImpl     : Total expenses withdrawn this year: 0.22599546160148612
2025-05-05 20:40:32.290  INFO 92277 --- [Test worker] c.a.l.service.InvestEventServiceImpl     : Withdrew 0.0435956744855754 for expenses from Investment ID: 3
2025-05-05 20:40:32.290  INFO 92277 --- [Test worker] c.a.l.service.InvestEventServiceImpl     : Withdrew 0.08408238482008991 for expenses from Investment ID: 4
2025-05-05 20:40:32.290  INFO 92277 --- [Test worker] c.a.l.service.InvestEventServiceImpl     : Withdrew 0.07997275142680736 for expenses from Investment ID: 5
2025-05-05 20:40:32.290  INFO 92277 --- [Test worker] c.a.l.service.InvestEventServiceImpl     : Withdrew 0.06594440184778616 for expenses from Investment ID: 2
2025-05-05 20:40:32.290  INFO 92277 --- [Test worker] c.a.l.service.InvestEventServiceImpl     : Total expenses withdrawn this year: 0.27359521258025883
2025-05-05 20:40:32.309  INFO 92277 --- [Test worker] c.a.l.service.InvestEventServiceImpl     : Withdrew 0.05552665904819899 for expenses from Investment ID: 3
2025-05-05 20:40:32.309  INFO 92277 --- [Test worker] c.a.l.service.InvestEventServiceImpl     : Withdrew 0.09472062716883348 for expenses from Investment ID: 4
2025-05-05 20:40:32.309  INFO 92277 --- [Test worker] c.a.l.service.InvestEventServiceImpl     : Withdrew 0.08967921446760839 for expenses from Investment ID: 5
2025-05-05 20:40:32.309  INFO 92277 --- [Test worker] c.a.l.service.InvestEventServiceImpl     : Withdrew 0.06879793855052926 for expenses from Investment ID: 2
2025-05-05 20:40:32.309  INFO 92277 --- [Test worker] c.a.l.service.InvestEventServiceImpl     : Total expenses withdrawn this year: 0.30872443923517012
2025-05-05 20:40:32.327  INFO 92277 --- [Test worker] c.a.l.service.InvestEventServiceImpl     : Withdrew 0.03898788288722679 for expenses from Investment ID: 3
2025-05-05 20:40:32.327  INFO 92277 --- [Test worker] c.a.l.service.InvestEventServiceImpl     : Withdrew 0.050393279602320956 for expenses from Investment ID: 4
2025-05-05 20:40:32.327  INFO 92277 --- [Test worker] c.a.l.service.InvestEventServiceImpl     : Withdrew 0.08741337471871576 for expenses from Investment ID: 5
2025-05-05 20:40:32.327  INFO 92277 --- [Test worker] c.a.l.service.InvestEventServiceImpl     : Withdrew 0.07536912666822788 for expenses from Investment ID: 2
2025-05-05 20:40:32.327  INFO 92277 --- [Test worker] c.a.l.service.InvestEventServiceImpl     : Total expenses withdrawn this year: 0.252163663876491386
2025-05-05 20:40:32.344  INFO 92277 --- [Test worker] c.a.l.service.InvestEventServiceImpl     : Withdrew 0.03810733897010764 for expenses from Investment ID: 3
2025-05-05 20:40:32.344  INFO 92277 --- [Test worker] c.a.l.service.InvestEventServiceImpl     : Withdrew 0.08138437495666646 for expenses from Investment ID: 4
2025-05-05 20:40:32.344  INFO 92277 --- [Test worker] c.a.l.service.InvestEventServiceImpl     : Withdrew 0.05728713679379284 for expenses from Investment ID: 5
2025-05-05 20:40:32.344  INFO 92277 --- [Test worker] c.a.l.service.InvestEventServiceImpl     : Withdrew 0.04448672650455931 for expenses from Investment ID: 2
2025-05-05 20:40:32.344  INFO 92277 --- [Test worker] c.a.l.service.InvestEventServiceImpl     : Total expenses withdrawn this year: 0.22126557722512625
2025-05-05 20:40:32.361  INFO 92277 --- [Test worker] c.a.l.service.InvestEventServiceImpl     : Withdrew 0.029629217578099977 for expenses from Investment ID: 3
2025-05-05 20:40:32.361  INFO 92277 --- [Test worker] c.a.l.service.InvestEventServiceImpl     : Withdrew 0.08261875498140928 for expenses from Investment ID: 4
2025-05-05 20:40:32.361  INFO 92277 --- [Test worker] c.a.l.service.InvestEventServiceImpl     : Withdrew 0.09668493044349091 for expenses from Investment ID: 5
2025-05-05 20:40:32.361  INFO 92277 --- [Test worker] c.a.l.service.InvestEventServiceImpl     : Withdrew 0.0726663130309598 for expenses from Investment ID: 2
2025-05-05 20:40:32.361  INFO 92277 --- [Test worker] c.a.l.service.InvestEventServiceImpl     : Total expenses withdrawn this year: 0.281599216033959967
2025-05-05 20:40:32.376  INFO 92277 --- [Test worker] c.a.l.service.InvestEventServiceImpl     : Withdrew 0.04616898275506682 for expenses from Investment ID: 3
2025-05-05 20:40:32.376  INFO 92277 --- [Test worker] c.a.l.service.InvestEventServiceImpl     : Withdrew 0.06723009876347029 for expenses from Investment ID: 4
2025-05-05 20:40:32.376  INFO 92277 --- [Test worker] c.a.l.service.InvestEventServiceImpl     : Withdrew 0.05735578661827526 for expenses from Investment ID: 5
2025-05-05 20:40:32.376  INFO 92277 --- [Test worker] c.a.l.service.InvestEventServiceImpl     : Withdrew 0.09626055573483695 for expenses from Investment ID: 2
2025-05-05 20:40:32.376  INFO 92277 --- [Test worker] c.a.l.service.InvestEventServiceImpl     : Total expenses withdrawn this year: 0.26701542387164932
2025-05-05 20:40:32.392  INFO 92277 --- [Test worker] c.a.l.service.InvestEventServiceImpl     : Withdrew 0.0192931934344351 for expenses from Investment ID: 3
2025-05-05 20:40:32.392  INFO 92277 --- [Test worker] c.a.l.service.InvestEventServiceImpl     : Withdrew 0.07236700642267978 for expenses from Investment ID: 4
2025-05-05 20:40:32.392  INFO 92277 --- [Test worker] c.a.l.service.InvestEventServiceImpl     : Withdrew 0.07206919250866925 for expenses from Investment ID: 5
2025-05-05 20:40:32.392  INFO 92277 --- [Test worker] c.a.l.service.InvestEventServiceImpl     : Withdrew 0.09537673116869952 for expenses from Investment ID: 2
2025-05-05 20:40:32.392  INFO 92277 --- [Test worker] c.a.l.service.InvestEventServiceImpl     : Total expenses withdrawn this year: 0.25910612353448365
2025-05-05 20:40:32.409  INFO 92277 --- [Test worker] c.a.l.service.InvestEventServiceImpl     : Withdrew 0.04041544596834562 for expenses from Investment ID: 3
2025-05-05 20:40:32.409  INFO 92277 --- [Test worker] c.a.l.service.InvestEventServiceImpl     : Withdrew 0.05942918362664093 for expenses from Investment ID: 4
2025-05-05 20:40:32.409  INFO 92277 --- [Test worker] c.a.l.service.InvestEventServiceImpl     : Withdrew 0.06461793663316048 for expenses from Investment ID: 5
2025-05-05 20:40:32.410  INFO 92277 --- [Test worker] c.a.l.service.InvestEventServiceImpl     : Withdrew 0.10426865697641562 for expenses from Investment ID: 2
2025-05-05 20:40:32.410  INFO 92277 --- [Test worker] c.a.l.service.InvestEventServiceImpl     : Total expenses withdrawn this year: 0.26873122320456265
2025-05-05 20:40:32.428  INFO 92277 --- [Test worker] c.a.l.service.InvestEventServiceImpl     : Withdrew 0.04580752911216423 for expenses from Investment ID: 3
2025-05-05 20:40:32.428  INFO 92277 --- [Test worker] c.a.l.service.InvestEventServiceImpl     : Withdrew 0.07960637110529505 for expenses from Investment ID: 4
2025-05-05 20:40:32.428  INFO 92277 --- [Test worker] c.a.l.service.InvestEventServiceImpl     : Withdrew 0.09663350257347168 for expenses from Investment ID: 5
2025-05-05 20:40:32.428  INFO 92277 --- [Test worker] c.a.l.service.InvestEventServiceImpl     : Withdrew 0.06867816236292953 for expenses from Investment ID: 2
2025-05-05 20:40:32.428  INFO 92277 --- [Test worker] c.a.l.service.InvestEventServiceImpl     : Total expenses withdrawn this year: 0.29072556515386049
2025-05-05 20:40:32.447  INFO 92277 --- [Test worker] c.a.l.service.InvestEventServiceImpl     : Withdrew 0.03015932720970316 for expenses from Investment ID: 3
2025-05-05 20:40:32.447  INFO 92277 --- [Test worker] c.a.l.service.InvestEventServiceImpl     : Withdrew 0.07978784856663028 for expenses from Investment ID: 4
2025-05-05 20:40:32.448  INFO 92277 --- [Test worker] c.a.l.service.InvestEventServiceImpl     : Withdrew 0.06335327162025008 for expenses from Investment ID: 5
2025-05-05 20:40:32.448  INFO 92277 --- [Test worker] c.a.l.service.InvestEventServiceImpl     : Withdrew 0.06390924117392931 for expenses from Investment ID: 2
2025-05-05 20:40:32.448  INFO 92277 --- [Test worker] c.a.l.service.InvestEventServiceImpl     : Total expenses withdrawn this year: 0.23720968857051283
2025-05-05 20:40:32.466  INFO 92277 --- [Test worker] c.a.l.service.InvestEventServiceImpl     : Withdrew 0.006967349010654788 for expenses from Investment ID: 3
2025-05-05 20:40:32.467  INFO 92277 --- [Test worker] c.a.l.service.InvestEventServiceImpl     : Withdrew 0.05637417161283861 for expenses from Investment ID: 4
2025-05-05 20:40:32.467  INFO 92277 --- [Test worker] c.a.l.service.InvestEventServiceImpl     : Withdrew 0.0445021670697644 for expenses from Investment ID: 5
2025-05-05 20:40:32.467  INFO 92277 --- [Test worker] c.a.l.service.InvestEventServiceImpl     : Withdrew 0.08824402111713818 for expenses from Investment ID: 2
2025-05-05 20:40:32.467  INFO 92277 --- [Test worker] c.a.l.service.InvestEventServiceImpl     : Total expenses withdrawn this year: 0.196087708810395978
2025-05-05 20:40:32.488  INFO 92277 --- [Test worker] c.a.l.service.InvestEventServiceImpl     : Withdrew 0.03515790487777795 for expenses from Investment ID: 3
2025-05-05 20:40:32.489  INFO 92277 --- [Test worker] c.a.l.service.InvestEventServiceImpl     : Withdrew 0.07826911754826693 for expenses from Investment ID: 4
2025-05-05 20:40:32.489  INFO 92277 --- [Test worker] c.a.l.service.InvestEventServiceImpl     : Withdrew 0.08175053864279391 for expenses from Investment ID: 5
2025-05-05 20:40:32.489  INFO 92277 --- [Test worker] c.a.l.service.InvestEventServiceImpl     : Withdrew 0.0347154289148595 for expenses from Investment ID: 2
2025-05-05 20:40:32.489  INFO 92277 --- [Test worker] c.a.l.service.InvestEventServiceImpl     : Total expenses withdrawn this year: 0.22989298998369829
2025-05-05 20:40:32.512  INFO 92277 --- [Test worker] c.a.l.service.InvestEventServiceImpl     : Withdrew 0.029152125726449766 for expenses from Investment ID: 3
2025-05-05 20:40:32.512  INFO 92277 --- [Test worker] c.a.l.service.InvestEventServiceImpl     : Withdrew 0.07465765386279638 for expenses from Investment ID: 4
2025-05-05 20:40:32.512  INFO 92277 --- [Test worker] c.a.l.service.InvestEventServiceImpl     : Withdrew 0.0705729626446681 for expenses from Investment ID: 5
2025-05-05 20:40:32.512  INFO 92277 --- [Test worker] c.a.l.service.InvestEventServiceImpl     : Withdrew 0.08214146294501894 for expenses from Investment ID: 2
2025-05-05 20:40:32.512  INFO 92277 --- [Test worker] c.a.l.service.InvestEventServiceImpl     : Total expenses withdrawn this year: 0.256524205178933186
2025-05-05 20:40:32.536  INFO 92277 --- [Test worker] c.a.l.service.InvestEventServiceImpl     : Withdrew 0.02109107157004415 for expenses from Investment ID: 3
2025-05-05 20:40:32.536  INFO 92277 --- [Test worker] c.a.l.service.InvestEventServiceImpl     : Withdrew 0.06341333771369412 for expenses from Investment ID: 4
2025-05-05 20:40:32.536  INFO 92277 --- [Test worker] c.a.l.service.InvestEventServiceImpl     : Withdrew 0.055131719862634224 for expenses from Investment ID: 5
2025-05-05 20:40:32.536  INFO 92277 --- [Test worker] c.a.l.service.InvestEventServiceImpl     : Withdrew 0.05769804281447016 for expenses from Investment ID: 2
2025-05-05 20:40:32.536  INFO 92277 --- [Test worker] c.a.l.service.InvestEventServiceImpl     : Total expenses withdrawn this year: 0.197334171960842654
2025-05-05 20:40:32.563  INFO 92277 --- [Test worker] c.a.l.service.InvestEventServiceImpl     : Withdrew 0.02981016247026779 for expenses from Investment ID: 3
2025-05-05 20:40:32.563  INFO 92277 --- [Test worker] c.a.l.service.InvestEventServiceImpl     : Withdrew 0.06515172085244485 for expenses from Investment ID: 4
2025-05-05 20:40:32.564  INFO 92277 --- [Test worker] c.a.l.service.InvestEventServiceImpl     : Withdrew 0.059454265517140774 for expenses from Investment ID: 5
2025-05-05 20:40:32.564  INFO 92277 --- [Test worker] c.a.l.service.InvestEventServiceImpl     : Withdrew 0.05281759306227229 for expenses from Investment ID: 2
2025-05-05 20:40:32.564  INFO 92277 --- [Test worker] c.a.l.service.InvestEventServiceImpl     : Total expenses withdrawn this year: 0.207233741902125704
2025-05-05 20:40:32.587  INFO 92277 --- [Test worker] c.a.l.service.InvestEventServiceImpl     : Withdrew 0.03585997250435644 for expenses from Investment ID: 3
2025-05-05 20:40:32.588  INFO 92277 --- [Test worker] c.a.l.service.InvestEventServiceImpl     : Withdrew 0.04304333679963546 for expenses from Investment ID: 4
2025-05-05 20:40:32.588  INFO 92277 --- [Test worker] c.a.l.service.InvestEventServiceImpl     : Withdrew 0.08832709749201732 for expenses from Investment ID: 5
2025-05-05 20:40:32.588  INFO 92277 --- [Test worker] c.a.l.service.InvestEventServiceImpl     : Withdrew 0.09381776419387636 for expenses from Investment ID: 2
2025-05-05 20:40:32.588  INFO 92277 --- [Test worker] c.a.l.service.InvestEventServiceImpl     : Total expenses withdrawn this year: 0.26104817098988558
2025-05-05 20:40:32.606  INFO 92277 --- [Test worker] c.a.l.service.InvestEventServiceImpl     : Withdrew 0.03735904809930716 for expenses from Investment ID: 3
2025-05-05 20:40:32.606  INFO 92277 --- [Test worker] c.a.l.service.InvestEventServiceImpl     : Withdrew 0.06830968934782376 for expenses from Investment ID: 4
2025-05-05 20:40:32.607  INFO 92277 --- [Test worker] c.a.l.service.InvestEventServiceImpl     : Withdrew 0.017167183023710304 for expenses from Investment ID: 5
2025-05-05 20:40:32.607  INFO 92277 --- [Test worker] c.a.l.service.InvestEventServiceImpl     : Withdrew 0.09083520745518787 for expenses from Investment ID: 2
2025-05-05 20:40:32.607  INFO 92277 --- [Test worker] c.a.l.service.InvestEventServiceImpl     : Total expenses withdrawn this year: 0.213671127926029094
2025-05-05 20:40:32.624  INFO 92277 --- [Test worker] c.a.l.service.InvestEventServiceImpl     : Withdrew 0.03828082404128341 for expenses from Investment ID: 3
2025-05-05 20:40:32.624  INFO 92277 --- [Test worker] c.a.l.service.InvestEventServiceImpl     : Withdrew 0.09775415594984942 for expenses from Investment ID: 4
2025-05-05 20:40:32.624  INFO 92277 --- [Test worker] c.a.l.service.InvestEventServiceImpl     : Withdrew 0.07475866419781313 for expenses from Investment ID: 5
2025-05-05 20:40:32.624  INFO 92277 --- [Test worker] c.a.l.service.InvestEventServiceImpl     : Withdrew 0.0979561756248411 for expenses from Investment ID: 2
2025-05-05 20:40:32.624  INFO 92277 --- [Test worker] c.a.l.service.InvestEventServiceImpl     : Total expenses withdrawn this year: 0.30874981981378706
2025-05-05 20:40:32.639  INFO 92277 --- [Test worker] c.a.l.service.InvestEventServiceImpl     : Withdrew 0.01812935815515127 for expenses from Investment ID: 3
2025-05-05 20:40:32.639  INFO 92277 --- [Test worker] c.a.l.service.InvestEventServiceImpl     : Withdrew 0.060839416106515255 for expenses from Investment ID: 4
2025-05-05 20:40:32.639  INFO 92277 --- [Test worker] c.a.l.service.InvestEventServiceImpl     : Withdrew 0.06162967767117573 for expenses from Investment ID: 5
2025-05-05 20:40:32.639  INFO 92277 --- [Test worker] c.a.l.service.InvestEventServiceImpl     : Withdrew 0.04729921569757104 for expenses from Investment ID: 2
2025-05-05 20:40:32.639  INFO 92277 --- [Test worker] c.a.l.service.InvestEventServiceImpl     : Total expenses withdrawn this year: 0.187897667630413295
2025-05-05 20:40:32.654  INFO 92277 --- [Test worker] c.a.l.service.InvestEventServiceImpl     : Withdrew 0.025682194846297197 for expenses from Investment ID: 3
2025-05-05 20:40:32.654  INFO 92277 --- [Test worker] c.a.l.service.InvestEventServiceImpl     : Withdrew 0.05054412579923202 for expenses from Investment ID: 4
2025-05-05 20:40:32.654  INFO 92277 --- [Test worker] c.a.l.service.InvestEventServiceImpl     : Withdrew 0.09168523559358487 for expenses from Investment ID: 5
2025-05-05 20:40:32.654  INFO 92277 --- [Test worker] c.a.l.service.InvestEventServiceImpl     : Withdrew 0.06762229131278125 for expenses from Investment ID: 2
2025-05-05 20:40:32.654  INFO 92277 --- [Test worker] c.a.l.service.InvestEventServiceImpl     : Total expenses withdrawn this year: 0.235533847551895337
2025-05-05 20:40:32.670  INFO 92277 --- [Test worker] c.a.l.service.InvestEventServiceImpl     : Withdrew 0.027617090741936027 for expenses from Investment ID: 3
2025-05-05 20:40:32.670  INFO 92277 --- [Test worker] c.a.l.service.InvestEventServiceImpl     : Withdrew 0.11392078386521298 for expenses from Investment ID: 4
2025-05-05 20:40:32.670  INFO 92277 --- [Test worker] c.a.l.service.InvestEventServiceImpl     : Withdrew 0.07473585144627139 for expenses from Investment ID: 5
2025-05-05 20:40:32.670  INFO 92277 --- [Test worker] c.a.l.service.InvestEventServiceImpl     : Withdrew 0.0600332807809672 for expenses from Investment ID: 2
2025-05-05 20:40:32.670  INFO 92277 --- [Test worker] c.a.l.service.InvestEventServiceImpl     : Total expenses withdrawn this year: 0.276307006834387597
2025-05-05 20:40:32.684  INFO 92277 --- [Test worker] c.a.l.service.InvestEventServiceImpl     : Withdrew 0.03846568234128625 for expenses from Investment ID: 3
2025-05-05 20:40:32.685  INFO 92277 --- [Test worker] c.a.l.service.InvestEventServiceImpl     : Withdrew 0.05000032257710086 for expenses from Investment ID: 4
2025-05-05 20:40:32.685  INFO 92277 --- [Test worker] c.a.l.service.InvestEventServiceImpl     : Withdrew 0.06062027062372812 for expenses from Investment ID: 5
2025-05-05 20:40:32.685  INFO 92277 --- [Test worker] c.a.l.service.InvestEventServiceImpl     : Withdrew 0.04021590195246297 for expenses from Investment ID: 2
2025-05-05 20:40:32.685  INFO 92277 --- [Test worker] c.a.l.service.InvestEventServiceImpl     : Total expenses withdrawn this year: 0.18930217749457820
2025-05-05 20:40:32.720  INFO 92277 --- [Test worker] c.a.l.service.InvestEventServiceImpl     : Withdrew 100.0 for expenses from Investment ID: 1
2025-05-05 20:40:32.720  INFO 92277 --- [Test worker] c.a.l.service.InvestEventServiceImpl     : Withdrew 2000.0 for expenses from Investment ID: 3
2025-05-05 20:40:32.720  INFO 92277 --- [Test worker] c.a.l.service.InvestEventServiceImpl     : Withdrew 10000.0 for expenses from Investment ID: 4
2025-05-05 20:40:32.720  INFO 92277 --- [Test worker] c.a.l.service.InvestEventServiceImpl     : Withdrew 2000.0 for expenses from Investment ID: 5
2025-05-05 20:40:32.720  INFO 92277 --- [Test worker] c.a.l.service.InvestEventServiceImpl     : Withdrew 10000.0 for expenses from Investment ID: 2
2025-05-05 20:40:32.720  INFO 92277 --- [Test worker] c.a.l.service.InvestEventServiceImpl     : Total expenses withdrawn this year: 24100.0
2025-05-05 20:40:32.741  INFO 92277 --- [Test worker] c.a.l.service.InvestEventServiceImpl     : Withdrew 0.031522228808242764 for expenses from Investment ID: 3
2025-05-05 20:40:32.741  INFO 92277 --- [Test worker] c.a.l.service.InvestEventServiceImpl     : Withdrew 0.08676218756391352 for expenses from Investment ID: 4
2025-05-05 20:40:32.741  INFO 92277 --- [Test worker] c.a.l.service.InvestEventServiceImpl     : Withdrew 0.08791880507003913 for expenses from Investment ID: 5
2025-05-05 20:40:32.741  INFO 92277 --- [Test worker] c.a.l.service.InvestEventServiceImpl     : Withdrew 0.04429097795439264 for expenses from Investment ID: 2
2025-05-05 20:40:32.741  INFO 92277 --- [Test worker] c.a.l.service.InvestEventServiceImpl     : Total expenses withdrawn this year: 0.250494199396588054
2025-05-05 20:40:32.765  INFO 92277 --- [Test worker] c.a.l.service.InvestEventServiceImpl     : Withdrew 0.013000619757679676 for expenses from Investment ID: 3
2025-05-05 20:40:32.765  INFO 92277 --- [Test worker] c.a.l.service.InvestEventServiceImpl     : Withdrew 0.06460439448529556 for expenses from Investment ID: 4
2025-05-05 20:40:32.765  INFO 92277 --- [Test worker] c.a.l.service.InvestEventServiceImpl     : Withdrew 0.07978780728371292 for expenses from Investment ID: 5
2025-05-05 20:40:32.765  INFO 92277 --- [Test worker] c.a.l.service.InvestEventServiceImpl     : Withdrew 0.10014266719827888 for expenses from Investment ID: 2
2025-05-05 20:40:32.765  INFO 92277 --- [Test worker] c.a.l.service.InvestEventServiceImpl     : Total expenses withdrawn this year: 0.257535488724967036
2025-05-05 20:40:32.801  INFO 92277 --- [Test worker] c.a.l.service.InvestEventServiceImpl     : Withdrew 0.022689579498679658 for expenses from Investment ID: 3
2025-05-05 20:40:32.801  INFO 92277 --- [Test worker] c.a.l.service.InvestEventServiceImpl     : Withdrew 0.08563221457228079 for expenses from Investment ID: 4
2025-05-05 20:40:32.801  INFO 92277 --- [Test worker] c.a.l.service.InvestEventServiceImpl     : Withdrew 0.07612803300314147 for expenses from Investment ID: 5
2025-05-05 20:40:32.801  INFO 92277 --- [Test worker] c.a.l.service.InvestEventServiceImpl     : Withdrew 0.03537351059451455 for expenses from Investment ID: 2
2025-05-05 20:40:32.801  INFO 92277 --- [Test worker] c.a.l.service.InvestEventServiceImpl     : Total expenses withdrawn this year: 0.219823337668616468
2025-05-05 20:40:32.847  INFO 92277 --- [Test worker] c.a.l.service.InvestEventServiceImpl     : Withdrew 0.027627996827772967 for expenses from Investment ID: 3
2025-05-05 20:40:32.847  INFO 92277 --- [Test worker] c.a.l.service.InvestEventServiceImpl     : Withdrew 0.08518116975094024 for expenses from Investment ID: 4
2025-05-05 20:40:32.847  INFO 92277 --- [Test worker] c.a.l.service.InvestEventServiceImpl     : Withdrew 0.08654182773011757 for expenses from Investment ID: 5
2025-05-05 20:40:32.847  INFO 92277 --- [Test worker] c.a.l.service.InvestEventServiceImpl     : Withdrew 0.04245756510724668 for expenses from Investment ID: 2
2025-05-05 20:40:32.847  INFO 92277 --- [Test worker] c.a.l.service.InvestEventServiceImpl     : Total expenses withdrawn this year: 0.241808559416077457
2025-05-05 20:40:32.874  INFO 92277 --- [Test worker] c.a.l.service.InvestEventServiceImpl     : Withdrew 0.04120450970417095 for expenses from Investment ID: 3
2025-05-05 20:40:32.874  INFO 92277 --- [Test worker] c.a.l.service.InvestEventServiceImpl     : Withdrew 0.05633110390218524 for expenses from Investment ID: 4
2025-05-05 20:40:32.874  INFO 92277 --- [Test worker] c.a.l.service.InvestEventServiceImpl     : Withdrew 0.08434325158450041 for expenses from Investment ID: 5
2025-05-05 20:40:32.874  INFO 92277 --- [Test worker] c.a.l.service.InvestEventServiceImpl     : Withdrew 0.09837594854425809 for expenses from Investment ID: 2
2025-05-05 20:40:32.874  INFO 92277 --- [Test worker] c.a.l.service.InvestEventServiceImpl     : Total expenses withdrawn this year: 0.28025481373511469
2025-05-05 20:40:32.926  INFO 92277 --- [Test worker] c.a.l.service.InvestEventServiceImpl     : Withdrew 0.026230627856078475 for expenses from Investment ID: 3
2025-05-05 20:40:32.926  INFO 92277 --- [Test worker] c.a.l.service.InvestEventServiceImpl     : Withdrew 0.06646791462785137 for expenses from Investment ID: 4
2025-05-05 20:40:32.926  INFO 92277 --- [Test worker] c.a.l.service.InvestEventServiceImpl     : Withdrew 0.06891481630280166 for expenses from Investment ID: 5
2025-05-05 20:40:32.926  INFO 92277 --- [Test worker] c.a.l.service.InvestEventServiceImpl     : Withdrew 0.07431993664836144 for expenses from Investment ID: 2
2025-05-05 20:40:32.926  INFO 92277 --- [Test worker] c.a.l.service.InvestEventServiceImpl     : Total expenses withdrawn this year: 0.235933295435092945
2025-05-05 20:40:32.976  INFO 92277 --- [Test worker] c.a.l.service.InvestEventServiceImpl     : Withdrew 0.03974746513513641 for expenses from Investment ID: 3
2025-05-05 20:40:32.976  INFO 92277 --- [Test worker] c.a.l.service.InvestEventServiceImpl     : Withdrew 0.09761272699884749 for expenses from Investment ID: 4
2025-05-05 20:40:32.977  INFO 92277 --- [Test worker] c.a.l.service.InvestEventServiceImpl     : Withdrew 0.0818625159605356 for expenses from Investment ID: 5
2025-05-05 20:40:32.977  INFO 92277 --- [Test worker] c.a.l.service.InvestEventServiceImpl     : Withdrew 0.06930822148509523 for expenses from Investment ID: 2
2025-05-05 20:40:32.977  INFO 92277 --- [Test worker] c.a.l.service.InvestEventServiceImpl     : Total expenses withdrawn this year: 0.28853092957961473
2025-05-05 20:40:33.009  INFO 92277 --- [Test worker] c.a.l.service.InvestEventServiceImpl     : Withdrew 0.0462901905193091 for expenses from Investment ID: 3
2025-05-05 20:40:33.009  INFO 92277 --- [Test worker] c.a.l.service.InvestEventServiceImpl     : Withdrew 0.04460335864802941 for expenses from Investment ID: 4
2025-05-05 20:40:33.009  INFO 92277 --- [Test worker] c.a.l.service.InvestEventServiceImpl     : Withdrew 0.0826848708962642 for expenses from Investment ID: 5
2025-05-05 20:40:33.009  INFO 92277 --- [Test worker] c.a.l.service.InvestEventServiceImpl     : Withdrew 0.047398119993902546 for expenses from Investment ID: 2
2025-05-05 20:40:33.009  INFO 92277 --- [Test worker] c.a.l.service.InvestEventServiceImpl     : Total expenses withdrawn this year: 0.220976540057505256
2025-05-05 20:40:33.030  INFO 92277 --- [Test worker] c.a.l.service.InvestEventServiceImpl     : Withdrew 0.0413539527672464 for expenses from Investment ID: 3
2025-05-05 20:40:33.031  INFO 92277 --- [Test worker] c.a.l.service.InvestEventServiceImpl     : Withdrew 0.06534565274616196 for expenses from Investment ID: 4
2025-05-05 20:40:33.031  INFO 92277 --- [Test worker] c.a.l.service.InvestEventServiceImpl     : Withdrew 0.046779661844811866 for expenses from Investment ID: 5
2025-05-05 20:40:33.031  INFO 92277 --- [Test worker] c.a.l.service.InvestEventServiceImpl     : Withdrew 0.08011518767448783 for expenses from Investment ID: 2
2025-05-05 20:40:33.031  INFO 92277 --- [Test worker] c.a.l.service.InvestEventServiceImpl     : Total expenses withdrawn this year: 0.233594455032708056
2025-05-05 20:40:33.047  INFO 92277 --- [Test worker] c.a.l.service.InvestEventServiceImpl     : Withdrew 0.031461117501614254 for expenses from Investment ID: 3
2025-05-05 20:40:33.047  INFO 92277 --- [Test worker] c.a.l.service.InvestEventServiceImpl     : Withdrew 0.04332880870844895 for expenses from Investment ID: 4
2025-05-05 20:40:33.047  INFO 92277 --- [Test worker] c.a.l.service.InvestEventServiceImpl     : Withdrew 0.05880059193977187 for expenses from Investment ID: 5
2025-05-05 20:40:33.047  INFO 92277 --- [Test worker] c.a.l.service.InvestEventServiceImpl     : Withdrew 0.061101115077399515 for expenses from Investment ID: 2
2025-05-05 20:40:33.047  INFO 92277 --- [Test worker] c.a.l.service.InvestEventServiceImpl     : Total expenses withdrawn this year: 0.194691633227234589
2025-05-05 20:40:33.064  INFO 92277 --- [Test worker] c.a.l.service.InvestEventServiceImpl     : Withdrew 0.014255731229531759 for expenses from Investment ID: 3
2025-05-05 20:40:33.064  INFO 92277 --- [Test worker] c.a.l.service.InvestEventServiceImpl     : Withdrew 0.10071497240572762 for expenses from Investment ID: 4
2025-05-05 20:40:33.064  INFO 92277 --- [Test worker] c.a.l.service.InvestEventServiceImpl     : Withdrew 0.06735400873383454 for expenses from Investment ID: 5
2025-05-05 20:40:33.064  INFO 92277 --- [Test worker] c.a.l.service.InvestEventServiceImpl     : Withdrew 0.07570913390767571 for expenses from Investment ID: 2
2025-05-05 20:40:33.064  INFO 92277 --- [Test worker] c.a.l.service.InvestEventServiceImpl     : Total expenses withdrawn this year: 0.258033846276769629
2025-05-05 20:40:33.085  INFO 92277 --- [Test worker] c.a.l.service.InvestEventServiceImpl     : Withdrew 0.02716561167111661 for expenses from Investment ID: 3
2025-05-05 20:40:33.086  INFO 92277 --- [Test worker] c.a.l.service.InvestEventServiceImpl     : Withdrew 0.06137357662869015 for expenses from Investment ID: 4
2025-05-05 20:40:33.086  INFO 92277 --- [Test worker] c.a.l.service.InvestEventServiceImpl     : Withdrew 0.07378968961774478 for expenses from Investment ID: 5
2025-05-05 20:40:33.086  INFO 92277 --- [Test worker] c.a.l.service.InvestEventServiceImpl     : Withdrew 0.04232587514452204 for expenses from Investment ID: 2
2025-05-05 20:40:33.086  INFO 92277 --- [Test worker] c.a.l.service.InvestEventServiceImpl     : Total expenses withdrawn this year: 0.20465475306207358
2025-05-05 20:40:33.111  INFO 92277 --- [Test worker] c.a.l.service.InvestEventServiceImpl     : Withdrew 0.016186146788013334 for expenses from Investment ID: 3
2025-05-05 20:40:33.111  INFO 92277 --- [Test worker] c.a.l.service.InvestEventServiceImpl     : Withdrew 0.06699455670184386 for expenses from Investment ID: 4
2025-05-05 20:40:33.111  INFO 92277 --- [Test worker] c.a.l.service.InvestEventServiceImpl     : Withdrew 0.06760534533567508 for expenses from Investment ID: 5
2025-05-05 20:40:33.112  INFO 92277 --- [Test worker] c.a.l.service.InvestEventServiceImpl     : Withdrew 0.06770637057638142 for expenses from Investment ID: 2
2025-05-05 20:40:33.112  INFO 92277 --- [Test worker] c.a.l.service.InvestEventServiceImpl     : Total expenses withdrawn this year: 0.218492419401913694
2025-05-05 20:40:33.131  INFO 92277 --- [Test worker] c.a.l.service.InvestEventServiceImpl     : Withdrew 0.015019194925390736 for expenses from Investment ID: 3
2025-05-05 20:40:33.131  INFO 92277 --- [Test worker] c.a.l.service.InvestEventServiceImpl     : Withdrew 0.06569440693212851 for expenses from Investment ID: 4
2025-05-05 20:40:33.131  INFO 92277 --- [Test worker] c.a.l.service.InvestEventServiceImpl     : Withdrew 0.050966187528642265 for expenses from Investment ID: 5
2025-05-05 20:40:33.131  INFO 92277 --- [Test worker] c.a.l.service.InvestEventServiceImpl     : Withdrew 0.09130296518127447 for expenses from Investment ID: 2
2025-05-05 20:40:33.131  INFO 92277 --- [Test worker] c.a.l.service.InvestEventServiceImpl     : Total expenses withdrawn this year: 0.222982754567435981
2025-05-05 20:40:33.148  INFO 92277 --- [Test worker] c.a.l.service.InvestEventServiceImpl     : Withdrew 0.03303027255096113 for expenses from Investment ID: 3
2025-05-05 20:40:33.149  INFO 92277 --- [Test worker] c.a.l.service.InvestEventServiceImpl     : Withdrew 0.07498083741700831 for expenses from Investment ID: 4
2025-05-05 20:40:33.149  INFO 92277 --- [Test worker] c.a.l.service.InvestEventServiceImpl     : Withdrew 0.07481128388578219 for expenses from Investment ID: 5
2025-05-05 20:40:33.149  INFO 92277 --- [Test worker] c.a.l.service.InvestEventServiceImpl     : Withdrew 0.07413402621118706 for expenses from Investment ID: 2
2025-05-05 20:40:33.149  INFO 92277 --- [Test worker] c.a.l.service.InvestEventServiceImpl     : Total expenses withdrawn this year: 0.25695642006493869
2025-05-05 20:40:33.168  INFO 92277 --- [Test worker] c.a.l.service.InvestEventServiceImpl     : Withdrew 0.02151120653504709 for expenses from Investment ID: 3
2025-05-05 20:40:33.168  INFO 92277 --- [Test worker] c.a.l.service.InvestEventServiceImpl     : Withdrew 0.06018234777397778 for expenses from Investment ID: 4
2025-05-05 20:40:33.168  INFO 92277 --- [Test worker] c.a.l.service.InvestEventServiceImpl     : Withdrew 0.08985128883736189 for expenses from Investment ID: 5
2025-05-05 20:40:33.168  INFO 92277 --- [Test worker] c.a.l.service.InvestEventServiceImpl     : Withdrew 0.058948104067659775 for expenses from Investment ID: 2
2025-05-05 20:40:33.168  INFO 92277 --- [Test worker] c.a.l.service.InvestEventServiceImpl     : Total expenses withdrawn this year: 0.230492947214046535
2025-05-05 20:40:33.186  INFO 92277 --- [Test worker] c.a.l.service.InvestEventServiceImpl     : Withdrew 0.020357276273485027 for expenses from Investment ID: 3
2025-05-05 20:40:33.186  INFO 92277 --- [Test worker] c.a.l.service.InvestEventServiceImpl     : Withdrew 0.07066753470122968 for expenses from Investment ID: 4
2025-05-05 20:40:33.186  INFO 92277 --- [Test worker] c.a.l.service.InvestEventServiceImpl     : Withdrew 0.051422979572262675 for expenses from Investment ID: 5
2025-05-05 20:40:33.186  INFO 92277 --- [Test worker] c.a.l.service.InvestEventServiceImpl     : Withdrew 0.04782317401869647 for expenses from Investment ID: 2
2025-05-05 20:40:33.186  INFO 92277 --- [Test worker] c.a.l.service.InvestEventServiceImpl     : Total expenses withdrawn this year: 0.190270964565673852
2025-05-05 20:40:33.207  INFO 92277 --- [Test worker] c.a.l.service.InvestEventServiceImpl     : Withdrew 0.02000649556912748 for expenses from Investment ID: 3
2025-05-05 20:40:33.207  INFO 92277 --- [Test worker] c.a.l.service.InvestEventServiceImpl     : Withdrew 0.10332026831365339 for expenses from Investment ID: 4
2025-05-05 20:40:33.207  INFO 92277 --- [Test worker] c.a.l.service.InvestEventServiceImpl     : Withdrew 0.08321856033267315 for expenses from Investment ID: 5
2025-05-05 20:40:33.207  INFO 92277 --- [Test worker] c.a.l.service.InvestEventServiceImpl     : Withdrew 0.06495016912909428 for expenses from Investment ID: 2
2025-05-05 20:40:33.207  INFO 92277 --- [Test worker] c.a.l.service.InvestEventServiceImpl     : Total expenses withdrawn this year: 0.27149549334454830
2025-05-05 20:40:33.224  INFO 92277 --- [Test worker] c.a.l.service.InvestEventServiceImpl     : Withdrew 0.03558513386096206 for expenses from Investment ID: 3
2025-05-05 20:40:33.224  INFO 92277 --- [Test worker] c.a.l.service.InvestEventServiceImpl     : Withdrew 0.09763211505860347 for expenses from Investment ID: 4
2025-05-05 20:40:33.224  INFO 92277 --- [Test worker] c.a.l.service.InvestEventServiceImpl     : Withdrew 0.07009975357402111 for expenses from Investment ID: 5
2025-05-05 20:40:33.225  INFO 92277 --- [Test worker] c.a.l.service.InvestEventServiceImpl     : Withdrew 0.10685928994723543 for expenses from Investment ID: 2
2025-05-05 20:40:33.225  INFO 92277 --- [Test worker] c.a.l.service.InvestEventServiceImpl     : Total expenses withdrawn this year: 0.31017629244082207
2025-05-05 20:40:33.243  INFO 92277 --- [Test worker] c.a.l.service.InvestEventServiceImpl     : Withdrew 0.0313323592624374 for expenses from Investment ID: 3
2025-05-05 20:40:33.243  INFO 92277 --- [Test worker] c.a.l.service.InvestEventServiceImpl     : Withdrew 0.067351236313218 for expenses from Investment ID: 4
2025-05-05 20:40:33.243  INFO 92277 --- [Test worker] c.a.l.service.InvestEventServiceImpl     : Withdrew 0.013624591204746376 for expenses from Investment ID: 5
2025-05-05 20:40:33.243  INFO 92277 --- [Test worker] c.a.l.service.InvestEventServiceImpl     : Withdrew 0.03723678439739401 for expenses from Investment ID: 2
2025-05-05 20:40:33.243  INFO 92277 --- [Test worker] c.a.l.service.InvestEventServiceImpl     : Total expenses withdrawn this year: 0.149544971177795786
2025-05-05 20:40:33.264  INFO 92277 --- [Test worker] c.a.l.service.InvestEventServiceImpl     : Withdrew 0.040184800748661334 for expenses from Investment ID: 3
2025-05-05 20:40:33.264  INFO 92277 --- [Test worker] c.a.l.service.InvestEventServiceImpl     : Withdrew 0.06282871473406022 for expenses from Investment ID: 4
2025-05-05 20:40:33.264  INFO 92277 --- [Test worker] c.a.l.service.InvestEventServiceImpl     : Withdrew 0.09662053620335737 for expenses from Investment ID: 5
2025-05-05 20:40:33.264  INFO 92277 --- [Test worker] c.a.l.service.InvestEventServiceImpl     : Withdrew 0.08346918511321266 for expenses from Investment ID: 2
2025-05-05 20:40:33.264  INFO 92277 --- [Test worker] c.a.l.service.InvestEventServiceImpl     : Total expenses withdrawn this year: 0.283103236799291584
2025-05-05 20:40:33.281  INFO 92277 --- [Test worker] c.a.l.service.InvestEventServiceImpl     : Withdrew 0.04180818698287827 for expenses from Investment ID: 3
2025-05-05 20:40:33.281  INFO 92277 --- [Test worker] c.a.l.service.InvestEventServiceImpl     : Withdrew 0.0999584615956421 for expenses from Investment ID: 4
2025-05-05 20:40:33.281  INFO 92277 --- [Test worker] c.a.l.service.InvestEventServiceImpl     : Withdrew 0.07189835878618422 for expenses from Investment ID: 5
2025-05-05 20:40:33.281  INFO 92277 --- [Test worker] c.a.l.service.InvestEventServiceImpl     : Withdrew 0.06334692507245786 for expenses from Investment ID: 2
2025-05-05 20:40:33.281  INFO 92277 --- [Test worker] c.a.l.service.InvestEventServiceImpl     : Total expenses withdrawn this year: 0.27701193243716245
2025-05-05 20:40:33.298  INFO 92277 --- [Test worker] c.a.l.service.InvestEventServiceImpl     : Withdrew 0.034997573508672 for expenses from Investment ID: 3
2025-05-05 20:40:33.298  INFO 92277 --- [Test worker] c.a.l.service.InvestEventServiceImpl     : Withdrew 0.04686546311780473 for expenses from Investment ID: 4
2025-05-05 20:40:33.298  INFO 92277 --- [Test worker] c.a.l.service.InvestEventServiceImpl     : Withdrew 0.07720137529768993 for expenses from Investment ID: 5
2025-05-05 20:40:33.298  INFO 92277 --- [Test worker] c.a.l.service.InvestEventServiceImpl     : Withdrew 0.05350640561415625 for expenses from Investment ID: 2
2025-05-05 20:40:33.298  INFO 92277 --- [Test worker] c.a.l.service.InvestEventServiceImpl     : Total expenses withdrawn this year: 0.21257081753832291
2025-05-05 20:40:33.316  INFO 92277 --- [Test worker] c.a.l.service.InvestEventServiceImpl     : Withdrew 0.019718097215113348 for expenses from Investment ID: 3
2025-05-05 20:40:33.316  INFO 92277 --- [Test worker] c.a.l.service.InvestEventServiceImpl     : Withdrew 0.08155218574238378 for expenses from Investment ID: 4
2025-05-05 20:40:33.316  INFO 92277 --- [Test worker] c.a.l.service.InvestEventServiceImpl     : Withdrew 0.07300194229249779 for expenses from Investment ID: 5
2025-05-05 20:40:33.316  INFO 92277 --- [Test worker] c.a.l.service.InvestEventServiceImpl     : Withdrew 0.05413982169966726 for expenses from Investment ID: 2
2025-05-05 20:40:33.316  INFO 92277 --- [Test worker] c.a.l.service.InvestEventServiceImpl     : Total expenses withdrawn this year: 0.228412046949662178
2025-05-05 20:40:33.336  INFO 92277 --- [Test worker] c.a.l.service.InvestEventServiceImpl     : Withdrew 0.028311879291866328 for expenses from Investment ID: 3
2025-05-05 20:40:33.336  INFO 92277 --- [Test worker] c.a.l.service.InvestEventServiceImpl     : Withdrew 0.08432826198030471 for expenses from Investment ID: 4
2025-05-05 20:40:33.336  INFO 92277 --- [Test worker] c.a.l.service.InvestEventServiceImpl     : Withdrew 0.05897701312998281 for expenses from Investment ID: 5
2025-05-05 20:40:33.336  INFO 92277 --- [Test worker] c.a.l.service.InvestEventServiceImpl     : Withdrew 0.05500174628284857 for expenses from Investment ID: 2
2025-05-05 20:40:33.336  INFO 92277 --- [Test worker] c.a.l.service.InvestEventServiceImpl     : Total expenses withdrawn this year: 0.226618900685002418
2025-05-05 20:40:33.354  INFO 92277 --- [Test worker] c.a.l.service.InvestEventServiceImpl     : Withdrew 0.019176260926660582 for expenses from Investment ID: 3
2025-05-05 20:40:33.354  INFO 92277 --- [Test worker] c.a.l.service.InvestEventServiceImpl     : Withdrew 0.07485767132951276 for expenses from Investment ID: 4
2025-05-05 20:40:33.354  INFO 92277 --- [Test worker] c.a.l.service.InvestEventServiceImpl     : Withdrew 0.08342878496114517 for expenses from Investment ID: 5
2025-05-05 20:40:33.355  INFO 92277 --- [Test worker] c.a.l.service.InvestEventServiceImpl     : Withdrew 0.07415154967122364 for expenses from Investment ID: 2
2025-05-05 20:40:33.355  INFO 92277 --- [Test worker] c.a.l.service.InvestEventServiceImpl     : Total expenses withdrawn this year: 0.251614266888542152
2025-05-05 20:40:33.374  INFO 92277 --- [Test worker] c.a.l.service.InvestEventServiceImpl     : Withdrew 0.0325479520281943 for expenses from Investment ID: 3
2025-05-05 20:40:33.374  INFO 92277 --- [Test worker] c.a.l.service.InvestEventServiceImpl     : Withdrew 0.11265533660088599 for expenses from Investment ID: 4
2025-05-05 20:40:33.374  INFO 92277 --- [Test worker] c.a.l.service.InvestEventServiceImpl     : Withdrew 0.11116917022700447 for expenses from Investment ID: 5
2025-05-05 20:40:33.374  INFO 92277 --- [Test worker] c.a.l.service.InvestEventServiceImpl     : Withdrew 0.054390905893330226 for expenses from Investment ID: 2
2025-05-05 20:40:33.374  INFO 92277 --- [Test worker] c.a.l.service.InvestEventServiceImpl     : Total expenses withdrawn this year: 0.310763364749414986
2025-05-05 20:40:33.394  INFO 92277 --- [Test worker] c.a.l.service.InvestEventServiceImpl     : Withdrew 0.0173594391042522 for expenses from Investment ID: 3
2025-05-05 20:40:33.394  INFO 92277 --- [Test worker] c.a.l.service.InvestEventServiceImpl     : Withdrew 0.04033112797708148 for expenses from Investment ID: 4
2025-05-05 20:40:33.394  INFO 92277 --- [Test worker] c.a.l.service.InvestEventServiceImpl     : Withdrew 0.04019547764835792 for expenses from Investment ID: 5
2025-05-05 20:40:33.394  INFO 92277 --- [Test worker] c.a.l.service.InvestEventServiceImpl     : Withdrew 0.10487539225230072 for expenses from Investment ID: 2
2025-05-05 20:40:33.394  INFO 92277 --- [Test worker] c.a.l.service.InvestEventServiceImpl     : Total expenses withdrawn this year: 0.20276143698199232
2025-05-05 20:40:33.413  INFO 92277 --- [Test worker] c.a.l.service.InvestEventServiceImpl     : Withdrew 0.01168627445392278 for expenses from Investment ID: 3
2025-05-05 20:40:33.413  INFO 92277 --- [Test worker] c.a.l.service.InvestEventServiceImpl     : Withdrew 0.04013650348653855 for expenses from Investment ID: 4
2025-05-05 20:40:33.413  INFO 92277 --- [Test worker] c.a.l.service.InvestEventServiceImpl     : Withdrew 0.05721858597400128 for expenses from Investment ID: 5
2025-05-05 20:40:33.413  INFO 92277 --- [Test worker] c.a.l.service.InvestEventServiceImpl     : Withdrew 0.06980852671564124 for expenses from Investment ID: 2
2025-05-05 20:40:33.413  INFO 92277 --- [Test worker] c.a.l.service.InvestEventServiceImpl     : Total expenses withdrawn this year: 0.17884989063010385
2025-05-05 20:40:33.431  INFO 92277 --- [Test worker] c.a.l.service.InvestEventServiceImpl     : Withdrew 0.028045184181108712 for expenses from Investment ID: 3
2025-05-05 20:40:33.431  INFO 92277 --- [Test worker] c.a.l.service.InvestEventServiceImpl     : Withdrew 0.06984058443185379 for expenses from Investment ID: 4
2025-05-05 20:40:33.431  INFO 92277 --- [Test worker] c.a.l.service.InvestEventServiceImpl     : Withdrew 0.07923789828470115 for expenses from Investment ID: 5
2025-05-05 20:40:33.431  INFO 92277 --- [Test worker] c.a.l.service.InvestEventServiceImpl     : Withdrew 0.027308596562548755 for expenses from Investment ID: 2
2025-05-05 20:40:33.431  INFO 92277 --- [Test worker] c.a.l.service.InvestEventServiceImpl     : Total expenses withdrawn this year: 0.204432263460212407
2025-05-05 20:40:33.450  INFO 92277 --- [Test worker] c.a.l.service.InvestEventServiceImpl     : Withdrew 0.04375892010795288 for expenses from Investment ID: 3
2025-05-05 20:40:33.450  INFO 92277 --- [Test worker] c.a.l.service.InvestEventServiceImpl     : Withdrew 0.03073901593727339 for expenses from Investment ID: 4
2025-05-05 20:40:33.450  INFO 92277 --- [Test worker] c.a.l.service.InvestEventServiceImpl     : Withdrew 0.061512993608693764 for expenses from Investment ID: 5
2025-05-05 20:40:33.450  INFO 92277 --- [Test worker] c.a.l.service.InvestEventServiceImpl     : Withdrew 0.05681560300210107 for expenses from Investment ID: 2
2025-05-05 20:40:33.450  INFO 92277 --- [Test worker] c.a.l.service.InvestEventServiceImpl     : Total expenses withdrawn this year: 0.192826532656021104
2025-05-05 20:40:33.468  INFO 92277 --- [Test worker] c.a.l.service.InvestEventServiceImpl     : Withdrew 0.029078739560287385 for expenses from Investment ID: 3
2025-05-05 20:40:33.468  INFO 92277 --- [Test worker] c.a.l.service.InvestEventServiceImpl     : Withdrew 0.061215686514779766 for expenses from Investment ID: 4
2025-05-05 20:40:33.468  INFO 92277 --- [Test worker] c.a.l.service.InvestEventServiceImpl     : Withdrew 0.06427288163199922 for expenses from Investment ID: 5
2025-05-05 20:40:33.468  INFO 92277 --- [Test worker] c.a.l.service.InvestEventServiceImpl     : Withdrew 0.08607033877578645 for expenses from Investment ID: 2
2025-05-05 20:40:33.468  INFO 92277 --- [Test worker] c.a.l.service.InvestEventServiceImpl     : Total expenses withdrawn this year: 0.240637646482852821
2025-05-05 20:40:33.491  INFO 92277 --- [Test worker] c.a.l.service.InvestEventServiceImpl     : Withdrew 0.04439437437905798 for expenses from Investment ID: 3
2025-05-05 20:40:33.492  INFO 92277 --- [Test worker] c.a.l.service.InvestEventServiceImpl     : Withdrew 0.06359378969549126 for expenses from Investment ID: 4
2025-05-05 20:40:33.492  INFO 92277 --- [Test worker] c.a.l.service.InvestEventServiceImpl     : Withdrew 0.06793039269898159 for expenses from Investment ID: 5
2025-05-05 20:40:33.492  INFO 92277 --- [Test worker] c.a.l.service.InvestEventServiceImpl     : Withdrew 0.09604563466912089 for expenses from Investment ID: 2
2025-05-05 20:40:33.492  INFO 92277 --- [Test worker] c.a.l.service.InvestEventServiceImpl     : Total expenses withdrawn this year: 0.27196419144265172
2025-05-05 20:40:33.511  INFO 92277 --- [Test worker] c.a.l.service.InvestEventServiceImpl     : Withdrew 0.040477772767844374 for expenses from Investment ID: 3
2025-05-05 20:40:33.511  INFO 92277 --- [Test worker] c.a.l.service.InvestEventServiceImpl     : Withdrew 0.08070652510045251 for expenses from Investment ID: 4
2025-05-05 20:40:33.511  INFO 92277 --- [Test worker] c.a.l.service.InvestEventServiceImpl     : Withdrew 0.07250347266044664 for expenses from Investment ID: 5
2025-05-05 20:40:33.511  INFO 92277 --- [Test worker] c.a.l.service.InvestEventServiceImpl     : Withdrew 0.07721411733271749 for expenses from Investment ID: 2
2025-05-05 20:40:33.511  INFO 92277 --- [Test worker] c.a.l.service.InvestEventServiceImpl     : Total expenses withdrawn this year: 0.270901887861461014
2025-05-05 20:40:33.526  INFO 92277 --- [Test worker] c.a.l.service.InvestEventServiceImpl     : Withdrew 0.024461626588269485 for expenses from Investment ID: 3
2025-05-05 20:40:33.527  INFO 92277 --- [Test worker] c.a.l.service.InvestEventServiceImpl     : Withdrew 0.0905865813210543 for expenses from Investment ID: 4
2025-05-05 20:40:33.527  INFO 92277 --- [Test worker] c.a.l.service.InvestEventServiceImpl     : Withdrew 0.11246693746745622 for expenses from Investment ID: 5
2025-05-05 20:40:33.527  INFO 92277 --- [Test worker] c.a.l.service.InvestEventServiceImpl     : Withdrew 0.11074046592749501 for expenses from Investment ID: 2
2025-05-05 20:40:33.527  INFO 92277 --- [Test worker] c.a.l.service.InvestEventServiceImpl     : Total expenses withdrawn this year: 0.338255611304275015
2025-05-05 20:40:33.544  INFO 92277 --- [Test worker] c.a.l.service.InvestEventServiceImpl     : Withdrew 0.039480646864115815 for expenses from Investment ID: 3
2025-05-05 20:40:33.544  INFO 92277 --- [Test worker] c.a.l.service.InvestEventServiceImpl     : Withdrew 0.07971990132386063 for expenses from Investment ID: 4
2025-05-05 20:40:33.544  INFO 92277 --- [Test worker] c.a.l.service.InvestEventServiceImpl     : Withdrew 0.07288400246144097 for expenses from Investment ID: 5
2025-05-05 20:40:33.544  INFO 92277 --- [Test worker] c.a.l.service.InvestEventServiceImpl     : Withdrew 0.08281565447144433 for expenses from Investment ID: 2
2025-05-05 20:40:33.544  INFO 92277 --- [Test worker] c.a.l.service.InvestEventServiceImpl     : Total expenses withdrawn this year: 0.274900205120861745
2025-05-05 20:40:33.561  INFO 92277 --- [Test worker] c.a.l.service.InvestEventServiceImpl     : Withdrew 0.03710519741914391 for expenses from Investment ID: 3
2025-05-05 20:40:33.561  INFO 92277 --- [Test worker] c.a.l.service.InvestEventServiceImpl     : Withdrew 0.06833083690227483 for expenses from Investment ID: 4
2025-05-05 20:40:33.561  INFO 92277 --- [Test worker] c.a.l.service.InvestEventServiceImpl     : Withdrew 0.08649193638247207 for expenses from Investment ID: 5
2025-05-05 20:40:33.561  INFO 92277 --- [Test worker] c.a.l.service.InvestEventServiceImpl     : Withdrew 0.057102764619606734 for expenses from Investment ID: 2
2025-05-05 20:40:33.561  INFO 92277 --- [Test worker] c.a.l.service.InvestEventServiceImpl     : Total expenses withdrawn this year: 0.249030735323497544
2025-05-05 20:40:33.578  INFO 92277 --- [Test worker] c.a.l.service.InvestEventServiceImpl     : Withdrew 0.017232371426222224 for expenses from Investment ID: 3
2025-05-05 20:40:33.578  INFO 92277 --- [Test worker] c.a.l.service.InvestEventServiceImpl     : Withdrew 0.07731271595082911 for expenses from Investment ID: 4
2025-05-05 20:40:33.578  INFO 92277 --- [Test worker] c.a.l.service.InvestEventServiceImpl     : Withdrew 0.08852507797456284 for expenses from Investment ID: 5
2025-05-05 20:40:33.578  INFO 92277 --- [Test worker] c.a.l.service.InvestEventServiceImpl     : Withdrew 0.09986335290937397 for expenses from Investment ID: 2
2025-05-05 20:40:33.578  INFO 92277 --- [Test worker] c.a.l.service.InvestEventServiceImpl     : Total expenses withdrawn this year: 0.282933518260988144
2025-05-05 20:40:33.598  INFO 92277 --- [Test worker] c.a.l.service.InvestEventServiceImpl     : Withdrew 0.026146457918166253 for expenses from Investment ID: 3
2025-05-05 20:40:33.598  INFO 92277 --- [Test worker] c.a.l.service.InvestEventServiceImpl     : Withdrew 0.053978639023252326 for expenses from Investment ID: 4
2025-05-05 20:40:33.598  INFO 92277 --- [Test worker] c.a.l.service.InvestEventServiceImpl     : Withdrew 0.06522930186451475 for expenses from Investment ID: 5
2025-05-05 20:40:33.598  INFO 92277 --- [Test worker] c.a.l.service.InvestEventServiceImpl     : Withdrew 0.04687486679758693 for expenses from Investment ID: 2
2025-05-05 20:40:33.598  INFO 92277 --- [Test worker] c.a.l.service.InvestEventServiceImpl     : Total expenses withdrawn this year: 0.192229265603520259
2025-05-05 20:40:33.636  INFO 92277 --- [Test worker] c.a.l.service.InvestEventServiceImpl     : Withdrew 100.0 for expenses from Investment ID: 1
2025-05-05 20:40:33.636  INFO 92277 --- [Test worker] c.a.l.service.InvestEventServiceImpl     : Withdrew 2000.0 for expenses from Investment ID: 3
2025-05-05 20:40:33.636  INFO 92277 --- [Test worker] c.a.l.service.InvestEventServiceImpl     : Withdrew 10000.0 for expenses from Investment ID: 4
2025-05-05 20:40:33.637  INFO 92277 --- [Test worker] c.a.l.service.InvestEventServiceImpl     : Withdrew 2000.0 for expenses from Investment ID: 5
2025-05-05 20:40:33.637  INFO 92277 --- [Test worker] c.a.l.service.InvestEventServiceImpl     : Withdrew 10000.0 for expenses from Investment ID: 2
2025-05-05 20:40:33.637  INFO 92277 --- [Test worker] c.a.l.service.InvestEventServiceImpl     : Total expenses withdrawn this year: 24100.0
2025-05-05 20:40:33.661  INFO 92277 --- [Test worker] c.a.l.service.InvestEventServiceImpl     : Withdrew 0.03528640699565234 for expenses from Investment ID: 3
2025-05-05 20:40:33.661  INFO 92277 --- [Test worker] c.a.l.service.InvestEventServiceImpl     : Withdrew 0.07060467971527276 for expenses from Investment ID: 4
2025-05-05 20:40:33.661  INFO 92277 --- [Test worker] c.a.l.service.InvestEventServiceImpl     : Withdrew 0.09297977720511236 for expenses from Investment ID: 5
2025-05-05 20:40:33.661  INFO 92277 --- [Test worker] c.a.l.service.InvestEventServiceImpl     : Withdrew 0.039492342471087585 for expenses from Investment ID: 2
2025-05-05 20:40:33.661  INFO 92277 --- [Test worker] c.a.l.service.InvestEventServiceImpl     : Total expenses withdrawn this year: 0.238363206387125045
2025-05-05 20:40:33.680  INFO 92277 --- [Test worker] c.a.l.service.InvestEventServiceImpl     : Withdrew 0.034470472111862424 for expenses from Investment ID: 3
2025-05-05 20:40:33.680  INFO 92277 --- [Test worker] c.a.l.service.InvestEventServiceImpl     : Withdrew 0.04739614812583448 for expenses from Investment ID: 4
2025-05-05 20:40:33.680  INFO 92277 --- [Test worker] c.a.l.service.InvestEventServiceImpl     : Withdrew 0.06755530471019232 for expenses from Investment ID: 5
2025-05-05 20:40:33.680  INFO 92277 --- [Test worker] c.a.l.service.InvestEventServiceImpl     : Withdrew 0.06814400593139269 for expenses from Investment ID: 2
2025-05-05 20:40:33.680  INFO 92277 --- [Test worker] c.a.l.service.InvestEventServiceImpl     : Total expenses withdrawn this year: 0.217565930879281914
2025-05-05 20:40:33.698  INFO 92277 --- [Test worker] c.a.l.service.InvestEventServiceImpl     : Withdrew 0.015954513487312885 for expenses from Investment ID: 3
2025-05-05 20:40:33.698  INFO 92277 --- [Test worker] c.a.l.service.InvestEventServiceImpl     : Withdrew 0.06513416509825401 for expenses from Investment ID: 4
2025-05-05 20:40:33.698  INFO 92277 --- [Test worker] c.a.l.service.InvestEventServiceImpl     : Withdrew 0.07749480346117586 for expenses from Investment ID: 5
2025-05-05 20:40:33.698  INFO 92277 --- [Test worker] c.a.l.service.InvestEventServiceImpl     : Withdrew 0.06058615290284219 for expenses from Investment ID: 2
2025-05-05 20:40:33.698  INFO 92277 --- [Test worker] c.a.l.service.InvestEventServiceImpl     : Total expenses withdrawn this year: 0.219169634949584945
2025-05-05 20:40:33.715  INFO 92277 --- [Test worker] c.a.l.service.InvestEventServiceImpl     : Withdrew 0.011734884808861864 for expenses from Investment ID: 3
2025-05-05 20:40:33.715  INFO 92277 --- [Test worker] c.a.l.service.InvestEventServiceImpl     : Withdrew 0.04090740925444501 for expenses from Investment ID: 4
2025-05-05 20:40:33.715  INFO 92277 --- [Test worker] c.a.l.service.InvestEventServiceImpl     : Withdrew 0.09957922961881033 for expenses from Investment ID: 5
2025-05-05 20:40:33.715  INFO 92277 --- [Test worker] c.a.l.service.InvestEventServiceImpl     : Withdrew 0.0692330929930915 for expenses from Investment ID: 2
2025-05-05 20:40:33.715  INFO 92277 --- [Test worker] c.a.l.service.InvestEventServiceImpl     : Total expenses withdrawn this year: 0.221454616675208704
2025-05-05 20:40:33.732  INFO 92277 --- [Test worker] c.a.l.service.InvestEventServiceImpl     : Withdrew 0.0174509537064216 for expenses from Investment ID: 3
2025-05-05 20:40:33.732  INFO 92277 --- [Test worker] c.a.l.service.InvestEventServiceImpl     : Withdrew 0.09462474425760628 for expenses from Investment ID: 4
2025-05-05 20:40:33.732  INFO 92277 --- [Test worker] c.a.l.service.InvestEventServiceImpl     : Withdrew 0.08405576348946259 for expenses from Investment ID: 5
2025-05-05 20:40:33.732  INFO 92277 --- [Test worker] c.a.l.service.InvestEventServiceImpl     : Withdrew 0.1148768515256302 for expenses from Investment ID: 2
2025-05-05 20:40:33.732  INFO 92277 --- [Test worker] c.a.l.service.InvestEventServiceImpl     : Total expenses withdrawn this year: 0.31100831297912067
2025-05-05 20:40:33.748  INFO 92277 --- [Test worker] c.a.l.service.InvestEventServiceImpl     : Withdrew 0.02587677277553424 for expenses from Investment ID: 3
2025-05-05 20:40:33.749  INFO 92277 --- [Test worker] c.a.l.service.InvestEventServiceImpl     : Withdrew 0.03194460327823833 for expenses from Investment ID: 4
2025-05-05 20:40:33.749  INFO 92277 --- [Test worker] c.a.l.service.InvestEventServiceImpl     : Withdrew 0.06962793823596927 for expenses from Investment ID: 5
2025-05-05 20:40:33.749  INFO 92277 --- [Test worker] c.a.l.service.InvestEventServiceImpl     : Withdrew 0.06570957431023788 for expenses from Investment ID: 2
2025-05-05 20:40:33.749  INFO 92277 --- [Test worker] c.a.l.service.InvestEventServiceImpl     : Total expenses withdrawn this year: 0.19315888859997972
2025-05-05 20:40:33.766  INFO 92277 --- [Test worker] c.a.l.service.InvestEventServiceImpl     : Withdrew 0.01854001772395499 for expenses from Investment ID: 3
2025-05-05 20:40:33.766  INFO 92277 --- [Test worker] c.a.l.service.InvestEventServiceImpl     : Withdrew 0.09550698643255948 for expenses from Investment ID: 4
2025-05-05 20:40:33.766  INFO 92277 --- [Test worker] c.a.l.service.InvestEventServiceImpl     : Withdrew 0.00237207453694068 for expenses from Investment ID: 5
2025-05-05 20:40:33.766  INFO 92277 --- [Test worker] c.a.l.service.InvestEventServiceImpl     : Withdrew 0.10007654847234247 for expenses from Investment ID: 2
2025-05-05 20:40:33.766  INFO 92277 --- [Test worker] c.a.l.service.InvestEventServiceImpl     : Total expenses withdrawn this year: 0.21649562716579762
2025-05-05 20:40:33.782  INFO 92277 --- [Test worker] c.a.l.service.InvestEventServiceImpl     : Withdrew 0.033186865199589737 for expenses from Investment ID: 3
2025-05-05 20:40:33.782  INFO 92277 --- [Test worker] c.a.l.service.InvestEventServiceImpl     : Withdrew 0.0650826573232333 for expenses from Investment ID: 4
2025-05-05 20:40:33.782  INFO 92277 --- [Test worker] c.a.l.service.InvestEventServiceImpl     : Withdrew 0.049814307293104695 for expenses from Investment ID: 5
2025-05-05 20:40:33.782  INFO 92277 --- [Test worker] c.a.l.service.InvestEventServiceImpl     : Withdrew 0.06805586018028754 for expenses from Investment ID: 2
2025-05-05 20:40:33.782  INFO 92277 --- [Test worker] c.a.l.service.InvestEventServiceImpl     : Total expenses withdrawn this year: 0.216139689996215272
2025-05-05 20:40:33.798  INFO 92277 --- [Test worker] c.a.l.service.InvestEventServiceImpl     : Withdrew 0.03357563678234131 for expenses from Investment ID: 3
2025-05-05 20:40:33.798  INFO 92277 --- [Test worker] c.a.l.service.InvestEventServiceImpl     : Withdrew 0.040834602487578545 for expenses from Investment ID: 4
2025-05-05 20:40:33.798  INFO 92277 --- [Test worker] c.a.l.service.InvestEventServiceImpl     : Withdrew 0.07385380306795764 for expenses from Investment ID: 5
2025-05-05 20:40:33.798  INFO 92277 --- [Test worker] c.a.l.service.InvestEventServiceImpl     : Withdrew 0.10703755152298075 for expenses from Investment ID: 2
2025-05-05 20:40:33.798  INFO 92277 --- [Test worker] c.a.l.service.InvestEventServiceImpl     : Total expenses withdrawn this year: 0.255301593860858245
2025-05-05 20:40:33.815  INFO 92277 --- [Test worker] c.a.l.service.InvestEventServiceImpl     : Withdrew 0.0212258491705522 for expenses from Investment ID: 3
2025-05-05 20:40:33.815  INFO 92277 --- [Test worker] c.a.l.service.InvestEventServiceImpl     : Withdrew 0.04653430240844132 for expenses from Investment ID: 4
2025-05-05 20:40:33.815  INFO 92277 --- [Test worker] c.a.l.service.InvestEventServiceImpl     : Withdrew 0.03852937853216033 for expenses from Investment ID: 5
2025-05-05 20:40:33.815  INFO 92277 --- [Test worker] c.a.l.service.InvestEventServiceImpl     : Withdrew 0.1030588082513832 for expenses from Investment ID: 2
2025-05-05 20:40:33.815  INFO 92277 --- [Test worker] c.a.l.service.InvestEventServiceImpl     : Total expenses withdrawn this year: 0.20934833836253705
2025-05-05 20:40:33.833  INFO 92277 --- [Test worker] c.a.l.service.InvestEventServiceImpl     : Withdrew 0.04241231575746822 for expenses from Investment ID: 3
2025-05-05 20:40:33.833  INFO 92277 --- [Test worker] c.a.l.service.InvestEventServiceImpl     : Withdrew 0.09909808479956342 for expenses from Investment ID: 4
2025-05-05 20:40:33.833  INFO 92277 --- [Test worker] c.a.l.service.InvestEventServiceImpl     : Withdrew 0.042408477645626344 for expenses from Investment ID: 5
2025-05-05 20:40:33.833  INFO 92277 --- [Test worker] c.a.l.service.InvestEventServiceImpl     : Withdrew 0.04696692122819939 for expenses from Investment ID: 2
2025-05-05 20:40:33.833  INFO 92277 --- [Test worker] c.a.l.service.InvestEventServiceImpl     : Total expenses withdrawn this year: 0.230885799430857374
2025-05-05 20:40:33.849  INFO 92277 --- [Test worker] c.a.l.service.InvestEventServiceImpl     : Withdrew 0.04092874562790437 for expenses from Investment ID: 3
2025-05-05 20:40:33.849  INFO 92277 --- [Test worker] c.a.l.service.InvestEventServiceImpl     : Withdrew 0.06377532117061833 for expenses from Investment ID: 4
2025-05-05 20:40:33.849  INFO 92277 --- [Test worker] c.a.l.service.InvestEventServiceImpl     : Withdrew 0.08487567222133881 for expenses from Investment ID: 5
2025-05-05 20:40:33.849  INFO 92277 --- [Test worker] c.a.l.service.InvestEventServiceImpl     : Withdrew 0.029585686208296658 for expenses from Investment ID: 2
2025-05-05 20:40:33.849  INFO 92277 --- [Test worker] c.a.l.service.InvestEventServiceImpl     : Total expenses withdrawn this year: 0.219165425228158168
2025-05-05 20:40:33.865  INFO 92277 --- [Test worker] c.a.l.service.InvestEventServiceImpl     : Withdrew 0.03298472515974193 for expenses from Investment ID: 3
2025-05-05 20:40:33.866  INFO 92277 --- [Test worker] c.a.l.service.InvestEventServiceImpl     : Withdrew 0.08224241692256896 for expenses from Investment ID: 4
2025-05-05 20:40:33.866  INFO 92277 --- [Test worker] c.a.l.service.InvestEventServiceImpl     : Withdrew 0.06556190822747784 for expenses from Investment ID: 5
2025-05-05 20:40:33.866  INFO 92277 --- [Test worker] c.a.l.service.InvestEventServiceImpl     : Withdrew 0.1021739446623588 for expenses from Investment ID: 2
2025-05-05 20:40:33.866  INFO 92277 --- [Test worker] c.a.l.service.InvestEventServiceImpl     : Total expenses withdrawn this year: 0.28296299497214753
2025-05-05 20:40:33.884  INFO 92277 --- [Test worker] c.a.l.service.InvestEventServiceImpl     : Withdrew 0.014921615249747104 for expenses from Investment ID: 3
2025-05-05 20:40:33.884  INFO 92277 --- [Test worker] c.a.l.service.InvestEventServiceImpl     : Withdrew 0.09495686285753999 for expenses from Investment ID: 4
2025-05-05 20:40:33.884  INFO 92277 --- [Test worker] c.a.l.service.InvestEventServiceImpl     : Withdrew 0.0697449635070644 for expenses from Investment ID: 5
2025-05-05 20:40:33.884  INFO 92277 --- [Test worker] c.a.l.service.InvestEventServiceImpl     : Withdrew 0.09265519287596687 for expenses from Investment ID: 2
2025-05-05 20:40:33.884  INFO 92277 --- [Test worker] c.a.l.service.InvestEventServiceImpl     : Total expenses withdrawn this year: 0.272278634490318364
2025-05-05 20:40:33.903  INFO 92277 --- [Test worker] c.a.l.service.InvestEventServiceImpl     : Withdrew 0.021029578733876095 for expenses from Investment ID: 3
2025-05-05 20:40:33.903  INFO 92277 --- [Test worker] c.a.l.service.InvestEventServiceImpl     : Withdrew 0.07172929072031539 for expenses from Investment ID: 4
2025-05-05 20:40:33.903  INFO 92277 --- [Test worker] c.a.l.service.InvestEventServiceImpl     : Withdrew 0.06200728419343755 for expenses from Investment ID: 5
2025-05-05 20:40:33.903  INFO 92277 --- [Test worker] c.a.l.service.InvestEventServiceImpl     : Withdrew 0.09605265007308623 for expenses from Investment ID: 2
2025-05-05 20:40:33.903  INFO 92277 --- [Test worker] c.a.l.service.InvestEventServiceImpl     : Total expenses withdrawn this year: 0.250818803720715265
2025-05-05 20:40:33.920  INFO 92277 --- [Test worker] c.a.l.service.InvestEventServiceImpl     : Withdrew 0.02301332132732443 for expenses from Investment ID: 3
2025-05-05 20:40:33.920  INFO 92277 --- [Test worker] c.a.l.service.InvestEventServiceImpl     : Withdrew 0.04832255246434364 for expenses from Investment ID: 4
2025-05-05 20:40:33.920  INFO 92277 --- [Test worker] c.a.l.service.InvestEventServiceImpl     : Withdrew 0.07683118030787461 for expenses from Investment ID: 5
2025-05-05 20:40:33.920  INFO 92277 --- [Test worker] c.a.l.service.InvestEventServiceImpl     : Withdrew 0.05838578871621113 for expenses from Investment ID: 2
2025-05-05 20:40:33.920  INFO 92277 --- [Test worker] c.a.l.service.InvestEventServiceImpl     : Total expenses withdrawn this year: 0.20655284281575381
2025-05-05 20:40:33.938  INFO 92277 --- [Test worker] c.a.l.service.InvestEventServiceImpl     : Withdrew 0.013721183405604432 for expenses from Investment ID: 3
2025-05-05 20:40:33.938  INFO 92277 --- [Test worker] c.a.l.service.InvestEventServiceImpl     : Withdrew 0.0790370657313752 for expenses from Investment ID: 4
2025-05-05 20:40:33.938  INFO 92277 --- [Test worker] c.a.l.service.InvestEventServiceImpl     : Withdrew 0.059146194624179374 for expenses from Investment ID: 5
2025-05-05 20:40:33.938  INFO 92277 --- [Test worker] c.a.l.service.InvestEventServiceImpl     : Withdrew 0.06962267075896149 for expenses from Investment ID: 2
2025-05-05 20:40:33.938  INFO 92277 --- [Test worker] c.a.l.service.InvestEventServiceImpl     : Total expenses withdrawn this year: 0.221527114520120496
2025-05-05 20:40:33.954  INFO 92277 --- [Test worker] c.a.l.service.InvestEventServiceImpl     : Withdrew 0.03449429742722991 for expenses from Investment ID: 3
2025-05-05 20:40:33.954  INFO 92277 --- [Test worker] c.a.l.service.InvestEventServiceImpl     : Withdrew 0.06960551121351526 for expenses from Investment ID: 4
2025-05-05 20:40:33.954  INFO 92277 --- [Test worker] c.a.l.service.InvestEventServiceImpl     : Withdrew 0.05871412900527535 for expenses from Investment ID: 5
2025-05-05 20:40:33.954  INFO 92277 --- [Test worker] c.a.l.service.InvestEventServiceImpl     : Withdrew 0.09133476908289136 for expenses from Investment ID: 2
2025-05-05 20:40:33.954  INFO 92277 --- [Test worker] c.a.l.service.InvestEventServiceImpl     : Total expenses withdrawn this year: 0.25414870672891188
2025-05-05 20:40:33.970  INFO 92277 --- [Test worker] c.a.l.service.InvestEventServiceImpl     : Withdrew 0.03512045203390691 for expenses from Investment ID: 3
2025-05-05 20:40:33.970  INFO 92277 --- [Test worker] c.a.l.service.InvestEventServiceImpl     : Withdrew 0.055329750663239086 for expenses from Investment ID: 4
2025-05-05 20:40:33.970  INFO 92277 --- [Test worker] c.a.l.service.InvestEventServiceImpl     : Withdrew 0.06188625499742591 for expenses from Investment ID: 5
2025-05-05 20:40:33.970  INFO 92277 --- [Test worker] c.a.l.service.InvestEventServiceImpl     : Withdrew 0.04972100688442787 for expenses from Investment ID: 2
2025-05-05 20:40:33.971  INFO 92277 --- [Test worker] c.a.l.service.InvestEventServiceImpl     : Total expenses withdrawn this year: 0.202057464578999776
2025-05-05 20:40:33.989  INFO 92277 --- [Test worker] c.a.l.service.InvestEventServiceImpl     : Withdrew 0.02707589681351797 for expenses from Investment ID: 3
2025-05-05 20:40:33.989  INFO 92277 --- [Test worker] c.a.l.service.InvestEventServiceImpl     : Withdrew 0.08595147189149885 for expenses from Investment ID: 4
2025-05-05 20:40:33.989  INFO 92277 --- [Test worker] c.a.l.service.InvestEventServiceImpl     : Withdrew 0.10243456179267621 for expenses from Investment ID: 5
2025-05-05 20:40:33.989  INFO 92277 --- [Test worker] c.a.l.service.InvestEventServiceImpl     : Withdrew 0.05909620188212981 for expenses from Investment ID: 2
2025-05-05 20:40:33.989  INFO 92277 --- [Test worker] c.a.l.service.InvestEventServiceImpl     : Total expenses withdrawn this year: 0.27455813237982284
2025-05-05 20:40:34.021  INFO 92277 --- [Test worker] c.a.l.service.InvestEventServiceImpl     : Withdrew 0.026086072617850536 for expenses from Investment ID: 3
2025-05-05 20:40:34.021  INFO 92277 --- [Test worker] c.a.l.service.InvestEventServiceImpl     : Withdrew 0.10035535712221194 for expenses from Investment ID: 4
2025-05-05 20:40:34.021  INFO 92277 --- [Test worker] c.a.l.service.InvestEventServiceImpl     : Withdrew 0.06535575307892307 for expenses from Investment ID: 5
2025-05-05 20:40:34.021  INFO 92277 --- [Test worker] c.a.l.service.InvestEventServiceImpl     : Withdrew 0.04533513909485997 for expenses from Investment ID: 2
2025-05-05 20:40:34.021  INFO 92277 --- [Test worker] c.a.l.service.InvestEventServiceImpl     : Total expenses withdrawn this year: 0.237132321913845516
2025-05-05 20:40:34.038  INFO 92277 --- [Test worker] c.a.l.service.InvestEventServiceImpl     : Withdrew 0.02805034527998037 for expenses from Investment ID: 3
2025-05-05 20:40:34.038  INFO 92277 --- [Test worker] c.a.l.service.InvestEventServiceImpl     : Withdrew 0.030726560677637512 for expenses from Investment ID: 4
2025-05-05 20:40:34.038  INFO 92277 --- [Test worker] c.a.l.service.InvestEventServiceImpl     : Withdrew 0.07167566167711265 for expenses from Investment ID: 5
2025-05-05 20:40:34.038  INFO 92277 --- [Test worker] c.a.l.service.InvestEventServiceImpl     : Withdrew 0.07240107920256718 for expenses from Investment ID: 2
2025-05-05 20:40:34.038  INFO 92277 --- [Test worker] c.a.l.service.InvestEventServiceImpl     : Total expenses withdrawn this year: 0.202853646837297712
2025-05-05 20:40:34.060  INFO 92277 --- [Test worker] c.a.l.service.InvestEventServiceImpl     : Withdrew 0.03994033235222266 for expenses from Investment ID: 3
2025-05-05 20:40:34.060  INFO 92277 --- [Test worker] c.a.l.service.InvestEventServiceImpl     : Withdrew 0.02154040292244139 for expenses from Investment ID: 4
2025-05-05 20:40:34.060  INFO 92277 --- [Test worker] c.a.l.service.InvestEventServiceImpl     : Withdrew 0.11917005269180228 for expenses from Investment ID: 5
2025-05-05 20:40:34.060  INFO 92277 --- [Test worker] c.a.l.service.InvestEventServiceImpl     : Withdrew 0.06956317761137623 for expenses from Investment ID: 2
2025-05-05 20:40:34.060  INFO 92277 --- [Test worker] c.a.l.service.InvestEventServiceImpl     : Total expenses withdrawn this year: 0.25021396557784256
2025-05-05 20:40:34.082  INFO 92277 --- [Test worker] c.a.l.service.InvestEventServiceImpl     : Withdrew 0.022550481742127506 for expenses from Investment ID: 3
2025-05-05 20:40:34.082  INFO 92277 --- [Test worker] c.a.l.service.InvestEventServiceImpl     : Withdrew 0.06854317362094321 for expenses from Investment ID: 4
2025-05-05 20:40:34.082  INFO 92277 --- [Test worker] c.a.l.service.InvestEventServiceImpl     : Withdrew 0.09509524481316672 for expenses from Investment ID: 5
2025-05-05 20:40:34.082  INFO 92277 --- [Test worker] c.a.l.service.InvestEventServiceImpl     : Withdrew 0.08530557712459079 for expenses from Investment ID: 2
2025-05-05 20:40:34.082  INFO 92277 --- [Test worker] c.a.l.service.InvestEventServiceImpl     : Total expenses withdrawn this year: 0.271494477300828226
2025-05-05 20:40:34.106  INFO 92277 --- [Test worker] c.a.l.service.InvestEventServiceImpl     : Withdrew 0.040094716005020674 for expenses from Investment ID: 3
2025-05-05 20:40:34.106  INFO 92277 --- [Test worker] c.a.l.service.InvestEventServiceImpl     : Withdrew 0.07846571315590078 for expenses from Investment ID: 4
2025-05-05 20:40:34.106  INFO 92277 --- [Test worker] c.a.l.service.InvestEventServiceImpl     : Withdrew 0.0626530022845333 for expenses from Investment ID: 5
2025-05-05 20:40:34.106  INFO 92277 --- [Test worker] c.a.l.service.InvestEventServiceImpl     : Withdrew 0.07391374054144138 for expenses from Investment ID: 2
2025-05-05 20:40:34.106  INFO 92277 --- [Test worker] c.a.l.service.InvestEventServiceImpl     : Total expenses withdrawn this year: 0.255127171986896134
2025-05-05 20:40:34.123  INFO 92277 --- [Test worker] c.a.l.service.InvestEventServiceImpl     : Withdrew 0.023223437344633877 for expenses from Investment ID: 3
2025-05-05 20:40:34.123  INFO 92277 --- [Test worker] c.a.l.service.InvestEventServiceImpl     : Withdrew 0.039014542167851794 for expenses from Investment ID: 4
2025-05-05 20:40:34.123  INFO 92277 --- [Test worker] c.a.l.service.InvestEventServiceImpl     : Withdrew 0.0879563316718661 for expenses from Investment ID: 5
2025-05-05 20:40:34.123  INFO 92277 --- [Test worker] c.a.l.service.InvestEventServiceImpl     : Withdrew 0.07815156481004402 for expenses from Investment ID: 2
2025-05-05 20:40:34.123  INFO 92277 --- [Test worker] c.a.l.service.InvestEventServiceImpl     : Total expenses withdrawn this year: 0.228345875994395791
2025-05-05 20:40:34.143  INFO 92277 --- [Test worker] c.a.l.service.InvestEventServiceImpl     : Withdrew 0.02530227742383706 for expenses from Investment ID: 3
2025-05-05 20:40:34.143  INFO 92277 --- [Test worker] c.a.l.service.InvestEventServiceImpl     : Withdrew 0.04362198219594118 for expenses from Investment ID: 4
2025-05-05 20:40:34.143  INFO 92277 --- [Test worker] c.a.l.service.InvestEventServiceImpl     : Withdrew 0.051719101173031086 for expenses from Investment ID: 5
2025-05-05 20:40:34.143  INFO 92277 --- [Test worker] c.a.l.service.InvestEventServiceImpl     : Withdrew 0.09757128537708722 for expenses from Investment ID: 2
2025-05-05 20:40:34.143  INFO 92277 --- [Test worker] c.a.l.service.InvestEventServiceImpl     : Total expenses withdrawn this year: 0.218214646169896546
2025-05-05 20:40:34.164  INFO 92277 --- [Test worker] c.a.l.service.InvestEventServiceImpl     : Withdrew 0.03524478866157744 for expenses from Investment ID: 3
2025-05-05 20:40:34.164  INFO 92277 --- [Test worker] c.a.l.service.InvestEventServiceImpl     : Withdrew 0.0793304054587437 for expenses from Investment ID: 4
2025-05-05 20:40:34.164  INFO 92277 --- [Test worker] c.a.l.service.InvestEventServiceImpl     : Withdrew 0.04243415372614137 for expenses from Investment ID: 5
2025-05-05 20:40:34.164  INFO 92277 --- [Test worker] c.a.l.service.InvestEventServiceImpl     : Withdrew 0.054868014395992475 for expenses from Investment ID: 2
2025-05-05 20:40:34.164  INFO 92277 --- [Test worker] c.a.l.service.InvestEventServiceImpl     : Total expenses withdrawn this year: 0.211877362242454985
2025-05-05 20:40:34.182  INFO 92277 --- [Test worker] c.a.l.service.InvestEventServiceImpl     : Withdrew 0.03360528586357054 for expenses from Investment ID: 3
2025-05-05 20:40:34.182  INFO 92277 --- [Test worker] c.a.l.service.InvestEventServiceImpl     : Withdrew 0.10536289755594545 for expenses from Investment ID: 4
2025-05-05 20:40:34.182  INFO 92277 --- [Test worker] c.a.l.service.InvestEventServiceImpl     : Withdrew 0.04598070963444343 for expenses from Investment ID: 5
2025-05-05 20:40:34.182  INFO 92277 --- [Test worker] c.a.l.service.InvestEventServiceImpl     : Withdrew 0.062406496493954765 for expenses from Investment ID: 2
2025-05-05 20:40:34.182  INFO 92277 --- [Test worker] c.a.l.service.InvestEventServiceImpl     : Total expenses withdrawn this year: 0.247355389547914185
2025-05-05 20:40:34.201  INFO 92277 --- [Test worker] c.a.l.service.InvestEventServiceImpl     : Withdrew 0.04322545252874597 for expenses from Investment ID: 3
2025-05-05 20:40:34.201  INFO 92277 --- [Test worker] c.a.l.service.InvestEventServiceImpl     : Withdrew 0.0898235535104745 for expenses from Investment ID: 4
2025-05-05 20:40:34.201  INFO 92277 --- [Test worker] c.a.l.service.InvestEventServiceImpl     : Withdrew 0.07748484589546355 for expenses from Investment ID: 5
2025-05-05 20:40:34.201  INFO 92277 --- [Test worker] c.a.l.service.InvestEventServiceImpl     : Withdrew 0.046005520323669356 for expenses from Investment ID: 2
2025-05-05 20:40:34.201  INFO 92277 --- [Test worker] c.a.l.service.InvestEventServiceImpl     : Total expenses withdrawn this year: 0.256539372258353376
2025-05-05 20:40:34.222  INFO 92277 --- [Test worker] c.a.l.service.InvestEventServiceImpl     : Withdrew 0.03276085326261546 for expenses from Investment ID: 3
2025-05-05 20:40:34.222  INFO 92277 --- [Test worker] c.a.l.service.InvestEventServiceImpl     : Withdrew 0.08608512274929263 for expenses from Investment ID: 4
2025-05-05 20:40:34.222  INFO 92277 --- [Test worker] c.a.l.service.InvestEventServiceImpl     : Withdrew 0.06833217138235274 for expenses from Investment ID: 5
2025-05-05 20:40:34.222  INFO 92277 --- [Test worker] c.a.l.service.InvestEventServiceImpl     : Withdrew 0.07732202177821308 for expenses from Investment ID: 2
2025-05-05 20:40:34.222  INFO 92277 --- [Test worker] c.a.l.service.InvestEventServiceImpl     : Total expenses withdrawn this year: 0.26450016917247391
2025-05-05 20:40:34.240  INFO 92277 --- [Test worker] c.a.l.service.InvestEventServiceImpl     : Withdrew 0.02169297469518716 for expenses from Investment ID: 3
2025-05-05 20:40:34.240  INFO 92277 --- [Test worker] c.a.l.service.InvestEventServiceImpl     : Withdrew 0.054689684054081436 for expenses from Investment ID: 4
2025-05-05 20:40:34.240  INFO 92277 --- [Test worker] c.a.l.service.InvestEventServiceImpl     : Withdrew 0.09998195284828273 for expenses from Investment ID: 5
2025-05-05 20:40:34.240  INFO 92277 --- [Test worker] c.a.l.service.InvestEventServiceImpl     : Withdrew 0.08719602796656221 for expenses from Investment ID: 2
2025-05-05 20:40:34.240  INFO 92277 --- [Test worker] c.a.l.service.InvestEventServiceImpl     : Total expenses withdrawn this year: 0.263560639564113536
2025-05-05 20:40:34.257  INFO 92277 --- [Test worker] c.a.l.service.InvestEventServiceImpl     : Withdrew 0.03147522929356107 for expenses from Investment ID: 3
2025-05-05 20:40:34.257  INFO 92277 --- [Test worker] c.a.l.service.InvestEventServiceImpl     : Withdrew 0.04900055628789569 for expenses from Investment ID: 4
2025-05-05 20:40:34.257  INFO 92277 --- [Test worker] c.a.l.service.InvestEventServiceImpl     : Withdrew 0.07328573096558635 for expenses from Investment ID: 5
2025-05-05 20:40:34.257  INFO 92277 --- [Test worker] c.a.l.service.InvestEventServiceImpl     : Withdrew 0.08832984516607192 for expenses from Investment ID: 2
2025-05-05 20:40:34.257  INFO 92277 --- [Test worker] c.a.l.service.InvestEventServiceImpl     : Total expenses withdrawn this year: 0.24209136171311503
2025-05-05 20:40:34.275  INFO 92277 --- [Test worker] c.a.l.service.InvestEventServiceImpl     : Withdrew 0.035988408830330026 for expenses from Investment ID: 3
2025-05-05 20:40:34.275  INFO 92277 --- [Test worker] c.a.l.service.InvestEventServiceImpl     : Withdrew 0.041792893011614735 for expenses from Investment ID: 4
2025-05-05 20:40:34.275  INFO 92277 --- [Test worker] c.a.l.service.InvestEventServiceImpl     : Withdrew 0.07025661624953532 for expenses from Investment ID: 5
2025-05-05 20:40:34.275  INFO 92277 --- [Test worker] c.a.l.service.InvestEventServiceImpl     : Withdrew 0.041866857278312256 for expenses from Investment ID: 2
2025-05-05 20:40:34.275  INFO 92277 --- [Test worker] c.a.l.service.InvestEventServiceImpl     : Total expenses withdrawn this year: 0.189904775369792337
2025-05-05 20:40:34.295  INFO 92277 --- [Test worker] c.a.l.service.InvestEventServiceImpl     : Withdrew 0.03425521269874949 for expenses from Investment ID: 3
2025-05-05 20:40:34.295  INFO 92277 --- [Test worker] c.a.l.service.InvestEventServiceImpl     : Withdrew 0.06564201391289778 for expenses from Investment ID: 4
2025-05-05 20:40:34.295  INFO 92277 --- [Test worker] c.a.l.service.InvestEventServiceImpl     : Withdrew 0.07474856419812567 for expenses from Investment ID: 5
2025-05-05 20:40:34.295  INFO 92277 --- [Test worker] c.a.l.service.InvestEventServiceImpl     : Withdrew 0.07384736571959409 for expenses from Investment ID: 2
2025-05-05 20:40:34.295  INFO 92277 --- [Test worker] c.a.l.service.InvestEventServiceImpl     : Total expenses withdrawn this year: 0.24849315652936703
2025-05-05 20:40:34.315  INFO 92277 --- [Test worker] c.a.l.service.InvestEventServiceImpl     : Withdrew 0.016276767001377593 for expenses from Investment ID: 3
2025-05-05 20:40:34.316  INFO 92277 --- [Test worker] c.a.l.service.InvestEventServiceImpl     : Withdrew 0.08216025202336344 for expenses from Investment ID: 4
2025-05-05 20:40:34.316  INFO 92277 --- [Test worker] c.a.l.service.InvestEventServiceImpl     : Withdrew 0.06873220011960048 for expenses from Investment ID: 5
2025-05-05 20:40:34.316  INFO 92277 --- [Test worker] c.a.l.service.InvestEventServiceImpl     : Withdrew 0.0980368293781755 for expenses from Investment ID: 2
2025-05-05 20:40:34.316  INFO 92277 --- [Test worker] c.a.l.service.InvestEventServiceImpl     : Total expenses withdrawn this year: 0.265206048522517013
2025-05-05 20:40:34.334  INFO 92277 --- [Test worker] c.a.l.service.InvestEventServiceImpl     : Withdrew 0.0400674834748757 for expenses from Investment ID: 3
2025-05-05 20:40:34.334  INFO 92277 --- [Test worker] c.a.l.service.InvestEventServiceImpl     : Withdrew 0.06601148837323732 for expenses from Investment ID: 4
2025-05-05 20:40:34.334  INFO 92277 --- [Test worker] c.a.l.service.InvestEventServiceImpl     : Withdrew 0.06450379081724034 for expenses from Investment ID: 5
2025-05-05 20:40:34.334  INFO 92277 --- [Test worker] c.a.l.service.InvestEventServiceImpl     : Withdrew 0.09618472862224103 for expenses from Investment ID: 2
2025-05-05 20:40:34.334  INFO 92277 --- [Test worker] c.a.l.service.InvestEventServiceImpl     : Total expenses withdrawn this year: 0.26676749128759439
2025-05-05 20:40:34.352  INFO 92277 --- [Test worker] c.a.l.service.InvestEventServiceImpl     : Withdrew 0.03110001846328472 for expenses from Investment ID: 3
2025-05-05 20:40:34.352  INFO 92277 --- [Test worker] c.a.l.service.InvestEventServiceImpl     : Withdrew 0.08306315911204482 for expenses from Investment ID: 4
2025-05-05 20:40:34.352  INFO 92277 --- [Test worker] c.a.l.service.InvestEventServiceImpl     : Withdrew 0.06751212293924112 for expenses from Investment ID: 5
2025-05-05 20:40:34.352  INFO 92277 --- [Test worker] c.a.l.service.InvestEventServiceImpl     : Withdrew 0.06811789926844014 for expenses from Investment ID: 2
2025-05-05 20:40:34.352  INFO 92277 --- [Test worker] c.a.l.service.InvestEventServiceImpl     : Total expenses withdrawn this year: 0.24979319978301080
2025-05-05 20:40:34.423  INFO 92277 --- [Test worker] c.a.l.service.InvestEventServiceImpl     : Withdrew 0.02841453159716301 for expenses from Investment ID: 3
2025-05-05 20:40:34.423  INFO 92277 --- [Test worker] c.a.l.service.InvestEventServiceImpl     : Withdrew 0.05132694465349586 for expenses from Investment ID: 4
2025-05-05 20:40:34.423  INFO 92277 --- [Test worker] c.a.l.service.InvestEventServiceImpl     : Withdrew 0.06736700869955817 for expenses from Investment ID: 5
2025-05-05 20:40:34.423  INFO 92277 --- [Test worker] c.a.l.service.InvestEventServiceImpl     : Withdrew 0.053049130541337 for expenses from Investment ID: 2
2025-05-05 20:40:34.423  INFO 92277 --- [Test worker] c.a.l.service.InvestEventServiceImpl     : Total expenses withdrawn this year: 0.20015761549155404
2025-05-05 20:40:39.019  INFO 92277 --- [Test worker] .b.t.c.SpringBootTestContextBootstrapper : Neither @ContextConfiguration nor @ContextHierarchy found for test class [com.app.lifetimefinancialplanner.LifetimeFinancialPlannerApplicationTests], using SpringBootContextLoader
2025-05-05 20:40:39.019  INFO 92277 --- [Test worker] o.s.t.c.support.AbstractContextLoader    : Could not detect default resource locations for test class [com.app.lifetimefinancialplanner.LifetimeFinancialPlannerApplicationTests]: no resource found for suffixes {-context.xml, Context.groovy}.
2025-05-05 20:40:39.019  INFO 92277 --- [Test worker] t.c.s.AnnotationConfigContextLoaderUtils : Could not detect default configuration classes for test class [com.app.lifetimefinancialplanner.LifetimeFinancialPlannerApplicationTests]: LifetimeFinancialPlannerApplicationTests does not declare any static, non-private, non-final, nested classes annotated with @Configuration.
2025-05-05 20:40:39.021  INFO 92277 --- [Test worker] .b.t.c.SpringBootTestContextBootstrapper : Found @SpringBootConfiguration com.app.lifetimefinancialplanner.LifetimeFinancialPlannerApplication for test class com.app.lifetimefinancialplanner.LifetimeFinancialPlannerApplicationTests
2025-05-05 20:40:39.022  INFO 92277 --- [Test worker] .b.t.c.SpringBootTestContextBootstrapper : Loaded default TestExecutionListener class names from location [META-INF/spring.factories]: [org.springframework.boot.test.autoconfigure.restdocs.RestDocsTestExecutionListener, org.springframework.boot.test.autoconfigure.web.client.MockRestServiceServerResetTestExecutionListener, org.springframework.boot.test.autoconfigure.web.servlet.MockMvcPrintOnlyOnFailureTestExecutionListener, org.springframework.boot.test.autoconfigure.web.servlet.WebDriverTestExecutionListener, org.springframework.boot.test.autoconfigure.webservices.client.MockWebServiceServerTestExecutionListener, org.springframework.boot.test.mock.mockito.MockitoTestExecutionListener, org.springframework.boot.test.mock.mockito.ResetMocksTestExecutionListener, org.springframework.test.context.web.ServletTestExecutionListener, org.springframework.test.context.support.DirtiesContextBeforeModesTestExecutionListener, org.springframework.test.context.event.ApplicationEventsTestExecutionListener, org.springframework.test.context.support.DependencyInjectionTestExecutionListener, org.springframework.test.context.support.DirtiesContextTestExecutionListener, org.springframework.test.context.transaction.TransactionalTestExecutionListener, org.springframework.test.context.jdbc.SqlScriptsTestExecutionListener, org.springframework.test.context.event.EventPublishingTestExecutionListener]
2025-05-05 20:40:39.022  INFO 92277 --- [Test worker] .b.t.c.SpringBootTestContextBootstrapper : Using TestExecutionListeners: [org.springframework.test.context.web.ServletTestExecutionListener@31e430ce, org.springframework.test.context.support.DirtiesContextBeforeModesTestExecutionListener@3744469d, org.springframework.test.context.event.ApplicationEventsTestExecutionListener@620a33ea, org.springframework.boot.test.mock.mockito.MockitoTestExecutionListener@463cc6bc, org.springframework.boot.test.autoconfigure.SpringBootDependencyInjectionTestExecutionListener@56cefcf5, org.springframework.test.context.support.DirtiesContextTestExecutionListener@43ab281f, org.springframework.test.context.transaction.TransactionalTestExecutionListener@708dd6e3, org.springframework.test.context.jdbc.SqlScriptsTestExecutionListener@50a4e768, org.springframework.test.context.event.EventPublishingTestExecutionListener@71ac80dd, org.springframework.boot.test.autoconfigure.restdocs.RestDocsTestExecutionListener@6b5da527, org.springframework.boot.test.autoconfigure.web.client.MockRestServiceServerResetTestExecutionListener@75f94c61, org.springframework.boot.test.autoconfigure.web.servlet.MockMvcPrintOnlyOnFailureTestExecutionListener@2917a11, org.springframework.boot.test.autoconfigure.web.servlet.WebDriverTestExecutionListener@17aea8f6, org.springframework.boot.test.autoconfigure.webservices.client.MockWebServiceServerTestExecutionListener@11dc43b9, org.springframework.boot.test.mock.mockito.ResetMocksTestExecutionListener@2ef99fa7]
2025-05-05 20:40:39.033  INFO 92277 --- [Test worker] LifetimeFinancialPlannerApplicationTests : Starting LifetimeFinancialPlannerApplicationTests using Java 23.0.2 on MacBook-Pro.local with PID 92277 (started by seongminsohn in /Users/seongminsohn/Desktop/2025Spring/416/lifetime-financial-planner)
2025-05-05 20:40:39.033  INFO 92277 --- [Test worker] LifetimeFinancialPlannerApplicationTests : No active profile set, falling back to 1 default profile: "default"
2025-05-05 20:40:39.118  INFO 92277 --- [Test worker] .s.d.r.c.RepositoryConfigurationDelegate : Bootstrapping Spring Data JPA repositories in DEFAULT mode.
2025-05-05 20:40:39.126  INFO 92277 --- [Test worker] .s.d.r.c.RepositoryConfigurationDelegate : Finished Spring Data repository scanning in 8 ms. Found 11 JPA repository interfaces.
2025-05-05 20:40:39.138  WARN 92277 --- [Test worker] o.m.s.mapper.ClassPathMapperScanner      : No MyBatis mapper was found in '[com.app.lifetimefinancialplanner]' package. Please check your configuration.
2025-05-05 20:40:39.160  INFO 92277 --- [Test worker] com.zaxxer.hikari.HikariDataSource       : HikariPool-2 - Starting...
2025-05-05 20:40:39.375  INFO 92277 --- [Test worker] com.zaxxer.hikari.HikariDataSource       : HikariPool-2 - Start completed.
2025-05-05 20:40:39.387  INFO 92277 --- [Test worker] o.hibernate.jpa.internal.util.LogHelper  : HHH000204: Processing PersistenceUnitInfo [name: default]
2025-05-05 20:40:39.389  INFO 92277 --- [Test worker] org.hibernate.dialect.Dialect            : HHH000400: Using dialect: org.hibernate.dialect.Oracle10gDialect
2025-05-05 20:40:41.304  WARN 92277 --- [Test worker] o.h.t.s.i.ExceptionHandlerLoggedImpl     : GenerationTarget encountered exception accepting command : Error executing DDL "alter table simulation_year_expense_breakdown add constraint FK3ftiapvoyj13f22xjb28pc9tf foreign key (sim_year_id) references tbl_simulation_year" via JDBC Statement

org.hibernate.tool.schema.spi.CommandAcceptanceException: Error executing DDL "alter table simulation_year_expense_breakdown add constraint FK3ftiapvoyj13f22xjb28pc9tf foreign key (sim_year_id) references tbl_simulation_year" via JDBC Statement
	at org.hibernate.tool.schema.internal.exec.GenerationTargetToDatabase.accept(GenerationTargetToDatabase.java:67) ~[hibernate-core-5.6.15.Final.jar:5.6.15.Final]
	at org.hibernate.tool.schema.internal.AbstractSchemaMigrator.applySqlString(AbstractSchemaMigrator.java:581) ~[hibernate-core-5.6.15.Final.jar:5.6.15.Final]
	at org.hibernate.tool.schema.internal.AbstractSchemaMigrator.applySqlStrings(AbstractSchemaMigrator.java:526) ~[hibernate-core-5.6.15.Final.jar:5.6.15.Final]
	at org.hibernate.tool.schema.internal.AbstractSchemaMigrator.applyForeignKeys(AbstractSchemaMigrator.java:452) ~[hibernate-core-5.6.15.Final.jar:5.6.15.Final]
	at org.hibernate.tool.schema.internal.AbstractSchemaMigrator.performMigration(AbstractSchemaMigrator.java:263) ~[hibernate-core-5.6.15.Final.jar:5.6.15.Final]
	at org.hibernate.tool.schema.internal.AbstractSchemaMigrator.doMigration(AbstractSchemaMigrator.java:123) ~[hibernate-core-5.6.15.Final.jar:5.6.15.Final]
	at org.hibernate.tool.schema.spi.SchemaManagementToolCoordinator.performDatabaseAction(SchemaManagementToolCoordinator.java:196) ~[hibernate-core-5.6.15.Final.jar:5.6.15.Final]
	at org.hibernate.tool.schema.spi.SchemaManagementToolCoordinator.process(SchemaManagementToolCoordinator.java:85) ~[hibernate-core-5.6.15.Final.jar:5.6.15.Final]
	at org.hibernate.internal.SessionFactoryImpl.<init>(SessionFactoryImpl.java:335) ~[hibernate-core-5.6.15.Final.jar:5.6.15.Final]
	at org.hibernate.boot.internal.SessionFactoryBuilderImpl.build(SessionFactoryBuilderImpl.java:471) ~[hibernate-core-5.6.15.Final.jar:5.6.15.Final]
	at org.hibernate.jpa.boot.internal.EntityManagerFactoryBuilderImpl.build(EntityManagerFactoryBuilderImpl.java:1498) ~[hibernate-core-5.6.15.Final.jar:5.6.15.Final]
	at org.springframework.orm.jpa.vendor.SpringHibernateJpaPersistenceProvider.createContainerEntityManagerFactory(SpringHibernateJpaPersistenceProvider.java:58) ~[spring-orm-5.3.30.jar:5.3.30]
	at org.springframework.orm.jpa.LocalContainerEntityManagerFactoryBean.createNativeEntityManagerFactory(LocalContainerEntityManagerFactoryBean.java:365) ~[spring-orm-5.3.30.jar:5.3.30]
	at org.springframework.orm.jpa.AbstractEntityManagerFactoryBean.buildNativeEntityManagerFactory(AbstractEntityManagerFactoryBean.java:409) ~[spring-orm-5.3.30.jar:5.3.30]
	at org.springframework.orm.jpa.AbstractEntityManagerFactoryBean.afterPropertiesSet(AbstractEntityManagerFactoryBean.java:396) ~[spring-orm-5.3.30.jar:5.3.30]
	at org.springframework.orm.jpa.LocalContainerEntityManagerFactoryBean.afterPropertiesSet(LocalContainerEntityManagerFactoryBean.java:341) ~[spring-orm-5.3.30.jar:5.3.30]
	at org.springframework.beans.factory.support.AbstractAutowireCapableBeanFactory.invokeInitMethods(AbstractAutowireCapableBeanFactory.java:1863) ~[spring-beans-5.3.30.jar:5.3.30]
	at org.springframework.beans.factory.support.AbstractAutowireCapableBeanFactory.initializeBean(AbstractAutowireCapableBeanFactory.java:1800) ~[spring-beans-5.3.30.jar:5.3.30]
	at org.springframework.beans.factory.support.AbstractAutowireCapableBeanFactory.doCreateBean(AbstractAutowireCapableBeanFactory.java:620) ~[spring-beans-5.3.30.jar:5.3.30]
	at org.springframework.beans.factory.support.AbstractAutowireCapableBeanFactory.createBean(AbstractAutowireCapableBeanFactory.java:542) ~[spring-beans-5.3.30.jar:5.3.30]
	at org.springframework.beans.factory.support.AbstractBeanFactory.lambda$doGetBean$0(AbstractBeanFactory.java:335) ~[spring-beans-5.3.30.jar:5.3.30]
	at org.springframework.beans.factory.support.DefaultSingletonBeanRegistry.getSingleton(DefaultSingletonBeanRegistry.java:234) ~[spring-beans-5.3.30.jar:5.3.30]
	at org.springframework.beans.factory.support.AbstractBeanFactory.doGetBean(AbstractBeanFactory.java:333) ~[spring-beans-5.3.30.jar:5.3.30]
	at org.springframework.beans.factory.support.AbstractBeanFactory.getBean(AbstractBeanFactory.java:208) ~[spring-beans-5.3.30.jar:5.3.30]
	at org.springframework.context.support.AbstractApplicationContext.getBean(AbstractApplicationContext.java:1160) ~[spring-context-5.3.30.jar:5.3.30]
	at org.springframework.context.support.AbstractApplicationContext.finishBeanFactoryInitialization(AbstractApplicationContext.java:911) ~[spring-context-5.3.30.jar:5.3.30]
	at org.springframework.context.support.AbstractApplicationContext.refresh(AbstractApplicationContext.java:583) ~[spring-context-5.3.30.jar:5.3.30]
	at org.springframework.boot.SpringApplication.refresh(SpringApplication.java:731) ~[spring-boot-2.7.16.jar:2.7.16]
	at org.springframework.boot.SpringApplication.refreshContext(SpringApplication.java:408) ~[spring-boot-2.7.16.jar:2.7.16]
	at org.springframework.boot.SpringApplication.run(SpringApplication.java:307) ~[spring-boot-2.7.16.jar:2.7.16]
	at org.springframework.boot.test.context.SpringBootContextLoader.loadContext(SpringBootContextLoader.java:136) ~[spring-boot-test-2.7.16.jar:2.7.16]
	at org.springframework.test.context.cache.DefaultCacheAwareContextLoaderDelegate.loadContextInternal(DefaultCacheAwareContextLoaderDelegate.java:141) ~[spring-test-5.3.30.jar:5.3.30]
	at org.springframework.test.context.cache.DefaultCacheAwareContextLoaderDelegate.loadContext(DefaultCacheAwareContextLoaderDelegate.java:90) ~[spring-test-5.3.30.jar:5.3.30]
	at org.springframework.test.context.support.DefaultTestContext.getApplicationContext(DefaultTestContext.java:124) ~[spring-test-5.3.30.jar:5.3.30]
	at org.springframework.test.context.web.ServletTestExecutionListener.setUpRequestContextIfNecessary(ServletTestExecutionListener.java:190) ~[spring-test-5.3.30.jar:5.3.30]
	at org.springframework.test.context.web.ServletTestExecutionListener.prepareTestInstance(ServletTestExecutionListener.java:132) ~[spring-test-5.3.30.jar:5.3.30]
	at org.springframework.test.context.TestContextManager.prepareTestInstance(TestContextManager.java:248) ~[spring-test-5.3.30.jar:5.3.30]
	at org.springframework.test.context.junit.jupiter.SpringExtension.postProcessTestInstance(SpringExtension.java:138) ~[spring-test-5.3.30.jar:5.3.30]
	at org.junit.jupiter.engine.descriptor.ClassBasedTestDescriptor.lambda$invokeTestInstancePostProcessors$8(ClassBasedTestDescriptor.java:363) ~[junit-jupiter-engine-5.8.2.jar:5.8.2]
	at org.junit.jupiter.engine.descriptor.ClassBasedTestDescriptor.executeAndMaskThrowable(ClassBasedTestDescriptor.java:368) ~[junit-jupiter-engine-5.8.2.jar:5.8.2]
	at org.junit.jupiter.engine.descriptor.ClassBasedTestDescriptor.lambda$invokeTestInstancePostProcessors$9(ClassBasedTestDescriptor.java:363) ~[junit-jupiter-engine-5.8.2.jar:5.8.2]
	at java.base/java.util.stream.ReferencePipeline$3$1.accept(ReferencePipeline.java:215) ~[na:na]
	at java.base/java.util.stream.ReferencePipeline$2$1.accept(ReferencePipeline.java:197) ~[na:na]
	at java.base/java.util.ArrayList$ArrayListSpliterator.forEachRemaining(ArrayList.java:1709) ~[na:na]
	at java.base/java.util.stream.AbstractPipeline.copyInto(AbstractPipeline.java:570) ~[na:na]
	at java.base/java.util.stream.AbstractPipeline.wrapAndCopyInto(AbstractPipeline.java:560) ~[na:na]
	at java.base/java.util.stream.StreamSpliterators$WrappingSpliterator.forEachRemaining(StreamSpliterators.java:315) ~[na:na]
	at java.base/java.util.stream.Streams$ConcatSpliterator.forEachRemaining(Streams.java:735) ~[na:na]
	at java.base/java.util.stream.Streams$ConcatSpliterator.forEachRemaining(Streams.java:734) ~[na:na]
	at java.base/java.util.stream.ReferencePipeline$Head.forEach(ReferencePipeline.java:807) ~[na:na]
	at org.junit.jupiter.engine.descriptor.ClassBasedTestDescriptor.invokeTestInstancePostProcessors(ClassBasedTestDescriptor.java:362) ~[junit-jupiter-engine-5.8.2.jar:5.8.2]
	at org.junit.jupiter.engine.descriptor.ClassBasedTestDescriptor.lambda$instantiateAndPostProcessTestInstance$6(ClassBasedTestDescriptor.java:283) ~[junit-jupiter-engine-5.8.2.jar:5.8.2]
	at org.junit.platform.engine.support.hierarchical.ThrowableCollector.execute(ThrowableCollector.java:73) ~[junit-platform-engine-1.8.2.jar:1.8.2]
	at org.junit.jupiter.engine.descriptor.ClassBasedTestDescriptor.instantiateAndPostProcessTestInstance(ClassBasedTestDescriptor.java:282) ~[junit-jupiter-engine-5.8.2.jar:5.8.2]
	at org.junit.jupiter.engine.descriptor.ClassBasedTestDescriptor.lambda$testInstancesProvider$4(ClassBasedTestDescriptor.java:272) ~[junit-jupiter-engine-5.8.2.jar:5.8.2]
	at java.base/java.util.Optional.orElseGet(Optional.java:364) ~[na:na]
	at org.junit.jupiter.engine.descriptor.ClassBasedTestDescriptor.lambda$testInstancesProvider$5(ClassBasedTestDescriptor.java:271) ~[junit-jupiter-engine-5.8.2.jar:5.8.2]
	at org.junit.jupiter.engine.execution.TestInstancesProvider.getTestInstances(TestInstancesProvider.java:31) ~[junit-jupiter-engine-5.8.2.jar:5.8.2]
	at org.junit.jupiter.engine.descriptor.TestMethodTestDescriptor.lambda$prepare$0(TestMethodTestDescriptor.java:102) ~[junit-jupiter-engine-5.8.2.jar:5.8.2]
	at org.junit.platform.engine.support.hierarchical.ThrowableCollector.execute(ThrowableCollector.java:73) ~[junit-platform-engine-1.8.2.jar:1.8.2]
	at org.junit.jupiter.engine.descriptor.TestMethodTestDescriptor.prepare(TestMethodTestDescriptor.java:101) ~[junit-jupiter-engine-5.8.2.jar:5.8.2]
	at org.junit.jupiter.engine.descriptor.TestMethodTestDescriptor.prepare(TestMethodTestDescriptor.java:66) ~[junit-jupiter-engine-5.8.2.jar:5.8.2]
	at org.junit.platform.engine.support.hierarchical.NodeTestTask.lambda$prepare$2(NodeTestTask.java:123) ~[junit-platform-engine-1.8.2.jar:1.8.2]
	at org.junit.platform.engine.support.hierarchical.ThrowableCollector.execute(ThrowableCollector.java:73) ~[junit-platform-engine-1.8.2.jar:1.8.2]
	at org.junit.platform.engine.support.hierarchical.NodeTestTask.prepare(NodeTestTask.java:123) ~[junit-platform-engine-1.8.2.jar:1.8.2]
	at org.junit.platform.engine.support.hierarchical.NodeTestTask.execute(NodeTestTask.java:90) ~[junit-platform-engine-1.8.2.jar:1.8.2]
	at java.base/java.util.ArrayList.forEach(ArrayList.java:1597) ~[na:na]
	at org.junit.platform.engine.support.hierarchical.SameThreadHierarchicalTestExecutorService.invokeAll(SameThreadHierarchicalTestExecutorService.java:41) ~[junit-platform-engine-1.8.2.jar:1.8.2]
	at org.junit.platform.engine.support.hierarchical.NodeTestTask.lambda$executeRecursively$6(NodeTestTask.java:155) ~[junit-platform-engine-1.8.2.jar:1.8.2]
	at org.junit.platform.engine.support.hierarchical.ThrowableCollector.execute(ThrowableCollector.java:73) ~[junit-platform-engine-1.8.2.jar:1.8.2]
	at org.junit.platform.engine.support.hierarchical.NodeTestTask.lambda$executeRecursively$8(NodeTestTask.java:141) ~[junit-platform-engine-1.8.2.jar:1.8.2]
	at org.junit.platform.engine.support.hierarchical.Node.around(Node.java:137) ~[junit-platform-engine-1.8.2.jar:1.8.2]
	at org.junit.platform.engine.support.hierarchical.NodeTestTask.lambda$executeRecursively$9(NodeTestTask.java:139) ~[junit-platform-engine-1.8.2.jar:1.8.2]
	at org.junit.platform.engine.support.hierarchical.ThrowableCollector.execute(ThrowableCollector.java:73) ~[junit-platform-engine-1.8.2.jar:1.8.2]
	at org.junit.platform.engine.support.hierarchical.NodeTestTask.executeRecursively(NodeTestTask.java:138) ~[junit-platform-engine-1.8.2.jar:1.8.2]
	at org.junit.platform.engine.support.hierarchical.NodeTestTask.execute(NodeTestTask.java:95) ~[junit-platform-engine-1.8.2.jar:1.8.2]
	at java.base/java.util.ArrayList.forEach(ArrayList.java:1597) ~[na:na]
	at org.junit.platform.engine.support.hierarchical.SameThreadHierarchicalTestExecutorService.invokeAll(SameThreadHierarchicalTestExecutorService.java:41) ~[junit-platform-engine-1.8.2.jar:1.8.2]
	at org.junit.platform.engine.support.hierarchical.NodeTestTask.lambda$executeRecursively$6(NodeTestTask.java:155) ~[junit-platform-engine-1.8.2.jar:1.8.2]
	at org.junit.platform.engine.support.hierarchical.ThrowableCollector.execute(ThrowableCollector.java:73) ~[junit-platform-engine-1.8.2.jar:1.8.2]
	at org.junit.platform.engine.support.hierarchical.NodeTestTask.lambda$executeRecursively$8(NodeTestTask.java:141) ~[junit-platform-engine-1.8.2.jar:1.8.2]
	at org.junit.platform.engine.support.hierarchical.Node.around(Node.java:137) ~[junit-platform-engine-1.8.2.jar:1.8.2]
	at org.junit.platform.engine.support.hierarchical.NodeTestTask.lambda$executeRecursively$9(NodeTestTask.java:139) ~[junit-platform-engine-1.8.2.jar:1.8.2]
	at org.junit.platform.engine.support.hierarchical.ThrowableCollector.execute(ThrowableCollector.java:73) ~[junit-platform-engine-1.8.2.jar:1.8.2]
	at org.junit.platform.engine.support.hierarchical.NodeTestTask.executeRecursively(NodeTestTask.java:138) ~[junit-platform-engine-1.8.2.jar:1.8.2]
	at org.junit.platform.engine.support.hierarchical.NodeTestTask.execute(NodeTestTask.java:95) ~[junit-platform-engine-1.8.2.jar:1.8.2]
	at org.junit.platform.engine.support.hierarchical.SameThreadHierarchicalTestExecutorService.submit(SameThreadHierarchicalTestExecutorService.java:35) ~[junit-platform-engine-1.8.2.jar:1.8.2]
	at org.junit.platform.engine.support.hierarchical.HierarchicalTestExecutor.execute(HierarchicalTestExecutor.java:57) ~[junit-platform-engine-1.8.2.jar:1.8.2]
	at org.junit.platform.engine.support.hierarchical.HierarchicalTestEngine.execute(HierarchicalTestEngine.java:54) ~[junit-platform-engine-1.8.2.jar:1.8.2]
	at org.junit.platform.launcher.core.EngineExecutionOrchestrator.execute(EngineExecutionOrchestrator.java:107) ~[junit-platform-launcher-1.8.2.jar:1.8.2]
	at org.junit.platform.launcher.core.EngineExecutionOrchestrator.execute(EngineExecutionOrchestrator.java:88) ~[junit-platform-launcher-1.8.2.jar:1.8.2]
	at org.junit.platform.launcher.core.EngineExecutionOrchestrator.lambda$execute$0(EngineExecutionOrchestrator.java:54) ~[junit-platform-launcher-1.8.2.jar:1.8.2]
	at org.junit.platform.launcher.core.EngineExecutionOrchestrator.withInterceptedStreams(EngineExecutionOrchestrator.java:67) ~[junit-platform-launcher-1.8.2.jar:1.8.2]
	at org.junit.platform.launcher.core.EngineExecutionOrchestrator.execute(EngineExecutionOrchestrator.java:52) ~[junit-platform-launcher-1.8.2.jar:1.8.2]
	at org.junit.platform.launcher.core.DefaultLauncher.execute(DefaultLauncher.java:114) ~[junit-platform-launcher-1.8.2.jar:1.8.2]
	at org.junit.platform.launcher.core.DefaultLauncher.execute(DefaultLauncher.java:86) ~[junit-platform-launcher-1.8.2.jar:1.8.2]
	at org.junit.platform.launcher.core.DefaultLauncherSession$DelegatingLauncher.execute(DefaultLauncherSession.java:86) ~[junit-platform-launcher-1.8.2.jar:1.8.2]
	at org.gradle.api.internal.tasks.testing.junitplatform.JUnitPlatformTestClassProcessor$CollectAllTestClassesExecutor.processAllTestClasses(JUnitPlatformTestClassProcessor.java:124) ~[na:na]
	at org.gradle.api.internal.tasks.testing.junitplatform.JUnitPlatformTestClassProcessor$CollectAllTestClassesExecutor.access$000(JUnitPlatformTestClassProcessor.java:99) ~[na:na]
	at org.gradle.api.internal.tasks.testing.junitplatform.JUnitPlatformTestClassProcessor.stop(JUnitPlatformTestClassProcessor.java:94) ~[na:na]
	at org.gradle.api.internal.tasks.testing.SuiteTestClassProcessor.stop(SuiteTestClassProcessor.java:63) ~[na:na]
	at java.base/jdk.internal.reflect.DirectMethodHandleAccessor.invoke(DirectMethodHandleAccessor.java:103) ~[na:na]
	at java.base/java.lang.reflect.Method.invoke(Method.java:580) ~[na:na]
	at org.gradle.internal.dispatch.ReflectionDispatch.dispatch(ReflectionDispatch.java:36) ~[na:na]
	at org.gradle.internal.dispatch.ReflectionDispatch.dispatch(ReflectionDispatch.java:24) ~[na:na]
	at org.gradle.internal.dispatch.ContextClassLoaderDispatch.dispatch(ContextClassLoaderDispatch.java:33) ~[na:na]
	at org.gradle.internal.dispatch.ProxyDispatchAdapter$DispatchingInvocationHandler.invoke(ProxyDispatchAdapter.java:92) ~[na:na]
	at jdk.proxy2/jdk.proxy2.$Proxy6.stop(Unknown Source) ~[na:na]
	at org.gradle.api.internal.tasks.testing.worker.TestWorker$3.run(TestWorker.java:200) ~[na:na]
	at org.gradle.api.internal.tasks.testing.worker.TestWorker.executeAndMaintainThreadName(TestWorker.java:132) ~[na:na]
	at org.gradle.api.internal.tasks.testing.worker.TestWorker.execute(TestWorker.java:103) ~[na:na]
	at org.gradle.api.internal.tasks.testing.worker.TestWorker.execute(TestWorker.java:63) ~[na:na]
	at org.gradle.process.internal.worker.child.ActionExecutionWorker.execute(ActionExecutionWorker.java:56) ~[na:na]
	at org.gradle.process.internal.worker.child.SystemApplicationClassLoaderWorker.call(SystemApplicationClassLoaderWorker.java:121) ~[na:na]
	at org.gradle.process.internal.worker.child.SystemApplicationClassLoaderWorker.call(SystemApplicationClassLoaderWorker.java:71) ~[na:na]
	at worker.org.gradle.process.internal.worker.GradleWorkerMain.run(GradleWorkerMain.java:69) ~[gradle-worker.jar:na]
	at worker.org.gradle.process.internal.worker.GradleWorkerMain.main(GradleWorkerMain.java:74) ~[gradle-worker.jar:na]
Caused by: java.sql.SQLIntegrityConstraintViolationException: ORA-02298: cannot validate (LFP.FK3FTIAPVOYJ13F22XJB28PC9TF) - parent keys not found

	at oracle.jdbc.driver.T4CTTIoer11.processError(T4CTTIoer11.java:630) ~[ojdbc8-21.5.0.0.jar:21.5.0.0.0]
	at oracle.jdbc.driver.T4CTTIoer11.processError(T4CTTIoer11.java:564) ~[ojdbc8-21.5.0.0.jar:21.5.0.0.0]
	at oracle.jdbc.driver.T4C8Oall.processError(T4C8Oall.java:1151) ~[ojdbc8-21.5.0.0.jar:21.5.0.0.0]
	at oracle.jdbc.driver.T4CTTIfun.receive(T4CTTIfun.java:771) ~[ojdbc8-21.5.0.0.jar:21.5.0.0.0]
	at oracle.jdbc.driver.T4CTTIfun.doRPC(T4CTTIfun.java:299) ~[ojdbc8-21.5.0.0.jar:21.5.0.0.0]
	at oracle.jdbc.driver.T4C8Oall.doOALL(T4C8Oall.java:498) ~[ojdbc8-21.5.0.0.jar:21.5.0.0.0]
	at oracle.jdbc.driver.T4CStatement.doOall8(T4CStatement.java:112) ~[ojdbc8-21.5.0.0.jar:21.5.0.0.0]
	at oracle.jdbc.driver.T4CStatement.executeForRows(T4CStatement.java:1011) ~[ojdbc8-21.5.0.0.jar:21.5.0.0.0]
	at oracle.jdbc.driver.OracleStatement.executeSQLStatement(OracleStatement.java:1531) ~[ojdbc8-21.5.0.0.jar:21.5.0.0.0]
	at oracle.jdbc.driver.OracleStatement.doExecuteWithTimeout(OracleStatement.java:1311) ~[ojdbc8-21.5.0.0.jar:21.5.0.0.0]
	at oracle.jdbc.driver.OracleStatement.executeInternal(OracleStatement.java:2163) ~[ojdbc8-21.5.0.0.jar:21.5.0.0.0]
	at oracle.jdbc.driver.OracleStatement.execute(OracleStatement.java:2118) ~[ojdbc8-21.5.0.0.jar:21.5.0.0.0]
	at oracle.jdbc.driver.OracleStatementWrapper.execute(OracleStatementWrapper.java:328) ~[ojdbc8-21.5.0.0.jar:21.5.0.0.0]
	at com.zaxxer.hikari.pool.ProxyStatement.execute(ProxyStatement.java:94) ~[HikariCP-4.0.3.jar:na]
	at com.zaxxer.hikari.pool.HikariProxyStatement.execute(HikariProxyStatement.java) ~[HikariCP-4.0.3.jar:na]
	at org.hibernate.tool.schema.internal.exec.GenerationTargetToDatabase.accept(GenerationTargetToDatabase.java:54) ~[hibernate-core-5.6.15.Final.jar:5.6.15.Final]
	... 116 common frames omitted
Caused by: oracle.jdbc.OracleDatabaseException: ORA-02298: cannot validate (LFP.FK3FTIAPVOYJ13F22XJB28PC9TF) - parent keys not found

	at oracle.jdbc.driver.T4CTTIoer11.processError(T4CTTIoer11.java:637) ~[ojdbc8-21.5.0.0.jar:21.5.0.0.0]
	... 131 common frames omitted

2025-05-05 20:40:41.729  INFO 92277 --- [Test worker] o.h.e.t.j.p.i.JtaPlatformInitiator       : HHH000490: Using JtaPlatform implementation: [org.hibernate.engine.transaction.jta.platform.internal.NoJtaPlatform]
2025-05-05 20:40:41.729  INFO 92277 --- [Test worker] j.LocalContainerEntityManagerFactoryBean : Initialized JPA EntityManagerFactory for persistence unit 'default'
2025-05-05 20:40:41.829  WARN 92277 --- [Test worker] o.mybatis.spring.SqlSessionFactoryBean   : Property 'mapperLocations' was specified but matching resources are not found.
2025-05-05 20:40:41.862  WARN 92277 --- [Test worker] JpaBaseConfiguration$JpaWebConfiguration : spring.jpa.open-in-view is enabled by default. Therefore, database queries may be performed during view rendering. Explicitly configure spring.jpa.open-in-view to disable this warning
2025-05-05 20:40:41.957  INFO 92277 --- [Test worker] LifetimeFinancialPlannerApplicationTests : Started LifetimeFinancialPlannerApplicationTests in 2.934 seconds (JVM running for 22.597)
2025-05-05 20:40:41.964  INFO 92277 --- [Test worker] .b.t.a.w.s.WebMvcTestContextBootstrapper : Neither @ContextConfiguration nor @ContextHierarchy found for test class [com.app.lifetimefinancialplanner.controller.UserControllerTest], using SpringBootContextLoader
2025-05-05 20:40:41.964  INFO 92277 --- [Test worker] o.s.t.c.support.AbstractContextLoader    : Could not detect default resource locations for test class [com.app.lifetimefinancialplanner.controller.UserControllerTest]: no resource found for suffixes {-context.xml, Context.groovy}.
2025-05-05 20:40:41.964  INFO 92277 --- [Test worker] t.c.s.AnnotationConfigContextLoaderUtils : Could not detect default configuration classes for test class [com.app.lifetimefinancialplanner.controller.UserControllerTest]: UserControllerTest does not declare any static, non-private, non-final, nested classes annotated with @Configuration.
2025-05-05 20:40:41.974  INFO 92277 --- [Test worker] .b.t.c.SpringBootTestContextBootstrapper : Found @SpringBootConfiguration com.app.lifetimefinancialplanner.LifetimeFinancialPlannerApplication for test class com.app.lifetimefinancialplanner.controller.UserControllerTest
2025-05-05 20:40:41.974  INFO 92277 --- [Test worker] .b.t.a.w.s.WebMvcTestContextBootstrapper : Loaded default TestExecutionListener class names from location [META-INF/spring.factories]: [org.springframework.boot.test.autoconfigure.restdocs.RestDocsTestExecutionListener, org.springframework.boot.test.autoconfigure.web.client.MockRestServiceServerResetTestExecutionListener, org.springframework.boot.test.autoconfigure.web.servlet.MockMvcPrintOnlyOnFailureTestExecutionListener, org.springframework.boot.test.autoconfigure.web.servlet.WebDriverTestExecutionListener, org.springframework.boot.test.autoconfigure.webservices.client.MockWebServiceServerTestExecutionListener, org.springframework.boot.test.mock.mockito.MockitoTestExecutionListener, org.springframework.boot.test.mock.mockito.ResetMocksTestExecutionListener, org.springframework.test.context.web.ServletTestExecutionListener, org.springframework.test.context.support.DirtiesContextBeforeModesTestExecutionListener, org.springframework.test.context.event.ApplicationEventsTestExecutionListener, org.springframework.test.context.support.DependencyInjectionTestExecutionListener, org.springframework.test.context.support.DirtiesContextTestExecutionListener, org.springframework.test.context.transaction.TransactionalTestExecutionListener, org.springframework.test.context.jdbc.SqlScriptsTestExecutionListener, org.springframework.test.context.event.EventPublishingTestExecutionListener]
2025-05-05 20:40:41.974  INFO 92277 --- [Test worker] .b.t.a.w.s.WebMvcTestContextBootstrapper : Using TestExecutionListeners: [org.springframework.test.context.web.ServletTestExecutionListener@59d4e18d, org.springframework.test.context.support.DirtiesContextBeforeModesTestExecutionListener@1bd1d9f0, org.springframework.test.context.event.ApplicationEventsTestExecutionListener@2965e8ce, org.springframework.boot.test.mock.mockito.MockitoTestExecutionListener@52635d0b, org.springframework.boot.test.autoconfigure.SpringBootDependencyInjectionTestExecutionListener@2c450643, org.springframework.test.context.support.DirtiesContextTestExecutionListener@39ce5462, org.springframework.test.context.transaction.TransactionalTestExecutionListener@3f6be80d, org.springframework.test.context.jdbc.SqlScriptsTestExecutionListener@77a871ee, org.springframework.test.context.event.EventPublishingTestExecutionListener@735b0646, org.springframework.boot.test.autoconfigure.restdocs.RestDocsTestExecutionListener@387d210b, org.springframework.boot.test.autoconfigure.web.client.MockRestServiceServerResetTestExecutionListener@58b68d89, org.springframework.boot.test.autoconfigure.web.servlet.MockMvcPrintOnlyOnFailureTestExecutionListener@6c25b070, org.springframework.boot.test.autoconfigure.web.servlet.WebDriverTestExecutionListener@47e7e284, org.springframework.boot.test.autoconfigure.webservices.client.MockWebServiceServerTestExecutionListener@1643f60a, org.springframework.boot.test.mock.mockito.ResetMocksTestExecutionListener@7af5eb8e]
2025-05-05 20:40:41.982  INFO 92277 --- [Test worker] c.a.l.controller.UserControllerTest      : Starting UserControllerTest using Java 23.0.2 on MacBook-Pro.local with PID 92277 (started by seongminsohn in /Users/seongminsohn/Desktop/2025Spring/416/lifetime-financial-planner)
2025-05-05 20:40:41.982  INFO 92277 --- [Test worker] c.a.l.controller.UserControllerTest      : No active profile set, falling back to 1 default profile: "default"
2025-05-05 20:40:42.096  INFO 92277 --- [Test worker] o.s.b.t.m.w.SpringBootMockServletContext : Initializing Spring TestDispatcherServlet ''
2025-05-05 20:40:42.096  INFO 92277 --- [Test worker] o.s.t.web.servlet.TestDispatcherServlet  : Initializing Servlet ''
2025-05-05 20:40:42.096  INFO 92277 --- [Test worker] o.s.t.web.servlet.TestDispatcherServlet  : Completed initialization in 0 ms
2025-05-05 20:40:42.099  INFO 92277 --- [Test worker] c.a.l.controller.UserControllerTest      : Started UserControllerTest in 0.124 seconds (JVM running for 22.739)
2025-05-05 20:40:42.216  INFO 92277 --- [Test worker] .b.t.c.SpringBootTestContextBootstrapper : Neither @ContextConfiguration nor @ContextHierarchy found for test class [com.app.lifetimefinancialplanner.service.UserServiceTest], using SpringBootContextLoader
2025-05-05 20:40:42.217  INFO 92277 --- [Test worker] o.s.t.c.support.AbstractContextLoader    : Could not detect default resource locations for test class [com.app.lifetimefinancialplanner.service.UserServiceTest]: no resource found for suffixes {-context.xml, Context.groovy}.
2025-05-05 20:40:42.217  INFO 92277 --- [Test worker] t.c.s.AnnotationConfigContextLoaderUtils : Could not detect default configuration classes for test class [com.app.lifetimefinancialplanner.service.UserServiceTest]: UserServiceTest does not declare any static, non-private, non-final, nested classes annotated with @Configuration.
2025-05-05 20:40:42.219  INFO 92277 --- [Test worker] .b.t.c.SpringBootTestContextBootstrapper : Found @SpringBootConfiguration com.app.lifetimefinancialplanner.LifetimeFinancialPlannerApplication for test class com.app.lifetimefinancialplanner.service.UserServiceTest
2025-05-05 20:40:42.219  INFO 92277 --- [Test worker] .b.t.c.SpringBootTestContextBootstrapper : Loaded default TestExecutionListener class names from location [META-INF/spring.factories]: [org.springframework.boot.test.autoconfigure.restdocs.RestDocsTestExecutionListener, org.springframework.boot.test.autoconfigure.web.client.MockRestServiceServerResetTestExecutionListener, org.springframework.boot.test.autoconfigure.web.servlet.MockMvcPrintOnlyOnFailureTestExecutionListener, org.springframework.boot.test.autoconfigure.web.servlet.WebDriverTestExecutionListener, org.springframework.boot.test.autoconfigure.webservices.client.MockWebServiceServerTestExecutionListener, org.springframework.boot.test.mock.mockito.MockitoTestExecutionListener, org.springframework.boot.test.mock.mockito.ResetMocksTestExecutionListener, org.springframework.test.context.web.ServletTestExecutionListener, org.springframework.test.context.support.DirtiesContextBeforeModesTestExecutionListener, org.springframework.test.context.event.ApplicationEventsTestExecutionListener, org.springframework.test.context.support.DependencyInjectionTestExecutionListener, org.springframework.test.context.support.DirtiesContextTestExecutionListener, org.springframework.test.context.transaction.TransactionalTestExecutionListener, org.springframework.test.context.jdbc.SqlScriptsTestExecutionListener, org.springframework.test.context.event.EventPublishingTestExecutionListener]
2025-05-05 20:40:42.220  INFO 92277 --- [Test worker] .b.t.c.SpringBootTestContextBootstrapper : Using TestExecutionListeners: [org.springframework.test.context.web.ServletTestExecutionListener@640247a6, org.springframework.test.context.support.DirtiesContextBeforeModesTestExecutionListener@78ba97dc, org.springframework.test.context.event.ApplicationEventsTestExecutionListener@45015dd6, org.springframework.boot.test.mock.mockito.MockitoTestExecutionListener@356c41fd, org.springframework.boot.test.autoconfigure.SpringBootDependencyInjectionTestExecutionListener@43a51f81, org.springframework.test.context.support.DirtiesContextTestExecutionListener@6f0d645e, org.springframework.test.context.transaction.TransactionalTestExecutionListener@20ad7b84, org.springframework.test.context.jdbc.SqlScriptsTestExecutionListener@7719a5c5, org.springframework.test.context.event.EventPublishingTestExecutionListener@1c2be5b0, org.springframework.boot.test.autoconfigure.restdocs.RestDocsTestExecutionListener@18805dff, org.springframework.boot.test.autoconfigure.web.client.MockRestServiceServerResetTestExecutionListener@533a6430, org.springframework.boot.test.autoconfigure.web.servlet.MockMvcPrintOnlyOnFailureTestExecutionListener@69b7d41f, org.springframework.boot.test.autoconfigure.web.servlet.WebDriverTestExecutionListener@2af2aafc, org.springframework.boot.test.autoconfigure.webservices.client.MockWebServiceServerTestExecutionListener@300775f8, org.springframework.boot.test.mock.mockito.ResetMocksTestExecutionListener@309c8c2c]
2025-05-05 20:40:42.223  INFO 92277 --- [Test worker] o.s.t.c.transaction.TransactionContext   : Began transaction (1) for test context [DefaultTestContext@74c99b88 testClass = UserServiceTest, testInstance = com.app.lifetimefinancialplanner.service.UserServiceTest@50195abf, testMethod = testLoginWithValidCredentials@UserServiceTest, testException = [null], mergedContextConfiguration = [WebMergedContextConfiguration@5c7b48c2 testClass = UserServiceTest, locations = '{}', classes = '{class com.app.lifetimefinancialplanner.LifetimeFinancialPlannerApplication}', contextInitializerClasses = '[]', activeProfiles = '{}', propertySourceLocations = '{}', propertySourceProperties = '{org.springframework.boot.test.context.SpringBootTestContextBootstrapper=true}', contextCustomizers = set[org.springframework.boot.test.autoconfigure.actuate.metrics.MetricsExportContextCustomizerFactory$DisableMetricExportContextCustomizer@129fed45, org.springframework.boot.test.autoconfigure.properties.PropertyMappingContextCustomizer@0, org.springframework.boot.test.autoconfigure.web.servlet.WebDriverContextCustomizerFactory$Customizer@3db663d0, org.springframework.boot.test.context.filter.ExcludeFilterContextCustomizer@47fbc56, org.springframework.boot.test.json.DuplicateJsonObjectContextCustomizerFactory$DuplicateJsonObjectContextCustomizer@3f628ce9, org.springframework.boot.test.mock.mockito.MockitoContextCustomizer@0, org.springframework.boot.test.web.client.TestRestTemplateContextCustomizer@b0fc838, org.springframework.boot.test.context.SpringBootTestArgs@1, org.springframework.boot.test.context.SpringBootTestWebEnvironment@751d3241], resourceBasePath = 'src/main/webapp', contextLoader = 'org.springframework.boot.test.context.SpringBootContextLoader', parent = [null]], attributes = map['org.springframework.test.context.web.ServletTestExecutionListener.activateListener' -> true, 'org.springframework.test.context.web.ServletTestExecutionListener.populatedRequestContextHolder' -> true, 'org.springframework.test.context.web.ServletTestExecutionListener.resetRequestContextHolder' -> true, 'org.springframework.test.context.event.ApplicationEventsTestExecutionListener.recordApplicationEvents' -> false]]; transaction manager [org.springframework.orm.jpa.JpaTransactionManager@122e623a]; rollback [true]
2025-05-05 20:40:42.321  INFO 92277 --- [Test worker] o.s.t.c.transaction.TransactionContext   : Rolled back transaction for test: [DefaultTestContext@74c99b88 testClass = UserServiceTest, testInstance = com.app.lifetimefinancialplanner.service.UserServiceTest@50195abf, testMethod = testLoginWithValidCredentials@UserServiceTest, testException = [null], mergedContextConfiguration = [WebMergedContextConfiguration@5c7b48c2 testClass = UserServiceTest, locations = '{}', classes = '{class com.app.lifetimefinancialplanner.LifetimeFinancialPlannerApplication}', contextInitializerClasses = '[]', activeProfiles = '{}', propertySourceLocations = '{}', propertySourceProperties = '{org.springframework.boot.test.context.SpringBootTestContextBootstrapper=true}', contextCustomizers = set[org.springframework.boot.test.autoconfigure.actuate.metrics.MetricsExportContextCustomizerFactory$DisableMetricExportContextCustomizer@129fed45, org.springframework.boot.test.autoconfigure.properties.PropertyMappingContextCustomizer@0, org.springframework.boot.test.autoconfigure.web.servlet.WebDriverContextCustomizerFactory$Customizer@3db663d0, org.springframework.boot.test.context.filter.ExcludeFilterContextCustomizer@47fbc56, org.springframework.boot.test.json.DuplicateJsonObjectContextCustomizerFactory$DuplicateJsonObjectContextCustomizer@3f628ce9, org.springframework.boot.test.mock.mockito.MockitoContextCustomizer@0, org.springframework.boot.test.web.client.TestRestTemplateContextCustomizer@b0fc838, org.springframework.boot.test.context.SpringBootTestArgs@1, org.springframework.boot.test.context.SpringBootTestWebEnvironment@751d3241], resourceBasePath = 'src/main/webapp', contextLoader = 'org.springframework.boot.test.context.SpringBootContextLoader', parent = [null]], attributes = map['org.springframework.test.context.web.ServletTestExecutionListener.activateListener' -> true, 'org.springframework.test.context.web.ServletTestExecutionListener.populatedRequestContextHolder' -> true, 'org.springframework.test.context.web.ServletTestExecutionListener.resetRequestContextHolder' -> true, 'org.springframework.test.context.event.ApplicationEventsTestExecutionListener.recordApplicationEvents' -> false]]
2025-05-05 20:40:42.323  INFO 92277 --- [Test worker] o.s.t.c.transaction.TransactionContext   : Began transaction (1) for test context [DefaultTestContext@74c99b88 testClass = UserServiceTest, testInstance = com.app.lifetimefinancialplanner.service.UserServiceTest@2f09e728, testMethod = testLoginWithInvalidCredentials@UserServiceTest, testException = [null], mergedContextConfiguration = [WebMergedContextConfiguration@5c7b48c2 testClass = UserServiceTest, locations = '{}', classes = '{class com.app.lifetimefinancialplanner.LifetimeFinancialPlannerApplication}', contextInitializerClasses = '[]', activeProfiles = '{}', propertySourceLocations = '{}', propertySourceProperties = '{org.springframework.boot.test.context.SpringBootTestContextBootstrapper=true}', contextCustomizers = set[org.springframework.boot.test.autoconfigure.actuate.metrics.MetricsExportContextCustomizerFactory$DisableMetricExportContextCustomizer@129fed45, org.springframework.boot.test.autoconfigure.properties.PropertyMappingContextCustomizer@0, org.springframework.boot.test.autoconfigure.web.servlet.WebDriverContextCustomizerFactory$Customizer@3db663d0, org.springframework.boot.test.context.filter.ExcludeFilterContextCustomizer@47fbc56, org.springframework.boot.test.json.DuplicateJsonObjectContextCustomizerFactory$DuplicateJsonObjectContextCustomizer@3f628ce9, org.springframework.boot.test.mock.mockito.MockitoContextCustomizer@0, org.springframework.boot.test.web.client.TestRestTemplateContextCustomizer@b0fc838, org.springframework.boot.test.context.SpringBootTestArgs@1, org.springframework.boot.test.context.SpringBootTestWebEnvironment@751d3241], resourceBasePath = 'src/main/webapp', contextLoader = 'org.springframework.boot.test.context.SpringBootContextLoader', parent = [null]], attributes = map['org.springframework.test.context.web.ServletTestExecutionListener.activateListener' -> true, 'org.springframework.test.context.web.ServletTestExecutionListener.populatedRequestContextHolder' -> true, 'org.springframework.test.context.web.ServletTestExecutionListener.resetRequestContextHolder' -> true, 'org.springframework.test.context.event.ApplicationEventsTestExecutionListener.recordApplicationEvents' -> false]]; transaction manager [org.springframework.orm.jpa.JpaTransactionManager@122e623a]; rollback [true]
2025-05-05 20:40:42.349  INFO 92277 --- [Test worker] o.s.t.c.transaction.TransactionContext   : Rolled back transaction for test: [DefaultTestContext@74c99b88 testClass = UserServiceTest, testInstance = com.app.lifetimefinancialplanner.service.UserServiceTest@2f09e728, testMethod = testLoginWithInvalidCredentials@UserServiceTest, testException = [null], mergedContextConfiguration = [WebMergedContextConfiguration@5c7b48c2 testClass = UserServiceTest, locations = '{}', classes = '{class com.app.lifetimefinancialplanner.LifetimeFinancialPlannerApplication}', contextInitializerClasses = '[]', activeProfiles = '{}', propertySourceLocations = '{}', propertySourceProperties = '{org.springframework.boot.test.context.SpringBootTestContextBootstrapper=true}', contextCustomizers = set[org.springframework.boot.test.autoconfigure.actuate.metrics.MetricsExportContextCustomizerFactory$DisableMetricExportContextCustomizer@129fed45, org.springframework.boot.test.autoconfigure.properties.PropertyMappingContextCustomizer@0, org.springframework.boot.test.autoconfigure.web.servlet.WebDriverContextCustomizerFactory$Customizer@3db663d0, org.springframework.boot.test.context.filter.ExcludeFilterContextCustomizer@47fbc56, org.springframework.boot.test.json.DuplicateJsonObjectContextCustomizerFactory$DuplicateJsonObjectContextCustomizer@3f628ce9, org.springframework.boot.test.mock.mockito.MockitoContextCustomizer@0, org.springframework.boot.test.web.client.TestRestTemplateContextCustomizer@b0fc838, org.springframework.boot.test.context.SpringBootTestArgs@1, org.springframework.boot.test.context.SpringBootTestWebEnvironment@751d3241], resourceBasePath = 'src/main/webapp', contextLoader = 'org.springframework.boot.test.context.SpringBootContextLoader', parent = [null]], attributes = map['org.springframework.test.context.web.ServletTestExecutionListener.activateListener' -> true, 'org.springframework.test.context.web.ServletTestExecutionListener.populatedRequestContextHolder' -> true, 'org.springframework.test.context.web.ServletTestExecutionListener.resetRequestContextHolder' -> true, 'org.springframework.test.context.event.ApplicationEventsTestExecutionListener.recordApplicationEvents' -> false]]
2025-05-05 20:40:42.351  INFO 92277 --- [Test worker] o.s.t.c.transaction.TransactionContext   : Began transaction (1) for test context [DefaultTestContext@74c99b88 testClass = UserServiceTest, testInstance = com.app.lifetimefinancialplanner.service.UserServiceTest@5f4f34f0, testMethod = testRegisterAndFindUser@UserServiceTest, testException = [null], mergedContextConfiguration = [WebMergedContextConfiguration@5c7b48c2 testClass = UserServiceTest, locations = '{}', classes = '{class com.app.lifetimefinancialplanner.LifetimeFinancialPlannerApplication}', contextInitializerClasses = '[]', activeProfiles = '{}', propertySourceLocations = '{}', propertySourceProperties = '{org.springframework.boot.test.context.SpringBootTestContextBootstrapper=true}', contextCustomizers = set[org.springframework.boot.test.autoconfigure.actuate.metrics.MetricsExportContextCustomizerFactory$DisableMetricExportContextCustomizer@129fed45, org.springframework.boot.test.autoconfigure.properties.PropertyMappingContextCustomizer@0, org.springframework.boot.test.autoconfigure.web.servlet.WebDriverContextCustomizerFactory$Customizer@3db663d0, org.springframework.boot.test.context.filter.ExcludeFilterContextCustomizer@47fbc56, org.springframework.boot.test.json.DuplicateJsonObjectContextCustomizerFactory$DuplicateJsonObjectContextCustomizer@3f628ce9, org.springframework.boot.test.mock.mockito.MockitoContextCustomizer@0, org.springframework.boot.test.web.client.TestRestTemplateContextCustomizer@b0fc838, org.springframework.boot.test.context.SpringBootTestArgs@1, org.springframework.boot.test.context.SpringBootTestWebEnvironment@751d3241], resourceBasePath = 'src/main/webapp', contextLoader = 'org.springframework.boot.test.context.SpringBootContextLoader', parent = [null]], attributes = map['org.springframework.test.context.web.ServletTestExecutionListener.activateListener' -> true, 'org.springframework.test.context.web.ServletTestExecutionListener.populatedRequestContextHolder' -> true, 'org.springframework.test.context.web.ServletTestExecutionListener.resetRequestContextHolder' -> true, 'org.springframework.test.context.event.ApplicationEventsTestExecutionListener.recordApplicationEvents' -> false]]; transaction manager [org.springframework.orm.jpa.JpaTransactionManager@122e623a]; rollback [true]
2025-05-05 20:40:42.381  INFO 92277 --- [Test worker] o.s.t.c.transaction.TransactionContext   : Rolled back transaction for test: [DefaultTestContext@74c99b88 testClass = UserServiceTest, testInstance = com.app.lifetimefinancialplanner.service.UserServiceTest@5f4f34f0, testMethod = testRegisterAndFindUser@UserServiceTest, testException = [null], mergedContextConfiguration = [WebMergedContextConfiguration@5c7b48c2 testClass = UserServiceTest, locations = '{}', classes = '{class com.app.lifetimefinancialplanner.LifetimeFinancialPlannerApplication}', contextInitializerClasses = '[]', activeProfiles = '{}', propertySourceLocations = '{}', propertySourceProperties = '{org.springframework.boot.test.context.SpringBootTestContextBootstrapper=true}', contextCustomizers = set[org.springframework.boot.test.autoconfigure.actuate.metrics.MetricsExportContextCustomizerFactory$DisableMetricExportContextCustomizer@129fed45, org.springframework.boot.test.autoconfigure.properties.PropertyMappingContextCustomizer@0, org.springframework.boot.test.autoconfigure.web.servlet.WebDriverContextCustomizerFactory$Customizer@3db663d0, org.springframework.boot.test.context.filter.ExcludeFilterContextCustomizer@47fbc56, org.springframework.boot.test.json.DuplicateJsonObjectContextCustomizerFactory$DuplicateJsonObjectContextCustomizer@3f628ce9, org.springframework.boot.test.mock.mockito.MockitoContextCustomizer@0, org.springframework.boot.test.web.client.TestRestTemplateContextCustomizer@b0fc838, org.springframework.boot.test.context.SpringBootTestArgs@1, org.springframework.boot.test.context.SpringBootTestWebEnvironment@751d3241], resourceBasePath = 'src/main/webapp', contextLoader = 'org.springframework.boot.test.context.SpringBootContextLoader', parent = [null]], attributes = map['org.springframework.test.context.web.ServletTestExecutionListener.activateListener' -> true, 'org.springframework.test.context.web.ServletTestExecutionListener.populatedRequestContextHolder' -> true, 'org.springframework.test.context.web.ServletTestExecutionListener.resetRequestContextHolder' -> true, 'org.springframework.test.context.event.ApplicationEventsTestExecutionListener.recordApplicationEvents' -> false]]
2025-05-05 20:40:42.391  INFO 92277 --- [SpringApplicationShutdownHook] j.LocalContainerEntityManagerFactoryBean : Closing JPA EntityManagerFactory for persistence unit 'default'
2025-05-05 20:40:42.392  INFO 92277 --- [SpringApplicationShutdownHook] com.zaxxer.hikari.HikariDataSource       : HikariPool-1 - Shutdown initiated...
2025-05-05 20:40:42.474  INFO 92277 --- [SpringApplicationShutdownHook] com.zaxxer.hikari.HikariDataSource       : HikariPool-1 - Shutdown completed.
2025-05-05 20:40:42.476  INFO 92277 --- [SpringApplicationShutdownHook] j.LocalContainerEntityManagerFactoryBean : Closing JPA EntityManagerFactory for persistence unit 'default'
2025-05-05 20:40:42.476  INFO 92277 --- [SpringApplicationShutdownHook] com.zaxxer.hikari.HikariDataSource       : HikariPool-2 - Shutdown initiated...
2025-05-05 20:40:42.607  INFO 92277 --- [SpringApplicationShutdownHook] com.zaxxer.hikari.HikariDataSource       : HikariPool-2 - Shutdown completed.
